Modulus (Segment 0.001 mm/mm - 0.008 mm/mm) : Modulus (Segment 0.001 mm/mm - 0.008 mm/mm),"5,932.16892",MPa
Poisson's ratio (Least squares fit) : Poisson's ratio (Least squares fit),"0.09719"
Specimen properties : Gauge length,"15.49000",mm
Specimen properties : Gauge length transverse,"4.95200",mm
Specimen properties : Thickness,"4.79000",mm
Specimen properties : Width,"15.09000",mm

Time,Extension,Load,Video axial strain,Video transverse strain,Calculated Stress
(s),(mm),(N),(mm/mm),(mm/mm),(MPa)
"0.00000","0.03692","20.74463","0.00000","0.00007","0.28700"
"0.10000","0.03774","20.72196","0.00001","-0.00012","0.28669"
"0.20000","0.04185","29.21696","0.00002","0.00003","0.40421"
"0.30000","0.04656","42.49194","0.00003","-0.00001","0.58787"
"0.40000","0.05030","52.65958","0.00005","-0.00006","0.72854"
"0.50000","0.05344","61.30072","0.00008","-0.00003","0.84809"
"0.60000","0.05687","69.89820","0.00008","-0.00001","0.96703"
"0.70000","0.06024","79.15900","0.00008","-0.00005","1.09516"
"0.80000","0.06353","87.35965","0.00006","0.00008","1.20861"
"0.90000","0.06696","96.63387","0.00011","0.00026","1.33692"
"1.00000","0.07033","105.05038","0.00011","0.00027","1.45336"
"1.10000","0.07362","113.69759","0.00017","0.00032","1.57299"
"1.20000","0.07683","121.88369","0.00019","0.00018","1.68625"
"1.30000","0.08027","130.69225","0.00018","-0.00007","1.80811"
"1.40000","0.08363","139.53976","0.00020","-0.00018","1.93052"
"1.50000","0.08684","147.85623","0.00021","-0.00020","2.04557"
"1.60000","0.09036","156.20357","0.00021","-0.00024","2.16106"
"1.70000","0.09372","165.96388","0.00026","-0.00015","2.29609"
"1.80000","0.09686","173.87692","0.00026","-0.00018","2.40557"
"1.90000","0.10030","182.74174","0.00030","-0.00026","2.52821"
"2.00000","0.10359","191.26086","0.00028","-0.00028","2.64607"
"2.10000","0.10687","198.81644","0.00034","-0.00036","2.75060"
"2.20000","0.11024","207.50252","0.00035","-0.00034","2.87077"
"2.30000","0.11367","216.71150","0.00036","-0.00028","2.99818"
"2.40000","0.11696","224.96712","0.00039","-0.00016","3.11239"
"2.50000","0.12025","233.18391","0.00039","-0.00025","3.22607"
"2.60000","0.12361","241.74417","0.00042","-0.00024","3.34450"
"2.70000","0.12690","250.85623","0.00045","-0.00030","3.47056"
"2.80000","0.13012","258.79684","0.00045","-0.00027","3.58042"
"2.90000","0.13363","267.51285","0.00047","-0.00032","3.70101"
"3.00000","0.13699","276.26270","0.00047","-0.00025","3.82206"
"3.10000","0.14021","284.00873","0.00051","-0.00024","3.92923"
"3.20000","0.14364","292.69846","0.00050","-0.00016","4.04945"
"3.30000","0.14701","300.60840","0.00054","0.00012","4.15888"
"3.40000","0.15022","309.65997","0.00054","0.00008","4.28411"
"3.50000","0.15358","318.32782","0.00056","0.00002","4.40403"
"3.60000","0.15702","326.61429","0.00058","0.00010","4.51867"
"3.70000","0.16024","334.90768","0.00056","0.00010","4.63341"
"3.80000","0.16360","343.52414","0.00060","0.00012","4.75261"
"3.90000","0.16711","351.63135","0.00060","0.00024","4.86478"
"4.00000","0.17025","360.32849","0.00063","0.00014","4.98510"
"4.10000","0.17354","368.37280","0.00062","0.00029","5.09639"
"4.20000","0.17690","376.63254","0.00065","0.00046","5.21066"
"4.30000","0.18034","384.77740","0.00064","0.00041","5.32335"
"4.40000","0.18355","393.52426","0.00068","0.00034","5.44436"
"4.50000","0.18699","402.21582","0.00071","0.00030","5.56461"
"4.60000","0.19043","410.83102","0.00070","0.00020","5.68380"
"4.70000","0.19349","418.71085","0.00070","0.00002","5.79281"
"4.80000","0.19686","426.57581","0.00075","-0.00004","5.90162"
"4.90000","0.20029","435.24689","0.00076","-0.00006","6.02159"
"5.00000","0.20351","443.45660","0.00079","-0.00012","6.13517"
"5.10000","0.20687","451.28586","0.00079","-0.00016","6.24348"
"5.20000","0.21038","459.75153","0.00080","-0.00023","6.36060"
"5.30000","0.21360","468.47708","0.00082","-0.00024","6.48132"
"5.40000","0.21696","477.03461","0.00086","-0.00021","6.59971"
"5.50000","0.22032","484.96393","0.00086","-0.00020","6.70942"
"5.60000","0.22361","492.62335","0.00087","-0.00034","6.81538"
"5.70000","0.22683","500.67996","0.00089","-0.00027","6.92684"
"5.80000","0.23026","509.98563","0.00092","-0.00031","7.05559"
"5.90000","0.23370","518.05969","0.00093","-0.00017","7.16729"
"6.00000","0.23684","525.60022","0.00094","-0.00017","7.27161"
"6.10000","0.24035","534.75525","0.00097","-0.00014","7.39827"
"6.20000","0.24372","543.15875","0.00100","-0.00008","7.51453"
"6.30000","0.24678","550.86823","0.00102","-0.00014","7.62119"
"6.40000","0.25029","557.47717","0.00101","-0.00015","7.71263"
"6.50000","0.25366","566.96722","0.00101","0.00023","7.84392"
"6.60000","0.25687","574.90198","0.00105","0.00014","7.95370"
"6.70000","0.26031","582.48456","0.00106","0.00015","8.05860"
"6.80000","0.26367","591.05066","0.00106","0.00012","8.17711"
"6.90000","0.26696","599.88708","0.00107","0.00020","8.29936"
"7.00000","0.27017","607.00659","0.00108","0.00031","8.39786"
"7.10000","0.27354","615.07281","0.00108","0.00037","8.50946"
"7.20000","0.27697","623.60938","0.00111","0.00047","8.62756"
"7.30000","0.28019","631.12744","0.00113","0.00049","8.73157"
"7.40000","0.28363","638.72058","0.00112","0.00050","8.83662"
"7.50000","0.28706","647.79291","0.00115","0.00046","8.96213"
"7.60000","0.29013","655.66168","0.00117","0.00044","9.07100"
"7.70000","0.29364","663.53418","0.00118","0.00028","9.17991"
"7.80000","0.29693","671.25763","0.00121","0.00010","9.28677"
"7.90000","0.30014","680.34723","0.00122","0.00007","9.41252"
"8.00000","0.30373","687.33167","0.00123","-0.00002","9.50915"
"8.10000","0.30702","696.50726","0.00125","0.00003","9.63609"
"8.20000","0.31031","703.79327","0.00125","-0.00005","9.73689"
"8.30000","0.31360","710.53778","0.00128","0.00002","9.83020"
"8.40000","0.31688","719.97668","0.00131","-0.00006","9.96079"
"8.50000","0.32025","728.49860","0.00132","-0.00017","10.07869"
"8.60000","0.32346","736.09326","0.00131","-0.00015","10.18376"
"8.70000","0.32697","743.66101","0.00132","-0.00011","10.28846"
"8.80000","0.33041","751.98303","0.00135","-0.00002","10.40359"
"8.90000","0.33355","758.94873","0.00138","-0.00008","10.49996"
"9.00000","0.33699","767.85822","0.00140","-0.00015","10.62322"
"9.10000","0.34028","775.51257","0.00142","-0.00009","10.72912"
"9.20000","0.34349","783.22052","0.00144","-0.00007","10.83576"
"9.30000","0.34693","790.98035","0.00147","-0.00004","10.94311"
"9.40000","0.35022","798.88330","0.00146","-0.00015","11.05245"
"9.50000","0.35358","807.71942","0.00151","-0.00005","11.17470"
"9.60000","0.35694","814.12939","0.00152","0.00002","11.26338"
"9.70000","0.36031","821.96313","0.00153","0.00038","11.37176"
"9.80000","0.36367","830.41650","0.00154","0.00039","11.48871"
"9.90000","0.36681","837.53400","0.00152","0.00040","11.58718"
"10.00000","0.37025","845.49219","0.00153","0.00031","11.69728"
"10.10000","0.37368","853.47443","0.00155","0.00036","11.80771"
"10.20000","0.37682","860.83832","0.00159","0.00041","11.90959"
"10.30000","0.38034","868.39618","0.00160","0.00044","12.01415"
"10.40000","0.38370","876.65179","0.00162","0.00060","12.12837"
"10.50000","0.38684","883.76312","0.00163","0.00068","12.22675"
"10.60000","0.39028","891.77142","0.00158","0.00064","12.33755"
"10.70000","0.39356","899.02289","0.00158","0.00053","12.43787"
"10.80000","0.39693","906.35278","0.00165","0.00052","12.53928"
"10.90000","0.40029","914.04358","0.00159","0.00028","12.64568"
"11.00000","0.40358","921.92395","0.00165","0.00023","12.75470"
"11.10000","0.40702","930.94128","0.00165","0.00017","12.87946"
"11.20000","0.41016","937.10925","0.00168","0.00019","12.96479"
"11.30000","0.41359","944.48804","0.00168","0.00019","13.06687"
"11.40000","0.41688","951.87708","0.00171","0.00009","13.16910"
"11.50000","0.42010","959.68201","0.00173","0.00013","13.27708"
"11.60000","0.42368","968.23090","0.00177","0.00001","13.39535"
"11.70000","0.42705","974.62482","0.00175","-0.00002","13.48381"
"11.80000","0.43019","981.85876","0.00178","0.00011","13.58389"
"11.90000","0.43362","989.54633","0.00179","0.00018","13.69025"
"12.00000","0.43691","997.55701","0.00183","0.00020","13.80108"
"12.10000","0.44013","1,004.71210","0.00183","0.00014","13.90007"
"12.20000","0.44349","1,012.84991","0.00185","0.00017","14.01265"
"12.30000","0.44693","1,019.89716","0.00188","0.00025","14.11015"
"12.40000","0.45036","1,027.63208","0.00189","0.00018","14.21716"
"12.50000","0.45358","1,036.01086","0.00193","0.00020","14.33308"
"12.60000","0.45709","1,043.01538","0.00192","0.00021","14.42999"
"12.70000","0.46030","1,049.85010","0.00197","0.00031","14.52454"
"12.80000","0.46344","1,056.49182","0.00196","0.00045","14.61643"
"12.90000","0.46696","1,064.42090","0.00198","0.00052","14.72613"
"13.00000","0.47039","1,071.62305","0.00199","0.00048","14.82577"
"13.10000","0.47361","1,079.59229","0.00199","0.00042","14.93602"
"13.20000","0.47697","1,086.88684","0.00201","0.00044","15.03694"
"13.30000","0.48041","1,094.60767","0.00203","0.00049","15.14376"
"13.40000","0.48355","1,101.40186","0.00205","0.00057","15.23776"
"13.50000","0.48684","1,108.71777","0.00205","0.00076","15.33897"
"13.60000","0.49027","1,116.53809","0.00206","0.00076","15.44717"
"13.70000","0.49356","1,123.29932","0.00201","0.00081","15.54071"
"13.80000","0.49685","1,130.57385","0.00205","0.00063","15.64135"
"13.90000","0.50036","1,138.12671","0.00202","0.00053","15.74584"
"14.00000","0.50358","1,145.36340","0.00199","0.00042","15.84596"
"14.10000","0.50687","1,151.79749","0.00200","0.00029","15.93497"
"14.20000","0.51030","1,159.50574","0.00205","0.00023","16.04162"
"14.30000","0.51359","1,166.52185","0.00206","0.00025","16.13868"
"14.40000","0.51688","1,174.08008","0.00209","0.00023","16.24325"
"14.50000","0.52032","1,180.78955","0.00215","0.00020","16.33608"
"14.60000","0.52376","1,188.13892","0.00212","0.00019","16.43775"
"14.70000","0.52690","1,194.45007","0.00216","0.00013","16.52507"
"14.80000","0.53026","1,202.22876","0.00217","0.00007","16.63268"
"14.90000","0.53370","1,209.43982","0.00220","0.00021","16.73245"
"15.00000","0.53684","1,216.07263","0.00222","0.00030","16.82421"
"15.10000","0.54020","1,222.28503","0.00226","0.00007","16.91016"
"15.20000","0.54371","1,229.89307","0.00226","0.00006","17.01542"
"15.30000","0.54692","1,236.99683","0.00232","0.00028","17.11370"
"15.40000","0.55029","1,243.13269","0.00236","0.00021","17.19859"
"15.50000","0.55365","1,249.71350","0.00235","0.00030","17.28963"
"15.60000","0.55694","1,256.85583","0.00239","0.00019","17.38844"
"15.70000","0.56015","1,263.77686","0.00239","0.00032","17.48420"
"15.80000","0.56359","1,270.32874","0.00242","0.00033","17.57484"
"15.90000","0.56703","1,277.53601","0.00243","0.00047","17.67455"
"16.00000","0.57024","1,284.49377","0.00244","0.00052","17.77081"
"16.10000","0.57368","1,290.56702","0.00245","0.00049","17.85483"
"16.20000","0.57704","1,298.33020","0.00247","0.00046","17.96224"
"16.30000","0.58011","1,305.57861","0.00246","0.00049","18.06252"
"16.40000","0.58355","1,310.88611","0.00246","0.00048","18.13595"
"16.50000","0.58698","1,318.46057","0.00246","0.00055","18.24074"
"16.60000","0.59020","1,326.32410","0.00244","0.00089","18.34953"
"16.70000","0.59356","1,332.28516","0.00245","0.00082","18.43200"
"16.80000","0.59700","1,339.19751","0.00246","0.00075","18.52763"
"16.90000","0.60029","1,345.53821","0.00247","0.00067","18.61535"
"17.00000","0.60358","1,352.14600","0.00246","0.00045","18.70677"
"17.10000","0.60686","1,360.17273","0.00244","0.00036","18.81782"
"17.20000","0.61030","1,366.34851","0.00248","0.00030","18.90326"
"17.30000","0.61344","1,372.83716","0.00249","0.00023","18.99303"
"17.40000","0.61695","1,379.64514","0.00249","0.00026","19.08722"
"17.50000","0.62039","1,387.11682","0.00251","0.00029","19.19059"
"17.60000","0.62353","1,393.28564","0.00253","0.00027","19.27593"
"17.70000","0.62689","1,399.00159","0.00258","0.00025","19.35501"
"17.80000","0.63026","1,406.35608","0.00262","0.00024","19.45676"
"17.90000","0.63347","1,412.86279","0.00262","0.00022","19.54678"
"18.00000","0.63691","1,420.29126","0.00267","0.00008","19.64955"
"18.10000","0.64027","1,426.49194","0.00268","0.00003","19.73534"
"18.20000","0.64363","1,432.96790","0.00277","0.00008","19.82493"
"18.30000","0.64692","1,439.71338","0.00281","0.00003","19.91825"
"18.40000","0.65021","1,446.41711","0.00282","0.00004","20.01100"
"18.50000","0.65365","1,453.63940","0.00281","0.00006","20.11092"
"18.60000","0.65679","1,459.31018","0.00284","0.00029","20.18937"
"18.70000","0.66023","1,467.03516","0.00289","0.00019","20.29625"
"18.80000","0.66374","1,473.60925","0.00287","0.00024","20.38720"
"18.90000","0.66680","1,479.79431","0.00290","0.00033","20.47277"
"19.00000","0.67039","1,486.52600","0.00293","0.00042","20.56590"
"19.10000","0.67368","1,492.85315","0.00283","0.00048","20.65344"
"19.20000","0.67689","1,499.49182","0.00285","0.00054","20.74528"
"19.30000","0.68026","1,505.60522","0.00290","0.00051","20.82986"
"19.40000","0.68354","1,513.12769","0.00287","0.00055","20.93393"
"19.50000","0.68698","1,518.83032","0.00287","0.00056","21.01283"
"19.60000","0.69027","1,525.21118","0.00290","0.00081","21.10111"
"19.70000","0.69363","1,532.18848","0.00291","0.00086","21.19764"
"19.80000","0.69700","1,540.22131","0.00293","0.00086","21.30877"
"19.90000","0.70014","1,544.92041","0.00296","0.00079","21.37378"
"20.00000","0.70357","1,551.88940","0.00296","0.00076","21.47020"
"20.10000","0.70701","1,559.28259","0.00296","0.00045","21.57248"
"20.20000","0.71008","1,565.10571","0.00301","0.00038","21.65304"
"20.30000","0.71374","1,571.92053","0.00301","0.00039","21.74732"
"20.40000","0.71703","1,578.30029","0.00303","0.00030","21.83559"
"20.50000","0.72024","1,584.35925","0.00304","0.00034","21.91941"
"20.60000","0.72360","1,591.33057","0.00305","0.00027","22.01586"
"20.70000","0.72689","1,597.40710","0.00308","0.00031","22.09993"
"20.80000","0.73018","1,604.25549","0.00307","0.00031","22.19468"
"20.90000","0.73354","1,610.30762","0.00310","0.00023","22.27840"
"21.00000","0.73698","1,616.99854","0.00314","0.00020","22.37097"
"21.10000","0.74042","1,624.52942","0.00315","0.00011","22.47516"
"21.20000","0.74356","1,630.01526","0.00322","0.00009","22.55106"
"21.30000","0.74692","1,636.16431","0.00323","0.00010","22.63613"
"21.40000","0.75036","1,643.22424","0.00327","0.00017","22.73380"
"21.50000","0.75342","1,648.72302","0.00324","0.00013","22.80988"
"21.60000","0.75701","1,655.87817","0.00327","0.00021","22.90887"
"21.70000","0.76037","1,662.02600","0.00324","0.00033","22.99392"
"21.80000","0.76359","1,668.42578","0.00328","0.00033","23.08246"
"21.90000","0.76695","1,676.08154","0.00328","0.00026","23.18838"
"22.00000","0.77039","1,682.01257","0.00325","0.00038","23.27043"
"22.10000","0.77353","1,688.28345","0.00333","0.00029","23.35719"
"22.20000","0.77682","1,695.05981","0.00331","0.00055","23.45094"
"22.30000","0.78025","1,701.54871","0.00333","0.00058","23.54071"
"22.40000","0.78362","1,707.69446","0.00335","0.00056","23.62574"
"22.50000","0.78683","1,713.64270","0.00334","0.00062","23.70803"
"22.60000","0.79034","1,720.91443","0.00337","0.00062","23.80864"
"22.70000","0.79363","1,727.27612","0.00341","0.00077","23.89665"
"22.80000","0.79684","1,732.60815","0.00341","0.00093","23.97042"
"22.90000","0.80028","1,739.57922","0.00344","0.00096","24.06686"
"23.00000","0.80365","1,745.68298","0.00343","0.00083","24.15131"
"23.10000","0.80686","1,752.13330","0.00343","0.00078","24.24055"
"23.20000","0.81030","1,758.50574","0.00346","0.00057","24.32871"
"23.30000","0.81374","1,764.87720","0.00350","0.00043","24.41686"
"23.40000","0.81687","1,771.40894","0.00350","0.00036","24.50722"
"23.50000","0.82024","1,777.12683","0.00353","0.00033","24.58633"
"23.60000","0.82360","1,783.03918","0.00353","0.00034","24.66813"
"23.70000","0.82689","1,790.22314","0.00354","0.00042","24.76751"
"23.80000","0.83025","1,795.42346","0.00358","0.00043","24.83946"
"23.90000","0.83369","1,802.20654","0.00358","0.00034","24.93330"
"24.00000","0.83698","1,808.65857","0.00359","0.00042","25.02257"
"24.10000","0.84019","1,814.21118","0.00360","0.00024","25.09939"
"24.20000","0.84363","1,821.61609","0.00361","0.00031","25.20183"
"24.30000","0.84692","1,827.51868","0.00364","0.00010","25.28349"
"24.40000","0.85013","1,833.16809","0.00365","0.00014","25.36165"
"24.50000","0.85357","1,839.66992","0.00368","0.00007","25.45160"
"24.60000","0.85708","1,845.98376","0.00364","0.00014","25.53896"
"24.70000","0.86022","1,852.47510","0.00369","0.00020","25.62876"
"24.80000","0.86358","1,858.28003","0.00371","0.00015","25.70907"
"24.90000","0.86695","1,865.28003","0.00370","0.00024","25.80592"
"25.00000","0.87016","1,871.83643","0.00374","0.00041","25.89662"
"25.10000","0.87352","1,876.30688","0.00374","0.00037","25.95847"
"25.20000","0.87696","1,883.57910","0.00378","0.00038","26.05908"
"25.30000","0.88025","1,890.34961","0.00377","0.00065","26.15275"
"25.40000","0.88361","1,896.79675","0.00381","0.00072","26.24195"
"25.50000","0.88698","1,903.02844","0.00382","0.00063","26.32816"
"25.60000","0.89034","1,909.55713","0.00386","0.00065","26.41848"
"25.70000","0.89355","1,915.01636","0.00387","0.00073","26.49401"
"25.80000","0.89692","1,921.21533","0.00389","0.00085","26.57977"
"25.90000","0.90036","1,927.58875","0.00391","0.00095","26.66795"
"26.00000","0.90357","1,933.03503","0.00393","0.00101","26.74330"
"26.10000","0.90701","1,940.06152","0.00396","0.00096","26.84051"
"26.20000","0.91037","1,945.89099","0.00396","0.00085","26.92116"
"26.30000","0.91351","1,951.98596","0.00399","0.00072","27.00548"
"26.40000","0.91687","1,957.94849","0.00398","0.00050","27.08797"
"26.50000","0.92031","1,964.56238","0.00402","0.00051","27.17948"
"26.60000","0.92360","1,970.95764","0.00401","0.00038","27.26795"
"26.70000","0.92696","1,976.88794","0.00405","0.00039","27.35000"
"26.80000","0.93032","1,983.55115","0.00404","0.00045","27.44218"
"26.90000","0.93369","1,989.97742","0.00407","0.00049","27.53109"
"27.00000","0.93690","1,995.96326","0.00406","0.00042","27.61390"
"27.10000","0.94019","2,001.40198","0.00409","0.00043","27.68915"
"27.20000","0.94363","2,007.81970","0.00410","0.00044","27.77794"
"27.30000","0.94677","2,014.17822","0.00411","0.00035","27.86590"
"27.40000","0.95028","2,019.81848","0.00415","0.00008","27.94394"
"27.50000","0.95379","2,027.19495","0.00414","0.00011","28.04599"
"27.60000","0.95686","2,032.20898","0.00413","0.00017","28.11536"
"27.70000","0.96029","2,038.27502","0.00413","0.00024","28.19928"
"27.80000","0.96366","2,044.90417","0.00418","0.00018","28.29099"
"27.90000","0.96687","2,051.09546","0.00419","0.00020","28.37665"
"28.00000","0.97023","2,057.05469","0.00418","0.00021","28.45910"
"28.10000","0.97360","2,062.68164","0.00420","0.00023","28.53694"
"28.20000","0.97704","2,069.23218","0.00424","0.00039","28.62757"
"28.30000","0.98025","2,075.14624","0.00427","0.00032","28.70939"
"28.40000","0.98361","2,081.24048","0.00429","0.00030","28.79370"
"28.50000","0.98705","2,088.35742","0.00432","0.00067","28.89216"
"28.60000","0.99011","2,093.71362","0.00431","0.00072","28.96627"
"28.70000","0.99355","2,099.71924","0.00431","0.00071","29.04935"
"28.80000","0.99706","2,106.27979","0.00435","0.00078","29.14012"
"28.90000","1.00013","2,111.46533","0.00437","0.00078","29.21186"
"29.00000","1.00372","2,118.73535","0.00442","0.00093","29.31244"
"29.10000","1.00700","2,123.94165","0.00443","0.00112","29.38447"
"29.20000","1.01022","2,130.10767","0.00441","0.00108","29.46977"
"29.30000","1.01358","2,136.24707","0.00445","0.00086","29.55471"
"29.40000","1.01687","2,142.14307","0.00447","0.00067","29.63628"
"29.50000","1.02031","2,148.62915","0.00447","0.00058","29.72602"
"29.60000","1.02352","2,154.52271","0.00449","0.00058","29.80755"
"29.70000","1.02696","2,160.87378","0.00452","0.00057","29.89542"
"29.80000","1.03040","2,167.17236","0.00451","0.00047","29.98256"
"29.90000","1.03346","2,172.77466","0.00454","0.00046","30.06007"
"30.00000","1.03690","2,179.65088","0.00457","0.00052","30.15520"
"30.10000","1.04034","2,184.75806","0.00457","0.00059","30.22585"
"30.20000","1.04348","2,191.57056","0.00459","0.00062","30.32010"
"30.30000","1.04706","2,197.69946","0.00462","0.00039","30.40490"
"30.40000","1.05035","2,203.27441","0.00459","0.00036","30.48203"
"30.50000","1.05357","2,209.94922","0.00459","0.00025","30.57437"
"30.60000","1.05693","2,215.77588","0.00462","0.00020","30.65498"
"30.70000","1.06022","2,221.52832","0.00465","0.00013","30.73457"
"30.80000","1.06351","2,227.84521","0.00465","0.00024","30.82196"
"30.90000","1.06679","2,233.70337","0.00467","0.00018","30.90301"
"31.00000","1.07031","2,240.33643","0.00467","0.00019","30.99478"
"31.10000","1.07367","2,246.29370","0.00469","0.00016","31.07719"
"31.20000","1.07681","2,251.31836","0.00471","0.00023","31.14671"
"31.30000","1.08032","2,258.68384","0.00472","0.00035","31.24861"
"31.40000","1.08361","2,264.57129","0.00472","0.00033","31.33006"
"31.50000","1.08682","2,269.09155","0.00476","0.00061","31.39260"
"31.60000","1.09026","2,275.92871","0.00477","0.00065","31.48719"
"31.70000","1.09370","2,282.76001","0.00481","0.00073","31.58170"
"31.80000","1.09691","2,288.06689","0.00480","0.00082","31.65512"
"31.90000","1.10035","2,294.39453","0.00481","0.00083","31.74266"
"32.00000","1.10371","2,299.31885","0.00485","0.00082","31.81079"
"32.10000","1.10685","2,306.45239","0.00488","0.00092","31.90948"
"32.20000","1.11022","2,312.11816","0.00487","0.00121","31.98787"
"32.30000","1.11365","2,318.67676","0.00492","0.00101","32.07860"
"32.40000","1.11694","2,324.54980","0.00492","0.00091","32.15985"
"32.50000","1.12016","2,329.71021","0.00496","0.00088","32.23125"
"32.60000","1.12374","2,336.62280","0.00494","0.00063","32.32689"
"32.70000","1.12696","2,342.32593","0.00499","0.00057","32.40579"
"32.80000","1.13010","2,347.42456","0.00500","0.00059","32.47633"
"32.90000","1.13361","2,354.22925","0.00501","0.00053","32.57047"
"33.00000","1.13690","2,360.19287","0.00502","0.00057","32.65297"
"33.10000","1.14019","2,366.66577","0.00504","0.00054","32.74253"
"33.20000","1.14362","2,372.95288","0.00507","0.00062","32.82951"
"33.30000","1.14706","2,379.10596","0.00508","0.00053","32.91463"
"33.40000","1.15020","2,384.33594","0.00506","0.00047","32.98699"
"33.50000","1.15356","2,390.54565","0.00510","0.00041","33.07290"
"33.60000","1.15693","2,396.22339","0.00512","0.00031","33.15145"
"33.70000","1.16022","2,402.88013","0.00511","0.00029","33.24355"
"33.80000","1.16350","2,408.01685","0.00511","0.00019","33.31461"
"33.90000","1.16702","2,414.33057","0.00515","0.00025","33.40196"
"34.00000","1.17030","2,420.84595","0.00517","0.00022","33.49210"
"34.10000","1.17359","2,426.19312","0.00512","0.00017","33.56608"
"34.20000","1.17696","2,432.18140","0.00518","0.00031","33.64893"
"34.30000","1.18024","2,437.67480","0.00518","0.00023","33.72493"
"34.40000","1.18346","2,443.02759","0.00519","0.00032","33.79898"
"34.50000","1.18690","2,449.37061","0.00520","0.00043","33.88674"
"34.60000","1.19033","2,456.14600","0.00524","0.00080","33.98047"
"34.70000","1.19355","2,461.59814","0.00523","0.00077","34.05590"
"34.80000","1.19699","2,467.36865","0.00525","0.00085","34.13574"
"34.90000","1.20035","2,473.52319","0.00529","0.00081","34.22089"
"35.00000","1.20356","2,479.51196","0.00531","0.00083","34.30374"
"35.10000","1.20685","2,484.80249","0.00534","0.00089","34.37693"
"35.20000","1.21021","2,491.11597","0.00532","0.00098","34.46428"
"35.30000","1.21358","2,497.44971","0.00534","0.00117","34.55191"
"35.40000","1.21694","2,502.76440","0.00537","0.00113","34.62543"
"35.50000","1.22030","2,509.28540","0.00538","0.00099","34.71565"
"35.60000","1.22367","2,515.35474","0.00541","0.00077","34.79962"
"35.70000","1.22681","2,520.24487","0.00542","0.00073","34.86728"
"35.80000","1.23017","2,526.12451","0.00543","0.00066","34.94862"
"35.90000","1.23368","2,533.27686","0.00548","0.00067","35.04757"
"36.00000","1.23682","2,538.20435","0.00548","0.00065","35.11574"
"36.10000","1.24026","2,543.92334","0.00548","0.00072","35.19486"
"36.20000","1.24377","2,551.55103","0.00551","0.00071","35.30039"
"36.30000","1.24691","2,556.09277","0.00555","0.00047","35.36322"
"36.40000","1.25027","2,562.54639","0.00554","0.00044","35.45251"
"36.50000","1.25364","2,568.18750","0.00557","0.00049","35.53055"
"36.60000","1.25693","2,573.37842","0.00556","0.00036","35.60237"
"36.70000","1.26021","2,579.06445","0.00557","0.00043","35.68103"
"36.80000","1.26365","2,585.74829","0.00560","0.00036","35.77351"
"36.90000","1.26709","2,591.66528","0.00562","0.00026","35.85537"
"37.00000","1.27023","2,596.19141","0.00560","0.00027","35.91798"
"37.10000","1.27352","2,602.88306","0.00565","0.00024","36.01056"
"37.20000","1.27695","2,608.57788","0.00565","0.00025","36.08935"
"37.30000","1.28009","2,614.23853","0.00565","0.00033","36.16766"
"37.40000","1.28361","2,620.15869","0.00566","0.00024","36.24957"
"37.50000","1.28704","2,626.46460","0.00568","0.00028","36.33681"
"37.60000","1.29026","2,631.68750","0.00569","0.00027","36.40907"
"37.70000","1.29362","2,637.63550","0.00572","0.00072","36.49136"
"37.80000","1.29698","2,644.12256","0.00572","0.00081","36.58110"
"37.90000","1.30020","2,648.99365","0.00574","0.00087","36.64850"
"38.00000","1.30356","2,655.16699","0.00575","0.00089","36.73391"
"38.10000","1.30685","2,661.44189","0.00576","0.00093","36.82072"
"38.20000","1.31036","2,666.91406","0.00580","0.00091","36.89642"
"38.30000","1.31358","2,672.34497","0.00580","0.00097","36.97156"
"38.40000","1.31701","2,678.05225","0.00584","0.00114","37.05052"
"38.50000","1.32045","2,685.18896","0.00584","0.00124","37.14925"
"38.60000","1.32344","2,689.90454","0.00586","0.00098","37.21449"
"38.70000","1.32695","2,696.20728","0.00586","0.00082","37.30169"
"38.80000","1.33032","2,702.59131","0.00589","0.00077","37.39001"
"38.90000","1.33346","2,707.28491","0.00592","0.00068","37.45495"
"39.00000","1.33704","2,713.46631","0.00592","0.00068","37.54047"
"39.10000","1.34041","2,719.54858","0.00595","0.00078","37.62461"
"39.20000","1.34355","2,725.36011","0.00596","0.00068","37.70502"
"39.30000","1.34691","2,730.48950","0.00598","0.00069","37.77598"
"39.40000","1.35020","2,736.14355","0.00598","0.00067","37.85421"
"39.50000","1.35356","2,742.76489","0.00600","0.00047","37.94581"
"39.60000","1.35685","2,748.37451","0.00600","0.00056","38.02342"
"39.70000","1.36029","2,754.15527","0.00604","0.00042","38.10339"
"39.80000","1.36372","2,760.61450","0.00606","0.00054","38.19276"
"39.90000","1.36679","2,765.42651","0.00604","0.00049","38.25933"
"40.00000","1.37030","2,771.31714","0.00606","0.00025","38.34083"
"40.10000","1.37366","2,777.78345","0.00609","0.00026","38.43029"
"40.20000","1.37680","2,783.11938","0.00608","0.00026","38.50411"
"40.30000","1.38039","2,789.22021","0.00610","0.00025","38.58851"
"40.40000","1.38368","2,795.32446","0.00614","0.00034","38.67297"
"40.50000","1.38689","2,801.50073","0.00612","0.00038","38.75841"
"40.60000","1.39026","2,807.01147","0.00614","0.00035","38.83465"
"40.70000","1.39362","2,812.47412","0.00618","0.00041","38.91023"
"40.80000","1.39691","2,817.78345","0.00615","0.00101","38.98368"
"40.90000","1.40020","2,823.54468","0.00616","0.00087","39.06339"
"41.00000","1.40363","2,828.88818","0.00620","0.00096","39.13731"
"41.10000","1.40700","2,835.41724","0.00619","0.00098","39.22764"
"41.20000","1.41021","2,840.71240","0.00624","0.00097","39.30090"
"41.30000","1.41372","2,847.02881","0.00625","0.00103","39.38829"
"41.40000","1.41694","2,852.66235","0.00625","0.00111","39.46623"
"41.50000","1.42008","2,857.51855","0.00626","0.00142","39.53341"
"41.60000","1.42366","2,864.28491","0.00629","0.00132","39.62703"
"41.70000","1.42703","2,869.88672","0.00630","0.00100","39.70452"
"41.80000","1.43024","2,875.28345","0.00631","0.00081","39.77919"
"41.90000","1.43368","2,880.97290","0.00632","0.00077","39.85790"
"42.00000","1.43704","2,886.58936","0.00634","0.00079","39.93560"
"42.10000","1.44025","2,891.82153","0.00636","0.00080","40.00799"
"42.20000","1.44354","2,897.72681","0.00638","0.00067","40.08969"
"42.30000","1.44691","2,903.21753","0.00640","0.00079","40.16565"
"42.40000","1.45027","2,908.31860","0.00641","0.00087","40.23623"
"42.50000","1.45348","2,914.55933","0.00643","0.00071","40.32256"
"42.60000","1.45707","2,920.69287","0.00645","0.00063","40.40742"
"42.70000","1.46036","2,926.00928","0.00645","0.00057","40.48097"
"42.80000","1.46350","2,931.33276","0.00649","0.00061","40.55462"
"42.90000","1.46694","2,938.05322","0.00648","0.00058","40.64760"
"43.00000","1.47030","2,943.21875","0.00649","0.00044","40.71906"
"43.10000","1.47351","2,949.02075","0.00653","0.00051","40.79934"
"43.20000","1.47695","2,954.30005","0.00654","0.00043","40.87237"
"43.30000","1.48031","2,959.72900","0.00655","0.00040","40.94748"
"43.40000","1.48360","2,965.34351","0.00656","0.00033","41.02516"
"43.50000","1.48689","2,970.95337","0.00658","0.00037","41.10277"
"43.60000","1.49025","2,976.75928","0.00660","0.00054","41.18309"
"43.70000","1.49354","2,982.52026","0.00658","0.00045","41.26279"
"43.80000","1.49683","2,987.61035","0.00659","0.00044","41.33322"
"43.90000","1.50034","2,994.02539","0.00662","0.00108","41.42197"
"44.00000","1.50363","2,999.34351","0.00662","0.00110","41.49554"
"44.10000","1.50692","3,005.30493","0.00665","0.00109","41.57802"
"44.20000","1.51028","3,010.28052","0.00664","0.00118","41.64685"
"44.30000","1.51357","3,016.79932","0.00668","0.00120","41.73704"
"44.40000","1.51679","3,021.26343","0.00664","0.00122","41.79880"
"44.50000","1.52022","3,027.80054","0.00671","0.00134","41.88924"
"44.60000","1.52366","3,032.41748","0.00672","0.00150","41.95312"
"44.70000","1.52687","3,038.37524","0.00675","0.00135","42.03554"
"44.80000","1.53031","3,043.65552","0.00675","0.00116","42.10859"
"44.90000","1.53375","3,049.54272","0.00677","0.00096","42.19004"
"45.00000","1.53689","3,054.65356","0.00680","0.00092","42.26075"
"45.10000","1.54018","3,059.94214","0.00678","0.00088","42.33392"
"45.20000","1.54362","3,066.12695","0.00684","0.00091","42.41948"
"45.30000","1.54698","3,072.00220","0.00682","0.00086","42.50077"
"45.40000","1.55034","3,076.97412","0.00684","0.00087","42.56955"
"45.50000","1.55363","3,082.76807","0.00688","0.00093","42.64971"
"45.60000","1.55707","3,088.13184","0.00686","0.00080","42.72392"
"45.70000","1.56021","3,093.33032","0.00689","0.00081","42.79584"
"45.80000","1.56350","3,099.25757","0.00690","0.00072","42.87784"
"45.90000","1.56701","3,104.09766","0.00693","0.00072","42.94481"
"46.00000","1.57015","3,110.07080","0.00693","0.00064","43.02744"
"46.10000","1.57359","3,115.42969","0.00695","0.00058","43.10158"
"46.20000","1.57710","3,120.82666","0.00698","0.00055","43.17625"
"46.30000","1.58024","3,127.13574","0.00699","0.00051","43.26353"
"46.40000","1.58353","3,131.40161","0.00700","0.00038","43.32255"
"46.50000","1.58696","3,137.69702","0.00703","0.00066","43.40965"
"46.60000","1.59025","3,143.43433","0.00703","0.00068","43.48902"
"46.70000","1.59354","3,147.58618","0.00706","0.00070","43.54646"
"46.80000","1.59698","3,153.23877","0.00704","0.00069","43.62466"
"46.90000","1.60042","3,159.71338","0.00707","0.00121","43.71424"
"47.00000","1.60355","3,165.25732","0.00708","0.00110","43.79094"
"47.10000","1.60692","3,169.81299","0.00708","0.00118","43.85397"
"47.20000","1.61043","3,176.23096","0.00709","0.00112","43.94276"
"47.30000","1.61342","3,179.97217","0.00709","0.00124","43.99452"
"47.40000","1.61701","3,186.28174","0.00711","0.00129","44.08181"
"47.50000","1.62045","3,192.23340","0.00714","0.00138","44.16415"
"47.60000","1.62351","3,196.46045","0.00714","0.00139","44.22263"
"47.70000","1.62695","3,202.41406","0.00711","0.00152","44.30500"
"47.80000","1.63031","3,207.81323","0.00711","0.00130","44.37970"
"47.90000","1.63360","3,213.27588","0.00714","0.00114","44.45527"
"48.00000","1.63689","3,217.76318","0.00718","0.00107","44.51735"
"48.10000","1.64025","3,223.94751","0.00721","0.00099","44.60291"
"48.20000","1.64369","3,229.14038","0.00718","0.00091","44.67476"
"48.30000","1.64690","3,234.58154","0.00726","0.00086","44.75003"
"48.40000","1.65027","3,239.79736","0.00720","0.00096","44.82219"
"48.50000","1.65370","3,245.45215","0.00726","0.00099","44.90042"
"48.60000","1.65677","3,249.78491","0.00731","0.00090","44.96037"
"48.70000","1.66028","3,255.68848","0.00734","0.00085","45.04205"
"48.80000","1.66372","3,261.69531","0.00735","0.00071","45.12515"
"48.90000","1.66686","3,266.44263","0.00738","0.00077","45.19083"
"49.00000","1.67037","3,272.10132","0.00736","0.00076","45.26911"
"49.10000","1.67366","3,277.72510","0.00736","0.00072","45.34692"
"49.20000","1.67687","3,282.44385","0.00742","0.00059","45.41220"
"49.30000","1.68023","3,287.41382","0.00743","0.00059","45.48096"
"49.40000","1.68360","3,293.50610","0.00744","0.00056","45.56525"
"49.50000","1.68689","3,298.53662","0.00745","0.00058","45.63484"
"49.60000","1.69017","3,303.57812","0.00746","0.00064","45.70459"
"49.70000","1.69369","3,309.56055","0.00749","0.00063","45.78736"
"49.80000","1.69705","3,315.54297","0.00750","0.00065","45.87012"
"49.90000","1.70019","3,319.54468","0.00750","0.00066","45.92549"
"50.00000","1.70363","3,324.71167","0.00752","0.00120","45.99697"
"50.10000","1.70699","3,330.54688","0.00753","0.00115","46.07770"
"50.20000","1.71005","3,335.45654","0.00754","0.00117","46.14563"
"50.30000","1.71372","3,341.26514","0.00757","0.00122","46.22599"
"50.40000","1.71701","3,346.33252","0.00757","0.00127","46.29609"
"50.50000","1.72022","3,351.60571","0.00752","0.00137","46.36905"
"50.60000","1.72366","3,356.17285","0.00757","0.00145","46.43223"
"50.70000","1.72695","3,362.20898","0.00758","0.00154","46.51574"
"50.80000","1.73023","3,367.00562","0.00758","0.00157","46.58210"
"50.90000","1.73352","3,371.84668","0.00759","0.00133","46.64908"
"51.00000","1.73696","3,377.98975","0.00762","0.00112","46.73407"
"51.10000","1.74032","3,383.22925","0.00759","0.00097","46.80655"
"51.20000","1.74346","3,387.57153","0.00761","0.00095","46.86663"
"51.30000","1.74697","3,392.76221","0.00767","0.00101","46.93844"
"51.40000","1.75034","3,398.18262","0.00764","0.00098","47.01343"
"51.50000","1.75348","3,403.12769","0.00768","0.00101","47.08185"
"51.60000","1.75699","3,408.56958","0.00770","0.00109","47.15714"
"51.70000","1.76035","3,413.88550","0.00773","0.00107","47.23068"
"51.80000","1.76357","3,418.56104","0.00781","0.00065","47.29536"
"51.90000","1.76700","3,424.07568","0.00779","0.00079","47.37166"
"52.00000","1.77037","3,428.93970","0.00781","0.00088","47.43895"
"52.10000","1.77358","3,434.38135","0.00783","0.00083","47.51424"
"52.20000","1.77687","3,439.08862","0.00784","0.00083","47.57936"
"52.30000","1.78023","3,445.23608","0.00787","0.00075","47.66441"
"52.40000","1.78360","3,450.77710","0.00788","0.00062","47.74107"
"52.50000","1.78681","3,454.34766","0.00788","0.00062","47.79047"
"52.60000","1.79032","3,460.45605","0.00791","0.00071","47.87498"
"52.70000","1.79369","3,465.72656","0.00798","0.00063","47.94790"
"52.80000","1.79682","3,470.00781","0.00797","0.00075","48.00713"
"52.90000","1.80019","3,475.56128","0.00797","0.00070","48.08396"
"53.00000","1.80355","3,479.62720","0.00799","0.00100","48.14021"
"53.10000","1.80684","3,485.41895","0.00798","0.00131","48.22034"
"53.20000","1.81028","3,491.31860","0.00801","0.00125","48.30196"
"53.30000","1.81371","3,495.62476","0.00797","0.00127","48.36153"
"53.40000","1.81700","3,501.57666","0.00806","0.00136","48.44387"
"53.50000","1.82029","3,505.98877","0.00803","0.00131","48.50492"
"53.60000","1.82365","3,511.32666","0.00806","0.00147","48.57877"
"53.70000","1.82687","3,516.03784","0.00802","0.00141","48.64394"
"53.80000","1.83016","3,520.94922","0.00803","0.00160","48.71189"
"53.90000","1.83367","3,526.32300","0.00806","0.00158","48.78624"
"54.00000","1.83696","3,531.42310","0.00811","0.00141","48.85680"
"54.10000","1.84025","3,536.07788","0.00808","0.00118","48.92120"
"54.20000","1.84368","3,542.00366","0.00809","0.00112","49.00318"
"54.30000","1.84705","3,546.47632","0.00805","0.00110","49.06506"
"54.40000","1.85019","3,551.51489","0.00810","0.00109","49.13477"
"54.50000","1.85355","3,557.04688","0.00811","0.00102","49.21130"
"54.60000","1.85699","3,561.78027","0.00815","0.00111","49.27679"
"54.70000","1.86020","3,567.42896","0.00818","0.00114","49.35493"
"54.80000","1.86356","3,571.76099","0.00817","0.00113","49.41487"
"54.90000","1.86700","3,577.05103","0.00819","0.00087","49.48806"
"55.00000","1.87022","3,581.77100","0.00828","0.00092","49.55336"
"55.10000","1.87350","3,586.11230","0.00827","0.00090","49.61341"
"55.20000","1.87694","3,592.11377","0.00828","0.00094","49.69645"
"55.30000","1.88031","3,596.09497","0.00831","0.00089","49.75153"
"55.40000","1.88352","3,601.34473","0.00832","0.00089","49.82415"
"55.50000","1.88696","3,607.60156","0.00841","0.00061","49.91072"
"55.60000","1.89040","3,612.56299","0.00837","0.00074","49.97936"
"55.70000","1.89353","3,616.73047","0.00841","0.00073","50.03701"
"55.80000","1.89690","3,621.28589","0.00841","0.00069","50.10004"
"55.90000","1.90034","3,627.52075","0.00841","0.00070","50.18630"
"56.00000","1.90347","3,632.44897","0.00842","0.00082","50.25448"
"56.10000","1.90699","3,636.77173","0.00845","0.00091","50.31428"
"56.20000","1.91042","3,641.94727","0.00849","0.00110","50.38589"
"56.30000","1.91356","3,646.69824","0.00847","0.00136","50.45161"
"56.40000","1.91693","3,651.67139","0.00849","0.00130","50.52042"
"56.50000","1.92029","3,656.03906","0.00853","0.00139","50.58084"
"56.60000","1.92358","3,661.48267","0.00851","0.00140","50.65615"
"56.70000","1.92679","3,665.48071","0.00858","0.00144","50.71147"
"56.80000","1.93030","3,670.82178","0.00853","0.00151","50.78536"
"56.90000","1.93374","3,676.45386","0.00855","0.00165","50.86328"
"57.00000","1.93688","3,680.84766","0.00854","0.00154","50.92407"
"57.10000","1.94017","3,685.46143","0.00853","0.00151","50.98790"
"57.20000","1.94361","3,690.76587","0.00853","0.00121","51.06129"
"57.30000","1.94675","3,695.21826","0.00859","0.00126","51.12288"
"57.40000","1.95026","3,700.24365","0.00865","0.00121","51.19241"
"57.50000","1.95370","3,705.12451","0.00863","0.00119","51.25993"
"57.60000","1.95684","3,709.92651","0.00865","0.00119","51.32637"
"57.70000","1.96027","3,714.98047","0.00863","0.00118","51.39629"
"57.80000","1.96364","3,719.47437","0.00861","0.00122","51.45847"
"57.90000","1.96693","3,724.85474","0.00867","0.00113","51.53290"
"58.00000","1.97021","3,728.91504","0.00865","0.00108","51.58907"
"58.10000","1.97358","3,733.80225","0.00869","0.00111","51.65669"
"58.20000","1.97702","3,739.63940","0.00875","0.00108","51.73745"
"58.30000","1.98023","3,743.76147","0.00875","0.00103","51.79447"
"58.40000","1.98367","3,748.33008","0.00875","0.00106","51.85768"
"58.50000","1.98703","3,753.36108","0.00879","0.00086","51.92728"
"58.60000","1.99009","3,757.71460","0.00880","0.00091","51.98751"
"58.70000","1.99361","3,762.86963","0.00884","0.00088","52.05883"
"58.80000","1.99704","3,767.72949","0.00887","0.00093","52.12607"
"58.90000","2.00011","3,771.80908","0.00890","0.00103","52.18251"
"59.00000","2.00370","3,776.67236","0.00889","0.00092","52.24979"
"59.10000","2.00706","3,781.79810","0.00890","0.00101","52.32071"
"59.20000","2.01027","3,786.86108","0.00895","0.00134","52.39075"
"59.30000","2.01356","3,790.69531","0.00894","0.00154","52.44380"
"59.40000","2.01685","3,795.95825","0.00896","0.00156","52.51661"
"59.50000","2.02029","3,800.22900","0.00897","0.00159","52.57570"
"59.60000","2.02350","3,805.17139","0.00897","0.00164","52.64407"
"59.70000","2.02694","3,810.24023","0.00895","0.00167","52.71420"
"59.80000","2.03038","3,814.69385","0.00901","0.00172","52.77581"
"59.90000","2.03352","3,819.22974","0.00901","0.00182","52.83857"
"60.00000","2.03695","3,824.43140","0.00903","0.00198","52.91053"
"60.10000","2.04032","3,828.57983","0.00906","0.00174","52.96793"
"60.20000","2.04346","3,833.71460","0.00904","0.00166","53.03896"
"60.30000","2.04697","3,838.43042","0.00906","0.00150","53.10421"
"60.40000","2.05033","3,842.58179","0.00909","0.00142","53.16164"
"60.50000","2.05362","3,847.98975","0.00909","0.00144","53.23646"
"60.60000","2.05706","3,852.77686","0.00905","0.00144","53.30269"
"60.70000","2.06027","3,857.47705","0.00909","0.00143","53.36771"
"60.80000","2.06364","3,861.86499","0.00913","0.00147","53.42842"
"60.90000","2.06685","3,866.46289","0.00910","0.00152","53.49203"
"61.00000","2.07029","3,870.75244","0.00920","0.00162","53.55138"
"61.10000","2.07365","3,876.35645","0.00916","0.00143","53.62891"
"61.20000","2.07679","3,880.08423","0.00916","0.00133","53.68048"
"61.30000","2.08038","3,885.60083","0.00923","0.00131","53.75680"
"61.40000","2.08366","3,890.91406","0.00925","0.00130","53.83031"
"61.50000","2.08680","3,894.36255","0.00923","0.00133","53.87802"
"61.60000","2.09024","3,898.67310","0.00928","0.00118","53.93766"
"61.70000","2.09353","3,904.35571","0.00929","0.00112","54.01627"
"61.80000","2.09682","3,909.09131","0.00934","0.00108","54.08179"
"61.90000","2.10026","3,913.08228","0.00933","0.00109","54.13700"
"62.00000","2.10369","3,917.84570","0.00937","0.00112","54.20291"
"62.10000","2.10698","3,922.32617","0.00936","0.00115","54.26489"
"62.20000","2.11020","3,926.38062","0.00938","0.00106","54.32099"
"62.30000","2.11356","3,931.64819","0.00940","0.00129","54.39386"
"62.40000","2.11692","3,936.85278","0.00943","0.00173","54.46587"
"62.50000","2.12014","3,940.66089","0.00944","0.00183","54.51855"
"62.60000","2.12372","3,946.04028","0.00948","0.00176","54.59298"
"62.70000","2.12701","3,950.62231","0.00950","0.00173","54.65637"
"62.80000","2.13023","3,954.39941","0.00952","0.00182","54.70862"
"62.90000","2.13366","3,959.59082","0.00952","0.00179","54.78045"
"63.00000","2.13695","3,964.20386","0.00951","0.00191","54.84426"
"63.10000","2.14017","3,968.64453","0.00952","0.00194","54.90570"
"63.20000","2.14353","3,973.06226","0.00952","0.00180","54.96682"
"63.30000","2.14704","3,978.51880","0.00952","0.00171","55.04231"
"63.40000","2.15025","3,982.23486","0.00957","0.00161","55.09372"
"63.50000","2.15362","3,986.53906","0.00959","0.00156","55.15327"
"63.60000","2.15698","3,991.10547","0.00952","0.00149","55.21645"
"63.70000","2.16020","3,996.14014","0.00956","0.00161","55.28610"
"63.80000","2.16348","3,999.97754","0.00962","0.00155","55.33919"
"63.90000","2.16700","4,005.37354","0.00959","0.00154","55.41384"
"64.00000","2.17036","4,010.07202","0.00963","0.00159","55.47885"
"64.10000","2.17357","4,014.11279","0.00964","0.00147","55.53475"
"64.20000","2.17701","4,018.95190","0.00968","0.00147","55.60170"
"64.30000","2.18030","4,022.91870","0.00971","0.00153","55.65658"
"64.40000","2.18351","4,027.69214","0.00973","0.00140","55.72262"
"64.50000","2.18688","4,030.95068","0.00974","0.00145","55.76770"
"64.60000","2.19039","4,037.03198","0.00977","0.00132","55.85183"
"64.70000","2.19353","4,041.52173","0.00977","0.00138","55.91395"
"64.80000","2.19697","4,045.05322","0.00978","0.00134","55.96281"
"64.90000","2.20040","4,050.56372","0.00982","0.00117","56.03904"
"65.00000","2.20354","4,055.16699","0.00981","0.00121","56.10273"
"65.10000","2.20683","4,058.77856","0.00982","0.00125","56.15269"
"65.20000","2.21027","4,064.02954","0.00987","0.00126","56.22534"
"65.30000","2.21363","4,068.33765","0.00991","0.00116","56.28494"
"65.40000","2.21685","4,072.36914","0.00992","0.00133","56.34072"
"65.50000","2.22028","4,077.79590","0.00992","0.00163","56.41580"
"65.60000","2.22380","4,082.74561","0.00995","0.00184","56.48428"
"65.70000","2.22686","4,086.59277","0.00993","0.00187","56.53750"
"65.80000","2.23022","4,090.33936","0.00997","0.00192","56.58934"
"65.90000","2.23366","4,095.73169","0.00997","0.00198","56.66394"
"66.00000","2.23680","4,099.16406","0.00995","0.00195","56.71142"
"66.10000","2.24024","4,104.57666","0.01001","0.00194","56.78630"
"66.20000","2.24375","4,108.60352","0.01002","0.00204","56.84202"
"66.30000","2.24689","4,113.11279","0.01000","0.00194","56.90440"
"66.40000","2.25033","4,117.73096","0.00999","0.00189","56.96829"
"66.50000","2.25362","4,122.16650","0.00998","0.00178","57.02966"
"66.60000","2.25690","4,126.63721","0.01002","0.00170","57.09151"
"66.70000","2.26019","4,130.09082","0.01006","0.00164","57.13929"
"66.80000","2.26363","4,135.37061","0.01011","0.00164","57.21234"
"66.90000","2.26707","4,140.11719","0.01013","0.00161","57.27800"
"67.00000","2.27021","4,143.89014","0.01013","0.00168","57.33020"
"67.10000","2.27365","4,148.23828","0.01017","0.00172","57.39036"
"67.20000","2.27708","4,153.06494","0.01013","0.00156","57.45713"
"67.30000","2.28015","4,157.24951","0.01015","0.00150","57.51503"
"67.40000","2.28359","4,161.35693","0.01021","0.00151","57.57185"
"67.50000","2.28702","4,166.92139","0.01021","0.00152","57.64884"
"67.60000","2.29016","4,171.01465","0.01022","0.00147","57.70547"
"67.70000","2.29368","4,175.06201","0.01027","0.00142","57.76146"
"67.80000","2.29704","4,179.92627","0.01029","0.00143","57.82876"
"67.90000","2.30025","4,183.82275","0.01030","0.00145","57.88267"
"68.00000","2.30347","4,187.86719","0.01028","0.00127","57.93862"
"68.10000","2.30683","4,192.26758","0.01032","0.00129","57.99950"
"68.20000","2.31027","4,197.50537","0.01034","0.00132","58.07196"
"68.30000","2.31348","4,200.64258","0.01038","0.00133","58.11536"
"68.40000","2.31699","4,205.12061","0.01037","0.00135","58.17732"
"68.50000","2.32043","4,210.68018","0.01038","0.00147","58.25423"
"68.60000","2.32342","4,214.26123","0.01043","0.00191","58.30378"
"68.70000","2.32693","4,218.91162","0.01042","0.00190","58.36811"
"68.80000","2.33030","4,222.99951","0.01041","0.00190","58.42467"
"68.90000","2.33351","4,226.63818","0.01044","0.00197","58.47501"
"69.00000","2.33702","4,231.70654","0.01043","0.00198","58.54513"
"69.10000","2.34031","4,236.25293","0.01047","0.00199","58.60803"
"69.20000","2.34360","4,240.38965","0.01044","0.00205","58.66526"
"69.30000","2.34696","4,244.81738","0.01046","0.00198","58.72652"
"69.40000","2.35025","4,249.27686","0.01053","0.00208","58.78822"
"69.50000","2.35361","4,254.07227","0.01045","0.00193","58.85456"
"69.60000","2.35683","4,257.78271","0.01049","0.00185","58.90589"
"69.70000","2.36027","4,262.01904","0.01048","0.00174","58.96450"
"69.80000","2.36370","4,266.57275","0.01057","0.00175","59.02750"
"69.90000","2.36684","4,270.98584","0.01062","0.00176","59.08855"
"70.00000","2.37028","4,275.45654","0.01060","0.00177","59.15041"
"70.10000","2.37364","4,279.85742","0.01060","0.00178","59.21129"
"70.20000","2.37678","4,282.74707","0.01060","0.00172","59.25127"
"70.30000","2.38030","4,288.57373","0.01064","0.00166","59.33188"
"70.40000","2.38358","4,292.30176","0.01069","0.00159","59.38346"
"70.50000","2.38695","4,296.30713","0.01071","0.00164","59.43887"
"70.60000","2.39024","4,300.46973","0.01072","0.00158","59.49646"
"70.70000","2.39360","4,305.83643","0.01074","0.00156","59.57071"
"70.80000","2.39696","4,310.10645","0.01078","0.00151","59.62978"
"70.90000","2.40010","4,313.36426","0.01078","0.00151","59.67486"
"71.00000","2.40361","4,318.17188","0.01077","0.00151","59.74137"
"71.10000","2.40698","4,322.94629","0.01077","0.00148","59.80742"
"71.20000","2.41019","4,326.66553","0.01080","0.00147","59.85888"
"71.30000","2.41370","4,331.18994","0.01082","0.00141","59.92147"
"71.40000","2.41707","4,335.75146","0.01082","0.00138","59.98458"
"71.50000","2.42013","4,339.53906","0.01083","0.00140","60.03698"
"71.60000","2.42357","4,344.36426","0.01084","0.00156","60.10374"
"71.70000","2.42693","4,348.55273","0.01086","0.00199","60.16169"
"71.80000","2.43022","4,352.74951","0.01089","0.00190","60.21975"
"71.90000","2.43358","4,357.18945","0.01085","0.00191","60.28117"
"72.00000","2.43702","4,362.12744","0.01084","0.00199","60.34949"
"72.10000","2.44031","4,366.14648","0.01086","0.00211","60.40509"
"72.20000","2.44352","4,369.82080","0.01086","0.00186","60.45592"
"72.30000","2.44689","4,374.22168","0.01091","0.00188","60.51681"
"72.40000","2.45025","4,378.85059","0.01092","0.00211","60.58085"
"72.50000","2.45346","4,382.32129","0.01093","0.00209","60.62887"
"72.60000","2.45698","4,387.10254","0.01097","0.00201","60.69501"
"72.70000","2.46034","4,391.98340","0.01099","0.00197","60.76254"
"72.80000","2.46355","4,396.04443","0.01101","0.00184","60.81873"
"72.90000","2.46699","4,400.13623","0.01099","0.00177","60.87534"
"73.00000","2.47028","4,404.33057","0.01105","0.00175","60.93336"
"73.10000","2.47349","4,408.67188","0.01106","0.00179","60.99342"
"73.20000","2.47693","4,412.71143","0.01109","0.00185","61.04931"
"73.30000","2.48037","4,416.81885","0.01114","0.00158","61.10614"
"73.40000","2.48366","4,421.78516","0.01116","0.00163","61.17485"
"73.50000","2.48694","4,425.58350","0.01116","0.00161","61.22739"
"73.60000","2.49038","4,430.69336","0.01120","0.00158","61.29809"
"73.70000","2.49360","4,434.17627","0.01119","0.00153","61.34628"
"73.80000","2.49681","4,437.43555","0.01120","0.00160","61.39137"
"73.90000","2.50032","4,443.24219","0.01121","0.00154","61.47170"
"74.00000","2.50369","4,448.40820","0.01125","0.00162","61.54317"
"74.10000","2.50690","4,451.49023","0.01123","0.00155","61.58581"
"74.20000","2.51034","4,455.90332","0.01125","0.00152","61.64687"
"74.30000","2.51370","4,459.89209","0.01128","0.00140","61.70205"
"74.40000","2.51684","4,463.95703","0.01128","0.00144","61.75829"
"74.50000","2.52020","4,467.65771","0.01128","0.00144","61.80949"
"74.60000","2.52364","4,473.39404","0.01130","0.00142","61.88885"
"74.70000","2.52685","4,476.91309","0.01131","0.00140","61.93753"
"74.80000","2.53029","4,481.27295","0.01130","0.00189","61.99785"
"74.90000","2.53373","4,484.93164","0.01135","0.00197","62.04847"
"75.00000","2.53694","4,489.29492","0.01138","0.00207","62.10883"
"75.10000","2.54023","4,492.83594","0.01137","0.00210","62.15783"
"75.20000","2.54360","4,497.78906","0.01130","0.00209","62.22635"
"75.30000","2.54688","4,501.91406","0.01135","0.00188","62.28342"
"75.40000","2.55017","4,505.70117","0.01136","0.00178","62.33582"
"75.50000","2.55361","4,509.90479","0.01134","0.00206","62.39397"
"75.60000","2.55705","4,514.67871","0.01138","0.00207","62.46002"
"75.70000","2.56019","4,518.23730","0.01142","0.00209","62.50925"
"75.80000","2.56362","4,522.81592","0.01149","0.00202","62.57259"
"75.90000","2.56699","4,527.39941","0.01152","0.00188","62.63601"
"76.00000","2.57013","4,530.36182","0.01151","0.00180","62.67699"
"76.10000","2.57364","4,534.54248","0.01151","0.00185","62.73483"
"76.20000","2.57708","4,539.03027","0.01158","0.00183","62.79692"
"76.30000","2.58022","4,543.78955","0.01160","0.00187","62.86276"
"76.40000","2.58365","4,544.37793","0.01158","0.00167","62.87090"
"76.50000","2.58694","4,548.29980","0.01161","0.00167","62.92516"
"76.60000","2.59023","4,551.95508","0.01159","0.00165","62.97573"
"76.70000","2.59352","4,555.94775","0.01162","0.00166","63.03097"
"76.80000","2.59688","4,560.27832","0.01163","0.00173","63.09088"
"76.90000","2.60032","4,563.88574","0.01165","0.00164","63.14079"
"77.00000","2.60353","4,568.33398","0.01167","0.00163","63.20233"
"77.10000","2.60697","4,573.10547","0.01166","0.00167","63.26834"
"77.20000","2.61041","4,576.86377","0.01166","0.00166","63.32034"
"77.30000","2.61340","4,580.10156","0.01168","0.00160","63.36514"
"77.40000","2.61691","4,584.52686","0.01169","0.00156","63.42636"
"77.50000","2.62035","4,589.40625","0.01172","0.00158","63.49386"
"77.60000","2.62356","4,593.09863","0.01172","0.00143","63.54494"
"77.70000","2.62700","4,597.85352","0.01173","0.00144","63.61073"
"77.80000","2.63029","4,601.42920","0.01172","0.00147","63.66020"
"77.90000","2.63358","4,605.18799","0.01174","0.00192","63.71220"
"78.00000","2.63687","4,609.19775","0.01175","0.00199","63.76768"
"78.10000","2.64016","4,613.45801","0.01175","0.00208","63.82661"
"78.13800","2.64158","4,202.14453","0.01171","0.00215","58.13615"
"78.14200","2.64180","3,765.78857","0.01171","0.00215","52.09922"
"78.14600","2.64195","3,259.03027","0.01171","0.00215","45.08828"
"78.14800","2.64210","2,995.12793","0.01171","0.00215","41.43722"
"78.15000","2.64217","2,730.96216","0.01171","0.00215","37.78252"
