Modulus (Segment 0.001 mm/mm - 0.008 mm/mm) : Modulus (Segment 0.001 mm/mm - 0.008 mm/mm),"6,721.43899",MPa
Poisson's ratio (Least squares fit) : Poisson's ratio (Least squares fit),"0.15928"
Specimen properties : Gauge length,"15.34000",mm
Specimen properties : Gauge length transverse,"5.07800",mm
Specimen properties : Thickness,"4.80000",mm
Specimen properties : Width,"15.13000",mm

Time,Extension,Load,Video axial strain,Video transverse strain,Calculated Stress
(s),(mm),(N),(mm/mm),(mm/mm),(MPa)
"0.00000","0.03954","20.31205","-0.00003","-0.00001","0.27969"
"0.10000","0.04043","20.15483","-0.00002","0.00005","0.27752"
"0.20000","0.04439","29.33261","0.00003","-0.00011","0.40390"
"0.30000","0.04918","43.68397","0.00004","-0.00022","0.60151"
"0.40000","0.05291","54.80182","0.00005","-0.00027","0.75460"
"0.50000","0.05613","63.46833","0.00011","-0.00032","0.87393"
"0.60000","0.05964","72.92651","0.00008","-0.00031","1.00417"
"0.70000","0.06300","82.81693","0.00013","-0.00017","1.14035"
"0.80000","0.06614","91.45127","0.00012","-0.00016","1.25924"
"0.90000","0.06958","100.40905","0.00011","-0.00005","1.38259"
"1.00000","0.07294","110.00584","0.00013","0.00000","1.51473"
"1.10000","0.07623","118.59607","0.00015","0.00000","1.63301"
"1.20000","0.07959","128.68410","0.00012","0.00002","1.77192"
"1.30000","0.08303","136.50894","0.00016","0.00004","1.87967"
"1.40000","0.08625","146.70593","0.00018","0.00001","2.02008"
"1.50000","0.08946","154.65028","0.00018","0.00008","2.12947"
"1.60000","0.09297","164.51901","0.00020","0.00025","2.26535"
"1.70000","0.09626","173.83388","0.00017","0.00041","2.39361"
"1.80000","0.09947","182.57384","0.00022","0.00041","2.51396"
"1.90000","0.10299","191.26872","0.00021","0.00039","2.63368"
"2.00000","0.10643","201.55220","0.00024","0.00037","2.77528"
"2.10000","0.10956","209.74695","0.00024","0.00038","2.88812"
"2.20000","0.11300","218.84288","0.00023","0.00036","3.01337"
"2.30000","0.11629","227.04308","0.00023","0.00035","3.12628"
"2.40000","0.11950","236.31084","0.00027","0.00026","3.25389"
"2.50000","0.12294","244.88957","0.00025","0.00027","3.37202"
"2.60000","0.12631","254.66159","0.00027","0.00023","3.50658"
"2.70000","0.12959","263.53040","0.00024","0.00018","3.62870"
"2.80000","0.13288","272.17197","0.00025","0.00027","3.74769"
"2.90000","0.13632","281.32568","0.00029","0.00020","3.87373"
"3.00000","0.13961","290.80679","0.00029","0.00016","4.00428"
"3.10000","0.14282","299.20349","0.00030","0.00025","4.11990"
"3.20000","0.14626","308.57727","0.00028","0.00014","4.24897"
"3.30000","0.14970","317.82498","0.00033","0.00009","4.37631"
"3.40000","0.15291","326.40036","0.00036","-0.00004","4.49439"
"3.50000","0.15635","335.38562","0.00038","-0.00005","4.61811"
"3.60000","0.15964","344.36438","0.00046","-0.00008","4.74174"
"3.70000","0.16285","353.64865","0.00044","-0.00010","4.86958"
"3.80000","0.16621","361.69968","0.00045","-0.00011","4.98044"
"3.90000","0.16965","371.09384","0.00048","-0.00016","5.10980"
"4.00000","0.17294","379.97021","0.00050","-0.00015","5.23202"
"4.10000","0.17623","387.58020","0.00053","0.00001","5.33681"
"4.20000","0.17974","397.30753","0.00050","0.00005","5.47075"
"4.30000","0.18296","406.56021","0.00055","0.00011","5.59815"
"4.40000","0.18617","414.42047","0.00059","0.00017","5.70638"
"4.50000","0.18961","423.68784","0.00066","0.00014","5.83399"
"4.60000","0.19297","432.51944","0.00064","0.00017","5.95560"
"4.70000","0.19618","441.21930","0.00067","0.00028","6.07539"
"4.80000","0.19962","450.33676","0.00068","0.00034","6.20094"
"4.90000","0.20306","459.69308","0.00061","0.00042","6.32977"
"5.00000","0.20620","467.66498","0.00065","0.00053","6.43954"
"5.10000","0.20956","476.88098","0.00070","0.00055","6.56644"
"5.20000","0.21300","485.44882","0.00071","0.00053","6.68441"
"5.30000","0.21614","493.91415","0.00068","0.00058","6.80098"
"5.40000","0.21958","503.15714","0.00067","0.00056","6.92825"
"5.50000","0.22301","512.39545","0.00063","0.00053","7.05546"
"5.60000","0.22630","521.35400","0.00068","0.00051","7.17881"
"5.70000","0.22959","529.32080","0.00070","0.00049","7.28851"
"5.80000","0.23295","538.01129","0.00072","0.00044","7.40817"
"5.90000","0.23624","546.65717","0.00072","0.00044","7.52722"
"6.00000","0.23946","555.12781","0.00072","0.00041","7.64386"
"6.10000","0.24297","564.14807","0.00072","0.00044","7.76807"
"6.20000","0.24641","572.98004","0.00075","0.00044","7.88968"
"6.30000","0.24955","581.61292","0.00074","0.00039","8.00855"
"6.40000","0.25298","589.80322","0.00079","0.00042","8.12133"
"6.50000","0.25642","599.04333","0.00082","0.00040","8.24856"
"6.60000","0.25949","606.55450","0.00074","0.00038","8.35198"
"6.70000","0.26292","615.43243","0.00082","0.00029","8.47423"
"6.80000","0.26636","624.16339","0.00081","0.00025","8.59445"
"6.90000","0.26958","632.68683","0.00091","0.00007","8.71181"
"7.00000","0.27294","641.00104","0.00088","0.00014","8.82630"
"7.10000","0.27630","650.72437","0.00094","0.00007","8.96018"
"7.20000","0.27959","659.42609","0.00094","0.00004","9.08000"
"7.30000","0.28280","666.52429","0.00096","0.00005","9.17774"
"7.40000","0.28624","675.56512","0.00092","0.00013","9.30223"
"7.50000","0.28968","683.50403","0.00097","0.00009","9.41154"
"7.60000","0.29282","690.95099","0.00099","0.00021","9.51409"
"7.70000","0.29626","699.93109","0.00099","0.00027","9.63774"
"7.80000","0.29969","709.98834","0.00103","0.00033","9.77622"
"7.90000","0.30283","717.01721","0.00098","0.00031","9.87301"
"8.00000","0.30627","725.09637","0.00100","0.00041","9.98425"
"8.10000","0.30963","734.81354","0.00102","0.00054","10.11805"
"8.20000","0.31285","742.24915","0.00104","0.00065","10.22044"
"8.30000","0.31629","751.12909","0.00102","0.00074","10.34271"
"8.40000","0.31965","759.55505","0.00104","0.00067","10.45873"
"8.50000","0.32294","768.14349","0.00101","0.00067","10.57699"
"8.60000","0.32623","775.08008","0.00111","0.00067","10.67251"
"8.70000","0.32959","784.91296","0.00108","0.00072","10.80790"
"8.80000","0.33295","792.99072","0.00113","0.00067","10.91913"
"8.90000","0.33617","801.78790","0.00111","0.00070","11.04026"
"9.00000","0.33960","809.94678","0.00109","0.00063","11.15261"
"9.10000","0.34304","817.98035","0.00115","0.00056","11.26322"
"9.20000","0.34618","825.78564","0.00115","0.00059","11.37070"
"9.30000","0.34962","834.68640","0.00116","0.00055","11.49326"
"9.40000","0.35298","843.45813","0.00115","0.00053","11.61404"
"9.50000","0.35612","851.26685","0.00118","0.00059","11.72156"
"9.60000","0.35963","859.79187","0.00121","0.00061","11.83895"
"9.70000","0.36292","868.11725","0.00124","0.00049","11.95359"
"9.80000","0.36629","876.71942","0.00122","0.00043","12.07203"
"9.90000","0.36957","884.68976","0.00126","0.00038","12.18178"
"10.00000","0.37294","892.74512","0.00134","0.00024","12.29270"
"10.10000","0.37637","901.52704","0.00137","0.00018","12.41362"
"10.20000","0.37944","908.92426","0.00130","0.00025","12.51548"
"10.30000","0.38295","917.15912","0.00133","0.00017","12.62887"
"10.40000","0.38639","925.75391","0.00133","0.00017","12.74722"
"10.50000","0.38953","932.92145","0.00138","0.00014","12.84591"
"10.60000","0.39304","941.31201","0.00138","0.00032","12.96145"
"10.70000","0.39640","949.63873","0.00141","0.00032","13.07610"
"10.80000","0.39954","957.99982","0.00142","0.00036","13.19123"
"10.90000","0.40298","965.29303","0.00144","0.00035","13.29165"
"11.00000","0.40627","973.38867","0.00150","0.00038","13.40313"
"11.10000","0.40963","982.78931","0.00148","0.00037","13.53257"
"11.20000","0.41292","989.83722","0.00151","0.00047","13.62962"
"11.30000","0.41628","997.18079","0.00146","0.00051","13.73073"
"11.40000","0.41972","1,007.16797","0.00145","0.00073","13.86825"
"11.50000","0.42286","1,014.11163","0.00150","0.00077","13.96386"
"11.60000","0.42622","1,022.49615","0.00154","0.00071","14.07932"
"11.70000","0.42959","1,030.25183","0.00158","0.00084","14.18611"
"11.80000","0.43273","1,038.00195","0.00162","0.00076","14.29282"
"11.90000","0.43631","1,047.14404","0.00162","0.00079","14.41870"
"12.00000","0.43968","1,054.30066","0.00164","0.00077","14.51725"
"12.10000","0.44289","1,062.62683","0.00165","0.00078","14.63190"
"12.20000","0.44633","1,070.73071","0.00164","0.00067","14.74348"
"12.30000","0.44954","1,078.91125","0.00170","0.00067","14.85613"
"12.40000","0.45283","1,086.80786","0.00164","0.00072","14.96486"
"12.50000","0.45619","1,094.40381","0.00165","0.00066","15.06945"
"12.60000","0.45963","1,102.94312","0.00174","0.00068","15.18703"
"12.70000","0.46307","1,111.77417","0.00175","0.00070","15.30863"
"12.80000","0.46621","1,118.94189","0.00169","0.00057","15.40733"
"12.90000","0.46965","1,127.50354","0.00174","0.00048","15.52522"
"13.00000","0.47294","1,134.35522","0.00177","0.00044","15.61956"
"13.10000","0.47607","1,141.52893","0.00177","0.00036","15.71834"
"13.20000","0.47966","1,150.48621","0.00180","0.00035","15.84168"
"13.30000","0.48302","1,159.13660","0.00180","0.00031","15.96079"
"13.40000","0.48624","1,165.71899","0.00183","0.00027","16.05143"
"13.50000","0.48968","1,173.95154","0.00184","0.00022","16.16479"
"13.60000","0.49311","1,182.58813","0.00187","0.00028","16.28371"
"13.70000","0.49625","1,189.28906","0.00186","0.00031","16.37598"
"13.80000","0.49954","1,196.61182","0.00188","0.00049","16.47681"
"13.90000","0.50298","1,204.58960","0.00192","0.00044","16.58666"
"14.00000","0.50627","1,212.01538","0.00192","0.00046","16.68891"
"14.10000","0.50956","1,219.14685","0.00194","0.00045","16.78711"
"14.20000","0.51307","1,228.09412","0.00195","0.00048","16.91031"
"14.30000","0.51628","1,235.11243","0.00198","0.00045","17.00695"
"14.40000","0.51950","1,241.52856","0.00197","0.00049","17.09529"
"14.50000","0.52293","1,250.78125","0.00199","0.00048","17.22270"
"14.60000","0.52630","1,257.96252","0.00203","0.00064","17.32158"
"14.70000","0.52951","1,265.01038","0.00204","0.00066","17.41863"
"14.80000","0.53295","1,273.37000","0.00204","0.00072","17.53374"
"14.90000","0.53639","1,280.62463","0.00206","0.00085","17.63363"
"15.00000","0.53960","1,288.58423","0.00213","0.00083","17.74323"
"15.10000","0.54296","1,295.34399","0.00215","0.00082","17.83631"
"15.20000","0.54633","1,302.88806","0.00210","0.00086","17.94019"
"15.30000","0.54954","1,310.27795","0.00212","0.00081","18.04194"
"15.40000","0.55290","1,317.15161","0.00213","0.00083","18.13659"
"15.50000","0.55634","1,325.62292","0.00213","0.00076","18.25323"
"15.60000","0.55963","1,334.23865","0.00215","0.00072","18.37187"
"15.70000","0.56292","1,339.93774","0.00216","0.00073","18.45034"
"15.80000","0.56628","1,349.20520","0.00219","0.00073","18.57795"
"15.90000","0.56964","1,355.99194","0.00219","0.00063","18.67140"
"16.00000","0.57278","1,362.49377","0.00223","0.00065","18.76093"
"16.10000","0.57622","1,371.32117","0.00219","0.00058","18.88248"
"16.20000","0.57973","1,379.13879","0.00226","0.00063","18.99012"
"16.30000","0.58287","1,385.79382","0.00219","0.00053","19.08176"
"16.40000","0.58631","1,393.59985","0.00224","0.00047","19.18925"
"16.50000","0.58967","1,400.93921","0.00230","0.00040","19.29031"
"16.60000","0.59281","1,407.69641","0.00223","0.00039","19.38335"
"16.70000","0.59618","1,414.26892","0.00227","0.00032","19.47385"
"16.80000","0.59961","1,422.06116","0.00224","0.00034","19.58115"
"16.90000","0.60290","1,430.02258","0.00223","0.00043","19.69077"
"17.00000","0.60627","1,436.68115","0.00222","0.00047","19.78246"
"17.10000","0.60963","1,444.09924","0.00229","0.00050","19.88460"
"17.20000","0.61299","1,452.41602","0.00225","0.00063","19.99912"
"17.30000","0.61621","1,458.36438","0.00236","0.00058","20.08103"
"17.40000","0.61957","1,466.32825","0.00236","0.00062","20.19068"
"17.50000","0.62301","1,473.18945","0.00240","0.00054","20.28516"
"17.60000","0.62615","1,480.17664","0.00239","0.00058","20.38137"
"17.70000","0.62966","1,487.12158","0.00244","0.00062","20.47700"
"17.80000","0.63310","1,495.00989","0.00248","0.00073","20.58562"
"17.90000","0.63616","1,503.10876","0.00250","0.00079","20.69714"
"18.00000","0.63960","1,508.54895","0.00249","0.00096","20.77205"
"18.10000","0.64296","1,516.21191","0.00254","0.00097","20.87756"
"18.20000","0.64618","1,523.86218","0.00254","0.00100","20.98290"
"18.30000","0.64961","1,530.63342","0.00258","0.00098","21.07614"
"18.40000","0.65290","1,537.91357","0.00264","0.00099","21.17638"
"18.50000","0.65634","1,545.02881","0.00267","0.00094","21.27435"
"18.60000","0.65963","1,552.46997","0.00258","0.00095","21.37682"
"18.70000","0.66292","1,560.17249","0.00261","0.00088","21.48288"
"18.80000","0.66635","1,567.83057","0.00260","0.00085","21.58833"
"18.90000","0.66942","1,573.50659","0.00261","0.00091","21.66648"
"19.00000","0.67293","1,580.94153","0.00272","0.00089","21.76886"
"19.10000","0.67644","1,588.89783","0.00262","0.00081","21.87841"
"19.20000","0.67951","1,595.07642","0.00274","0.00080","21.96349"
"19.30000","0.68302","1,602.21509","0.00278","0.00081","22.06178"
"19.40000","0.68631","1,609.80859","0.00273","0.00076","22.16634"
"19.50000","0.68952","1,616.53967","0.00274","0.00072","22.25903"
"19.60000","0.69296","1,624.32397","0.00270","0.00079","22.36621"
"19.70000","0.69625","1,630.43945","0.00268","0.00060","22.45042"
"19.80000","0.69961","1,638.11841","0.00276","0.00057","22.55616"
"19.90000","0.70290","1,644.96692","0.00274","0.00054","22.65046"
"20.00000","0.70626","1,652.09326","0.00274","0.00053","22.74858"
"20.10000","0.70970","1,659.35974","0.00269","0.00048","22.84864"
"20.20000","0.71277","1,665.36755","0.00271","0.00057","22.93137"
"20.30000","0.71620","1,672.94421","0.00272","0.00062","23.03569"
"20.40000","0.71964","1,680.17725","0.00269","0.00082","23.13529"
"20.50000","0.72278","1,686.65051","0.00272","0.00078","23.22442"
"20.60000","0.72637","1,693.88562","0.00283","0.00073","23.32405"
"20.70000","0.72966","1,700.22290","0.00282","0.00068","23.41131"
"20.80000","0.73287","1,707.76196","0.00289","0.00078","23.51512"
"20.90000","0.73631","1,714.81860","0.00291","0.00080","23.61229"
"21.00000","0.73960","1,722.51550","0.00285","0.00082","23.71827"
"21.10000","0.74288","1,728.85364","0.00294","0.00079","23.80554"
"21.20000","0.74617","1,735.19568","0.00297","0.00099","23.89287"
"21.30000","0.74961","1,742.56580","0.00295","0.00115","23.99435"
"21.40000","0.75305","1,749.65369","0.00295","0.00114","24.09195"
"21.50000","0.75619","1,755.77759","0.00302","0.00115","24.17627"
"21.60000","0.75963","1,762.88220","0.00302","0.00109","24.27410"
"21.70000","0.76306","1,769.63196","0.00303","0.00112","24.36704"
"21.80000","0.76613","1,776.74500","0.00301","0.00106","24.46498"
"21.90000","0.76972","1,783.98291","0.00303","0.00106","24.56465"
"22.00000","0.77300","1,789.84436","0.00309","0.00101","24.64536"
"22.10000","0.77629","1,796.45984","0.00301","0.00102","24.73645"
"22.20000","0.77966","1,804.16016","0.00306","0.00105","24.84248"
"22.30000","0.78294","1,810.59973","0.00311","0.00095","24.93115"
"22.40000","0.78623","1,816.58337","0.00307","0.00096","25.01354"
"22.50000","0.78952","1,822.38391","0.00312","0.00092","25.09341"
"22.60000","0.79296","1,830.94958","0.00314","0.00090","25.21136"
"22.70000","0.79632","1,836.89331","0.00321","0.00086","25.29320"
"22.80000","0.79954","1,843.99890","0.00318","0.00089","25.39104"
"22.90000","0.80297","1,851.09583","0.00315","0.00076","25.48876"
"23.00000","0.80634","1,857.58289","0.00317","0.00068","25.57808"
"23.10000","0.80948","1,863.87280","0.00314","0.00065","25.66470"
"23.20000","0.81299","1,871.51501","0.00314","0.00061","25.76992"
"23.30000","0.81628","1,877.73279","0.00314","0.00058","25.85554"
"23.40000","0.81956","1,885.08313","0.00315","0.00053","25.95675"
"23.50000","0.82300","1,891.39978","0.00317","0.00065","26.04373"
"23.60000","0.82644","1,898.76184","0.00320","0.00088","26.14510"
"23.70000","0.82958","1,905.23401","0.00324","0.00079","26.23422"
"23.80000","0.83287","1,911.09668","0.00324","0.00080","26.31495"
"23.90000","0.83631","1,918.52026","0.00328","0.00078","26.41717"
"24.00000","0.83959","1,926.28015","0.00326","0.00081","26.52402"
"24.10000","0.84288","1,931.21692","0.00328","0.00084","26.59199"
"24.20000","0.84640","1,938.77612","0.00335","0.00089","26.69608"
"24.30000","0.84968","1,945.85120","0.00334","0.00099","26.79350"
"24.40000","0.85282","1,951.87976","0.00335","0.00106","26.87651"
"24.50000","0.85634","1,959.88513","0.00338","0.00125","26.98674"
"24.60000","0.85962","1,966.67065","0.00339","0.00120","27.08018"
"24.70000","0.86276","1,972.46631","0.00342","0.00126","27.15998"
"24.80000","0.86628","1,980.00854","0.00342","0.00122","27.26383"
"24.90000","0.86971","1,986.15845","0.00345","0.00124","27.34851"
"25.00000","0.87293","1,993.51819","0.00347","0.00125","27.44985"
"25.10000","0.87622","1,999.34656","0.00345","0.00118","27.53011"
"25.20000","0.87965","2,006.34705","0.00350","0.00118","27.62650"
"25.30000","0.88287","2,012.67883","0.00354","0.00119","27.71369"
"25.40000","0.88616","2,018.72754","0.00351","0.00114","27.79698"
"25.50000","0.88967","2,026.70325","0.00348","0.00108","27.90680"
"25.60000","0.89296","2,033.40222","0.00353","0.00101","27.99904"
"25.70000","0.89624","2,039.18701","0.00354","0.00092","28.07869"
"25.80000","0.89968","2,045.91711","0.00358","0.00097","28.17136"
"25.90000","0.90297","2,052.67944","0.00357","0.00088","28.26448"
"26.00000","0.90618","2,058.13550","0.00366","0.00083","28.33961"
"26.10000","0.90962","2,065.25195","0.00362","0.00084","28.43760"
"26.20000","0.91306","2,071.65039","0.00361","0.00076","28.52570"
"26.30000","0.91620","2,078.27881","0.00365","0.00077","28.61697"
"26.40000","0.91964","2,084.99536","0.00368","0.00067","28.70945"
"26.50000","0.92300","2,091.92944","0.00365","0.00059","28.80493"
"26.60000","0.92621","2,097.67139","0.00368","0.00081","28.88400"
"26.70000","0.92958","2,104.98340","0.00369","0.00089","28.98468"
"26.80000","0.93294","2,111.63379","0.00370","0.00086","29.07625"
"26.90000","0.93623","2,117.93311","0.00376","0.00084","29.16299"
"27.00000","0.93959","2,124.19995","0.00378","0.00084","29.24928"
"27.10000","0.94296","2,131.01611","0.00379","0.00086","29.34314"
"27.20000","0.94632","2,137.44751","0.00379","0.00084","29.43170"
"27.30000","0.94953","2,143.60791","0.00381","0.00089","29.51652"
"27.40000","0.95282","2,150.41919","0.00383","0.00095","29.61031"
"27.50000","0.95633","2,157.01880","0.00384","0.00097","29.70118"
"27.60000","0.95947","2,164.28442","0.00385","0.00104","29.80123"
"27.70000","0.96298","2,170.77295","0.00387","0.00105","29.89057"
"27.80000","0.96642","2,177.43701","0.00391","0.00126","29.98233"
"27.90000","0.96956","2,183.45508","0.00394","0.00118","30.06520"
"28.00000","0.97292","2,190.11353","0.00398","0.00125","30.15688"
"28.10000","0.97629","2,196.78662","0.00399","0.00131","30.24877"
"28.20000","0.97958","2,203.34839","0.00400","0.00127","30.33912"
"28.30000","0.98294","2,209.04956","0.00405","0.00127","30.41763"
"28.40000","0.98630","2,215.55371","0.00401","0.00123","30.50718"
"28.50000","0.98967","2,222.58154","0.00403","0.00123","30.60395"
"28.60000","0.99295","2,228.91895","0.00407","0.00116","30.69122"
"28.70000","0.99624","2,236.03613","0.00406","0.00109","30.78922"
"28.80000","0.99968","2,241.92651","0.00407","0.00105","30.87033"
"28.90000","1.00282","2,246.88306","0.00412","0.00099","30.93858"
"29.00000","1.00626","2,254.66699","0.00415","0.00091","31.04576"
"29.10000","1.00970","2,260.96875","0.00413","0.00099","31.13253"
"29.20000","1.01283","2,266.88892","0.00412","0.00089","31.21405"
"29.30000","1.01635","2,273.45898","0.00417","0.00085","31.30451"
"29.40000","1.01971","2,280.35767","0.00418","0.00085","31.39951"
"29.50000","1.02285","2,286.14575","0.00416","0.00079","31.47920"
"29.60000","1.02621","2,292.88574","0.00416","0.00085","31.57201"
"29.70000","1.02958","2,299.43872","0.00414","0.00090","31.66224"
"29.80000","1.03294","2,306.79956","0.00419","0.00099","31.76360"
"29.90000","1.03623","2,313.03198","0.00419","0.00095","31.84942"
"30.00000","1.03966","2,319.88330","0.00421","0.00094","31.94376"
"30.10000","1.04303","2,325.75928","0.00427","0.00088","32.02467"
"30.20000","1.04617","2,331.61938","0.00426","0.00091","32.10535"
"30.30000","1.04960","2,339.12744","0.00427","0.00089","32.20874"
"30.40000","1.05304","2,345.14111","0.00429","0.00092","32.29155"
"30.50000","1.05618","2,351.21362","0.00430","0.00099","32.37516"
"30.60000","1.05969","2,357.90503","0.00434","0.00106","32.46730"
"30.70000","1.06306","2,364.57031","0.00434","0.00109","32.55907"
"30.80000","1.06627","2,371.02881","0.00433","0.00110","32.64801"
"30.90000","1.06956","2,377.09839","0.00435","0.00115","32.73158"
"31.00000","1.07285","2,383.44800","0.00438","0.00119","32.81901"
"31.10000","1.07621","2,390.73315","0.00443","0.00127","32.91933"
"31.20000","1.07950","2,396.77344","0.00445","0.00121","33.00250"
"31.30000","1.08294","2,402.98096","0.00445","0.00137","33.08797"
"31.40000","1.08638","2,409.31641","0.00444","0.00142","33.17521"
"31.50000","1.08951","2,415.14014","0.00448","0.00139","33.25540"
"31.60000","1.09303","2,422.21704","0.00449","0.00133","33.35284"
"31.70000","1.09632","2,428.53101","0.00453","0.00125","33.43979"
"31.80000","1.09945","2,433.68604","0.00454","0.00118","33.51077"
"31.90000","1.10297","2,441.42212","0.00453","0.00119","33.61729"
"32.00000","1.10633","2,447.04443","0.00456","0.00112","33.69471"
"32.10000","1.10962","2,453.96802","0.00459","0.00102","33.79004"
"32.20000","1.11306","2,460.32007","0.00461","0.00105","33.87751"
"32.30000","1.11634","2,466.38159","0.00462","0.00095","33.96097"
"32.40000","1.11956","2,473.51855","0.00462","0.00091","34.05925"
"32.50000","1.12285","2,479.68091","0.00463","0.00095","34.14410"
"32.60000","1.12628","2,485.80933","0.00463","0.00088","34.22848"
"32.70000","1.12965","2,492.71777","0.00467","0.00083","34.32361"
"32.80000","1.13286","2,498.16992","0.00467","0.00078","34.39868"
"32.90000","1.13637","2,505.41431","0.00469","0.00093","34.49844"
"33.00000","1.13959","2,512.09448","0.00469","0.00106","34.59042"
"33.10000","1.14280","2,517.07104","0.00469","0.00105","34.65894"
"33.20000","1.14631","2,524.60254","0.00472","0.00102","34.76265"
"33.30000","1.14960","2,530.27295","0.00471","0.00095","34.84073"
"33.40000","1.15282","2,536.67578","0.00474","0.00100","34.92889"
"33.50000","1.15633","2,543.73633","0.00476","0.00093","35.02611"
"33.60000","1.15969","2,549.69580","0.00478","0.00098","35.10817"
"33.70000","1.16291","2,555.67139","0.00476","0.00104","35.19045"
"33.80000","1.16619","2,561.87793","0.00476","0.00107","35.27591"
"33.90000","1.16963","2,568.46167","0.00484","0.00114","35.36657"
"34.00000","1.17292","2,574.95972","0.00487","0.00119","35.45604"
"34.10000","1.17613","2,580.07227","0.00483","0.00121","35.52644"
"34.20000","1.17965","2,586.88306","0.00486","0.00130","35.62022"
"34.30000","1.18301","2,593.33447","0.00493","0.00136","35.70906"
"34.40000","1.18622","2,599.54346","0.00489","0.00144","35.79455"
"34.50000","1.18966","2,606.05005","0.00494","0.00146","35.88414"
"34.60000","1.19295","2,612.55518","0.00490","0.00147","35.97372"
"34.70000","1.19616","2,617.90967","0.00501","0.00148","36.04745"
"34.80000","1.19960","2,624.83179","0.00494","0.00139","36.14276"
"34.90000","1.20304","2,631.05713","0.00501","0.00132","36.22848"
"35.00000","1.20625","2,637.03760","0.00503","0.00127","36.31083"
"35.10000","1.20962","2,643.36060","0.00505","0.00123","36.39789"
"35.20000","1.21298","2,649.30786","0.00509","0.00118","36.47979"
"35.30000","1.21619","2,655.30469","0.00508","0.00120","36.56236"
"35.40000","1.21956","2,661.12842","0.00509","0.00116","36.64255"
"35.50000","1.22292","2,667.87085","0.00515","0.00116","36.73539"
"35.60000","1.22628","2,674.37207","0.00520","0.00109","36.82491"
"35.70000","1.22957","2,680.22388","0.00522","0.00097","36.90548"
"35.80000","1.23293","2,687.04004","0.00517","0.00105","36.99934"
"35.90000","1.23630","2,692.93848","0.00507","0.00099","37.08056"
"36.00000","1.23951","2,698.39502","0.00517","0.00090","37.15569"
"36.10000","1.24287","2,704.85571","0.00519","0.00091","37.24465"
"36.20000","1.24631","2,711.37720","0.00521","0.00093","37.33445"
"36.30000","1.24953","2,717.73364","0.00521","0.00117","37.42198"
"36.40000","1.25296","2,723.56030","0.00524","0.00114","37.50221"
"36.50000","1.25648","2,730.00146","0.00526","0.00110","37.59090"
"36.60000","1.25954","2,737.15063","0.00527","0.00109","37.68934"
"36.70000","1.26290","2,742.03613","0.00526","0.00106","37.75661"
"36.80000","1.26627","2,748.59692","0.00529","0.00112","37.84695"
"36.90000","1.26956","2,755.87866","0.00520","0.00114","37.94722"
"37.00000","1.27292","2,761.31958","0.00527","0.00119","38.02214"
"37.10000","1.27636","2,767.90918","0.00520","0.00128","38.11287"
"37.20000","1.27972","2,773.64917","0.00516","0.00137","38.19191"
"37.30000","1.28286","2,779.78564","0.00534","0.00136","38.27641"
"37.40000","1.28622","2,786.65796","0.00530","0.00151","38.37103"
"37.50000","1.28966","2,792.74927","0.00527","0.00156","38.45491"
"37.60000","1.29280","2,798.45117","0.00537","0.00164","38.53342"
"37.70000","1.29624","2,804.46655","0.00533","0.00164","38.61625"
"37.80000","1.29975","2,811.49048","0.00537","0.00164","38.71297"
"37.90000","1.30289","2,817.97974","0.00540","0.00164","38.80232"
"38.00000","1.30625","2,824.08350","0.00544","0.00153","38.88637"
"38.10000","1.30961","2,829.37744","0.00542","0.00148","38.95926"
"38.20000","1.31283","2,835.95337","0.00547","0.00139","39.04981"
"38.30000","1.31619","2,841.38940","0.00545","0.00141","39.12466"
"38.40000","1.31955","2,848.18872","0.00550","0.00139","39.21828"
"38.50000","1.32299","2,854.63818","0.00554","0.00132","39.30709"
"38.60000","1.32628","2,860.12866","0.00552","0.00138","39.38269"
"38.70000","1.32964","2,866.24780","0.00554","0.00129","39.46695"
"38.80000","1.33308","2,872.67163","0.00555","0.00124","39.55540"
"38.90000","1.33615","2,878.22192","0.00557","0.00107","39.63183"
"39.00000","1.33958","2,885.24194","0.00555","0.00110","39.72849"
"39.10000","1.34302","2,890.26147","0.00556","0.00109","39.79761"
"39.20000","1.34616","2,896.51489","0.00567","0.00102","39.88371"
"39.30000","1.34975","2,903.93970","0.00564","0.00102","39.98595"
"39.40000","1.35304","2,909.44873","0.00563","0.00116","40.06181"
"39.50000","1.35618","2,915.18921","0.00572","0.00130","40.14085"
"39.60000","1.35954","2,921.16431","0.00566","0.00124","40.22313"
"39.70000","1.36290","2,927.85498","0.00574","0.00113","40.31525"
"39.80000","1.36627","2,933.57861","0.00569","0.00116","40.39407"
"39.90000","1.36948","2,939.60303","0.00570","0.00114","40.47702"
"40.00000","1.37292","2,945.74780","0.00568","0.00124","40.56163"
"40.10000","1.37643","2,953.00610","0.00568","0.00127","40.66157"
"40.20000","1.37942","2,957.11499","0.00573","0.00127","40.71815"
"40.30000","1.38293","2,963.19849","0.00574","0.00129","40.80192"
"40.40000","1.38629","2,970.63184","0.00573","0.00144","40.90427"
"40.50000","1.38943","2,976.65356","0.00577","0.00150","40.98719"
"40.60000","1.39302","2,982.51587","0.00576","0.00156","41.06791"
"40.70000","1.39638","2,989.09570","0.00577","0.00165","41.15851"
"40.80000","1.39960","2,995.20117","0.00585","0.00172","41.24258"
"40.90000","1.40296","3,000.92847","0.00581","0.00171","41.32144"
"41.00000","1.40625","3,006.51367","0.00578","0.00172","41.39835"
"41.10000","1.40954","3,012.77051","0.00580","0.00169","41.48450"
"41.20000","1.41283","3,018.19531","0.00583","0.00163","41.55920"
"41.30000","1.41626","3,024.52368","0.00584","0.00149","41.64634"
"41.40000","1.41970","3,030.84277","0.00587","0.00150","41.73335"
"41.50000","1.42284","3,036.66406","0.00587","0.00144","41.81351"
"41.60000","1.42635","3,043.10620","0.00586","0.00142","41.90221"
"41.70000","1.42964","3,049.06006","0.00594","0.00141","41.98419"
"41.80000","1.43271","3,053.53662","0.00594","0.00134","42.04583"
"41.90000","1.43629","3,060.94849","0.00600","0.00122","42.14789"
"42.00000","1.43966","3,067.10571","0.00595","0.00133","42.23267"
"42.10000","1.44287","3,072.81812","0.00601","0.00118","42.31133"
"42.20000","1.44631","3,078.25024","0.00600","0.00116","42.38613"
"42.30000","1.44967","3,084.92139","0.00602","0.00111","42.47799"
"42.40000","1.45289","3,089.99170","0.00603","0.00103","42.54780"
"42.50000","1.45617","3,095.73462","0.00608","0.00123","42.62688"
"42.60000","1.45961","3,101.70752","0.00605","0.00133","42.70913"
"42.70000","1.46290","3,107.55469","0.00608","0.00124","42.78964"
"42.80000","1.46619","3,113.24194","0.00608","0.00126","42.86795"
"42.90000","1.46970","3,120.08960","0.00609","0.00128","42.96224"
"43.00000","1.47299","3,125.16089","0.00615","0.00119","43.03207"
"43.10000","1.47613","3,131.29810","0.00613","0.00126","43.11657"
"43.20000","1.47964","3,137.82495","0.00615","0.00126","43.20645"
"43.30000","1.48300","3,143.00317","0.00618","0.00134","43.27775"
"43.40000","1.48622","3,148.64624","0.00619","0.00136","43.35545"
"43.50000","1.48958","3,155.09399","0.00623","0.00136","43.44423"
"43.60000","1.49302","3,160.43384","0.00617","0.00151","43.51776"
"43.70000","1.49623","3,166.73926","0.00615","0.00152","43.60458"
"43.80000","1.49960","3,172.92505","0.00619","0.00154","43.68976"
"43.90000","1.50296","3,178.82300","0.00618","0.00179","43.77097"
"44.00000","1.50625","3,184.59058","0.00624","0.00177","43.85039"
"44.10000","1.50954","3,189.57056","0.00626","0.00177","43.91896"
"44.20000","1.51297","3,196.29688","0.00628","0.00177","44.01158"
"44.30000","1.51634","3,201.93774","0.00628","0.00180","44.08925"
"44.40000","1.51955","3,207.91235","0.00631","0.00166","44.17152"
"44.50000","1.52291","3,213.49463","0.00631","0.00155","44.24838"
"44.60000","1.52628","3,219.48535","0.00632","0.00153","44.33087"
"44.70000","1.52949","3,225.44434","0.00634","0.00148","44.41293"
"44.80000","1.53285","3,231.29028","0.00637","0.00145","44.49342"
"44.90000","1.53629","3,236.67334","0.00638","0.00135","44.56754"
"45.00000","1.53958","3,242.14331","0.00640","0.00130","44.64286"
"45.10000","1.54294","3,248.43311","0.00640","0.00132","44.72947"
"45.20000","1.54638","3,254.67578","0.00643","0.00122","44.81543"
"45.30000","1.54959","3,259.80737","0.00646","0.00123","44.88609"
"45.40000","1.55288","3,265.70679","0.00649","0.00119","44.96732"
"45.50000","1.55632","3,272.69800","0.00646","0.00124","45.06359"
"45.60000","1.55961","3,277.58838","0.00648","0.00132","45.13092"
"45.70000","1.56297","3,283.33447","0.00651","0.00132","45.21005"
"45.80000","1.56634","3,289.24463","0.00651","0.00127","45.29143"
"45.90000","1.56970","3,294.49658","0.00654","0.00126","45.36374"
"46.00000","1.57291","3,300.54199","0.00653","0.00125","45.44699"
"46.10000","1.57620","3,306.13037","0.00653","0.00121","45.52394"
"46.20000","1.57964","3,311.63184","0.00658","0.00126","45.59969"
"46.30000","1.58285","3,317.12280","0.00659","0.00129","45.67530"
"46.40000","1.58629","3,322.61890","0.00659","0.00126","45.75098"
"46.50000","1.58973","3,328.72046","0.00661","0.00130","45.83499"
"46.60000","1.59287","3,335.46509","0.00663","0.00135","45.92786"
"46.70000","1.59623","3,339.79883","0.00661","0.00145","45.98754"
"46.80000","1.59959","3,346.92065","0.00666","0.00154","46.08560"
"46.90000","1.60288","3,351.97266","0.00665","0.00153","46.15516"
"47.00000","1.60625","3,357.55713","0.00666","0.00155","46.23206"
"47.10000","1.60961","3,363.27026","0.00668","0.00166","46.31073"
"47.20000","1.61305","3,368.87500","0.00668","0.00166","46.38790"
"47.30000","1.61626","3,374.33472","0.00668","0.00171","46.46308"
"47.40000","1.61962","3,380.12939","0.00669","0.00168","46.54287"
"47.50000","1.62306","3,386.19458","0.00680","0.00161","46.62638"
"47.60000","1.62613","3,390.79761","0.00675","0.00158","46.68977"
"47.70000","1.62964","3,395.75586","0.00685","0.00146","46.75804"
"47.80000","1.63308","3,402.17725","0.00684","0.00145","46.84646"
"47.90000","1.63621","3,407.05933","0.00680","0.00147","46.91368"
"48.00000","1.63965","3,412.65381","0.00681","0.00141","46.99072"
"48.10000","1.64302","3,419.05103","0.00687","0.00130","47.07880"
"48.20000","1.64630","3,424.41528","0.00691","0.00129","47.15267"
"48.30000","1.64952","3,429.82007","0.00691","0.00123","47.22709"
"48.40000","1.65288","3,434.71167","0.00695","0.00116","47.29445"
"48.50000","1.65632","3,440.75269","0.00698","0.00128","47.37762"
"48.60000","1.65953","3,446.00342","0.00698","0.00117","47.44992"
"48.70000","1.66290","3,452.03345","0.00698","0.00133","47.53296"
"48.80000","1.66633","3,457.38184","0.00701","0.00130","47.60660"
"48.90000","1.66940","3,462.65356","0.00701","0.00125","47.67919"
"49.00000","1.67291","3,468.01880","0.00705","0.00127","47.75307"
"49.10000","1.67635","3,473.73486","0.00709","0.00125","47.83178"
"49.20000","1.67949","3,479.31982","0.00710","0.00121","47.90868"
"49.30000","1.68300","3,485.29590","0.00708","0.00125","47.99097"
"49.40000","1.68636","3,489.80615","0.00712","0.00121","48.05307"
"49.50000","1.68958","3,495.59399","0.00712","0.00130","48.13277"
"49.60000","1.69294","3,500.88354","0.00711","0.00133","48.20560"
"49.70000","1.69623","3,506.02222","0.00713","0.00138","48.27636"
"49.80000","1.69959","3,512.29492","0.00714","0.00140","48.36273"
"49.90000","1.70281","3,516.62964","0.00712","0.00148","48.42242"
"50.00000","1.70632","3,522.87305","0.00715","0.00158","48.50838"
"50.10000","1.70976","3,528.34790","0.00717","0.00151","48.58377"
"50.20000","1.71282","3,533.37573","0.00716","0.00157","48.65300"
"50.30000","1.71626","3,538.83325","0.00722","0.00158","48.72815"
"50.40000","1.71970","3,544.46509","0.00724","0.00168","48.80570"
"50.50000","1.72276","3,549.27002","0.00725","0.00171","48.87186"
"50.60000","1.72635","3,555.11523","0.00724","0.00168","48.95235"
"50.70000","1.72964","3,560.14941","0.00727","0.00166","49.02166"
"50.80000","1.73292","3,565.70703","0.00727","0.00162","49.09819"
"50.90000","1.73629","3,570.43530","0.00724","0.00160","49.16330"
"51.00000","1.73958","3,576.88257","0.00729","0.00133","49.25207"
"51.10000","1.74294","3,580.63696","0.00734","0.00140","49.30377"
"51.20000","1.74615","3,585.36621","0.00734","0.00128","49.36889"
"51.30000","1.74959","3,592.03955","0.00735","0.00129","49.46078"
"51.40000","1.75303","3,597.29639","0.00736","0.00129","49.53316"
"51.50000","1.75617","3,601.74414","0.00738","0.00122","49.59441"
"51.60000","1.75968","3,607.37061","0.00744","0.00122","49.67188"
"51.70000","1.76297","3,612.60474","0.00741","0.00121","49.74395"
"51.80000","1.76618","3,617.72510","0.00745","0.00137","49.81446"
"51.90000","1.76962","3,623.35449","0.00747","0.00132","49.89197"
"52.00000","1.77298","3,628.02979","0.00750","0.00130","49.95635"
"52.10000","1.77627","3,633.94995","0.00749","0.00127","50.03786"
"52.20000","1.77963","3,638.76636","0.00752","0.00126","50.10419"
"52.30000","1.78300","3,644.44214","0.00753","0.00120","50.18234"
"52.40000","1.78629","3,648.73291","0.00756","0.00125","50.24142"
"52.50000","1.78950","3,652.76001","0.00758","0.00126","50.29687"
"52.60000","1.79294","3,659.56348","0.00760","0.00125","50.39055"
"52.70000","1.79623","3,663.61401","0.00758","0.00133","50.44633"
"52.80000","1.79944","3,669.01758","0.00758","0.00134","50.52073"
"52.90000","1.80295","3,674.49512","0.00763","0.00133","50.59615"
"53.00000","1.80632","3,680.11792","0.00761","0.00141","50.67358"
"53.10000","1.80953","3,683.93799","0.00761","0.00156","50.72618"
"53.20000","1.81289","3,689.74390","0.00768","0.00159","50.80612"
"53.30000","1.81618","3,694.36133","0.00766","0.00155","50.86970"
"53.40000","1.81947","3,699.54565","0.00769","0.00156","50.94109"
"53.50000","1.82291","3,704.81836","0.00770","0.00160","51.01369"
"53.60000","1.82635","3,709.37354","0.00772","0.00169","51.07642"
"53.70000","1.82963","3,715.64990","0.00770","0.00169","51.16284"
"53.80000","1.83292","3,719.49072","0.00772","0.00168","51.21572"
"53.90000","1.83629","3,725.32617","0.00775","0.00167","51.29607"
"54.00000","1.83957","3,730.75073","0.00774","0.00162","51.37077"
"54.10000","1.84279","3,734.15942","0.00776","0.00156","51.41771"
"54.20000","1.84630","3,740.18018","0.00775","0.00149","51.50061"
"54.30000","1.84966","3,745.55469","0.00781","0.00142","51.57461"
"54.40000","1.85288","3,749.70361","0.00782","0.00131","51.63174"
"54.50000","1.85632","3,754.91821","0.00786","0.00148","51.70354"
"54.60000","1.85968","3,760.08813","0.00783","0.00139","51.77473"
"54.70000","1.86289","3,765.46973","0.00787","0.00133","51.84883"
"54.80000","1.86618","3,769.19922","0.00780","0.00122","51.90019"
"54.90000","1.86962","3,775.56787","0.00793","0.00131","51.98788"
"55.00000","1.87291","3,780.50928","0.00795","0.00127","52.05592"
"55.10000","1.87627","3,784.36792","0.00781","0.00110","52.10905"
"55.20000","1.87971","3,790.50342","0.00792","0.00136","52.19354"
"55.30000","1.88292","3,795.37109","0.00786","0.00131","52.26056"
"55.40000","1.88613","3,799.63257","0.00793","0.00130","52.31924"
"55.50000","1.88965","3,805.37280","0.00799","0.00132","52.39828"
"55.60000","1.89294","3,809.72729","0.00804","0.00138","52.45824"
"55.70000","1.89622","3,813.84448","0.00817","0.00135","52.51493"
"55.80000","1.89966","3,819.16650","0.00816","0.00135","52.58821"
"55.90000","1.90310","3,824.98657","0.00807","0.00145","52.66835"
"56.00000","1.90616","3,829.21777","0.00809","0.00143","52.72662"
"56.10000","1.90953","3,834.24121","0.00808","0.00142","52.79579"
"56.20000","1.91304","3,838.79541","0.00807","0.00154","52.85850"
"56.30000","1.91618","3,844.72974","0.00805","0.00163","52.94021"
"56.40000","1.91962","3,848.91553","0.00811","0.00159","52.99784"
"56.50000","1.92305","3,853.63623","0.00817","0.00164","53.06285"
"56.60000","1.92627","3,858.65869","0.00816","0.00183","53.13200"
"56.70000","1.92963","3,863.09521","0.00817","0.00176","53.19309"
"56.80000","1.93299","3,868.58423","0.00824","0.00178","53.26867"
"56.90000","1.93628","3,873.66895","0.00823","0.00181","53.33869"
"57.00000","1.93950","3,877.28320","0.00823","0.00173","53.38845"
"57.10000","1.94294","3,883.32056","0.00827","0.00175","53.47159"
"57.20000","1.94645","3,887.80127","0.00827","0.00164","53.53328"
"57.30000","1.94959","3,892.78564","0.00827","0.00165","53.60192"
"57.40000","1.95288","3,897.22363","0.00829","0.00159","53.66302"
"57.50000","1.95631","3,902.68530","0.00821","0.00156","53.73823"
"57.60000","1.95938","3,906.19604","0.00827","0.00151","53.78657"
"57.70000","1.96289","3,911.12500","0.00816","0.00136","53.85444"
"57.80000","1.96633","3,916.55151","0.00822","0.00138","53.92916"
"57.90000","1.96954","3,920.54517","0.00823","0.00124","53.98415"
"58.00000","1.97298","3,926.20459","0.00827","0.00120","54.06208"
"58.10000","1.97634","3,930.44165","0.00831","0.00110","54.12042"
"58.20000","1.97956","3,934.99292","0.00832","0.00122","54.18309"
"58.30000","1.98284","3,939.33545","0.00832","0.00127","54.24289"
"58.40000","1.98628","3,944.61108","0.00836","0.00140","54.31553"
"58.50000","1.98965","3,950.01538","0.00843","0.00133","54.38995"
"58.60000","1.99286","3,953.66333","0.00844","0.00133","54.44017"
"58.70000","1.99630","3,959.15552","0.00849","0.00134","54.51580"
"58.80000","1.99973","3,963.35205","0.00849","0.00130","54.57359"
"58.90000","2.00280","3,967.94165","0.00849","0.00133","54.63678"
"59.00000","2.00631","3,973.12646","0.00849","0.00139","54.70818"
"59.10000","2.00968","3,977.82251","0.00852","0.00140","54.77284"
"59.20000","2.01281","3,981.18604","0.00852","0.00145","54.81915"
"59.30000","2.01633","3,986.71484","0.00856","0.00144","54.89528"
"59.40000","2.01969","3,991.74438","0.00857","0.00152","54.96453"
"59.50000","2.02290","3,995.63989","0.00856","0.00162","55.01817"
"59.60000","2.02619","4,000.43726","0.00866","0.00161","55.08423"
"59.70000","2.02955","4,004.42603","0.00868","0.00164","55.13916"
"59.80000","2.03292","4,010.30957","0.00862","0.00168","55.22017"
"59.90000","2.03613","4,013.97314","0.00868","0.00172","55.27061"
"60.00000","2.03964","4,018.70728","0.00874","0.00181","55.33580"
"60.10000","2.04308","4,024.03076","0.00868","0.00176","55.40910"
"60.20000","2.04615","4,028.03564","0.00874","0.00172","55.46425"
"60.30000","2.04966","4,032.84961","0.00872","0.00169","55.53054"
"60.40000","2.05302","4,037.81348","0.00869","0.00160","55.59888"
"60.50000","2.05616","4,041.60474","0.00869","0.00162","55.65109"
"60.60000","2.05967","4,046.60181","0.00867","0.00164","55.71990"
"60.70000","2.06296","4,051.66821","0.00867","0.00153","55.78966"
"60.80000","2.06633","4,056.81055","0.00868","0.00140","55.86047"
"60.90000","2.06969","4,060.47095","0.00876","0.00127","55.91087"
"61.00000","2.07298","4,065.29541","0.00874","0.00128","55.97730"
"61.10000","2.07627","4,069.82104","0.00872","0.00121","56.03962"
"61.20000","2.07948","4,073.58154","0.00882","0.00117","56.09140"
"61.30000","2.08292","4,079.15381","0.00885","0.00107","56.16813"
"61.40000","2.08636","4,082.91187","0.00882","0.00105","56.21987"
"61.50000","2.08949","4,087.36841","0.00884","0.00118","56.28123"
"61.60000","2.09301","4,091.68823","0.00890","0.00137","56.34072"
"61.70000","2.09637","4,096.20166","0.00885","0.00135","56.40287"
"61.80000","2.09951","4,101.89844","0.00884","0.00133","56.48131"
"61.90000","2.10295","4,105.67285","0.00894","0.00135","56.53328"
"62.00000","2.10624","4,110.02393","0.00897","0.00134","56.59319"
"62.10000","2.10952","4,114.16846","0.00895","0.00135","56.65026"
"62.20000","2.11296","4,118.67627","0.00899","0.00144","56.71233"
"62.30000","2.11632","4,124.57031","0.00900","0.00144","56.79349"
"62.40000","2.11961","4,128.32178","0.00904","0.00146","56.84515"
"62.50000","2.12283","4,131.29248","0.00905","0.00152","56.88605"
"62.60000","2.12626","4,136.53125","0.00909","0.00154","56.95819"
"62.70000","2.12970","4,142.04248","0.00906","0.00165","57.03407"
"62.80000","2.13284","4,145.99463","0.00906","0.00169","57.08849"
"62.90000","2.13635","4,151.07617","0.00911","0.00167","57.15846"
"63.00000","2.13972","4,155.92139","0.00913","0.00161","57.22518"
"63.10000","2.14286","4,159.22363","0.00912","0.00170","57.27065"
"63.20000","2.14629","4,163.91064","0.00913","0.00174","57.33519"
"63.30000","2.14958","4,168.88428","0.00915","0.00181","57.40367"
"63.40000","2.15287","4,172.76025","0.00918","0.00177","57.45704"
"63.50000","2.15623","4,176.96094","0.00919","0.00175","57.51488"
"63.60000","2.15960","4,181.70508","0.00922","0.00166","57.58021"
"63.70000","2.16289","4,186.77881","0.00922","0.00163","57.65007"
"63.80000","2.16617","4,190.58936","0.00922","0.00149","57.70254"
"63.90000","2.16961","4,195.77002","0.00924","0.00147","57.77388"
"64.00000","2.17290","4,199.92773","0.00933","0.00138","57.83113"
"64.10000","2.17619","4,203.80225","0.00927","0.00134","57.88448"
"64.20000","2.17963","4,208.04004","0.00927","0.00131","57.94283"
"64.30000","2.18299","4,213.38623","0.00930","0.00122","58.01645"
"64.40000","2.18620","4,217.93506","0.00920","0.00115","58.07908"
"64.50000","2.18964","4,222.11768","0.00923","0.00128","58.13667"
"64.60000","2.19300","4,226.52148","0.00927","0.00135","58.19731"
"64.70000","2.19622","4,231.30859","0.00931","0.00142","58.26323"
"64.80000","2.19951","4,235.12891","0.00930","0.00137","58.31583"
"64.90000","2.20302","4,239.75391","0.00930","0.00138","58.37952"
"65.00000","2.20623","4,244.20654","0.00934","0.00137","58.44083"
"65.10000","2.20960","4,247.55029","0.00937","0.00139","58.48687"
"65.20000","2.21311","4,252.96582","0.00938","0.00137","58.56144"
"65.30000","2.21625","4,257.06299","0.00940","0.00143","58.61786"
"65.40000","2.21954","4,260.27734","0.00944","0.00138","58.66211"
"65.50000","2.22297","4,266.27539","0.00942","0.00152","58.74471"
"65.60000","2.22634","4,270.91602","0.00944","0.00154","58.80861"
"65.70000","2.22955","4,274.76221","0.00942","0.00152","58.86156"
"65.80000","2.23299","4,279.64990","0.00950","0.00156","58.92886"
"65.90000","2.23643","4,283.60059","0.00949","0.00164","58.98326"
"66.00000","2.23957","4,287.34961","0.00953","0.00168","59.03489"
"66.10000","2.24285","4,291.87012","0.00953","0.00162","59.09713"
"66.20000","2.24629","4,296.87402","0.00954","0.00162","59.16603"
"66.30000","2.24943","4,300.85742","0.00959","0.00159","59.22088"
"66.40000","2.25287","4,304.74414","0.00957","0.00174","59.27440"
"66.50000","2.25638","4,309.89355","0.00957","0.00185","59.34531"
"66.60000","2.25960","4,314.29883","0.00962","0.00176","59.40596"
"66.70000","2.26296","4,317.66895","0.00959","0.00175","59.45237"
"66.80000","2.26632","4,322.27881","0.00961","0.00160","59.51585"
"66.90000","2.26961","4,327.01465","0.00965","0.00153","59.58105"
"67.00000","2.27282","4,331.35400","0.00967","0.00157","59.64081"
"67.10000","2.27626","4,336.32568","0.00969","0.00140","59.70927"
"67.20000","2.27977","4,340.02100","0.00970","0.00131","59.76015"
"67.30000","2.28284","4,343.75684","0.00973","0.00129","59.81159"
"67.40000","2.28628","4,349.21777","0.00975","0.00125","59.88678"
"67.50000","2.28971","4,352.68896","0.00970","0.00129","59.93458"
"67.60000","2.29278","4,357.19727","0.00973","0.00128","59.99666"
"67.70000","2.29629","4,361.07617","0.00975","0.00140","60.05007"
"67.80000","2.29973","4,366.36230","0.00976","0.00142","60.12286"
"67.90000","2.30287","4,370.60205","0.00980","0.00141","60.18124"
"68.00000","2.30638","4,374.81299","0.00978","0.00139","60.23922"
"68.10000","2.30967","4,379.20703","0.00982","0.00135","60.29972"
"68.20000","2.31288","4,383.55176","0.00980","0.00141","60.35955"
"68.30000","2.31617","4,387.15332","0.00982","0.00140","60.40914"
"68.40000","2.31953","4,392.44189","0.00985","0.00146","60.48196"
"68.50000","2.32297","4,397.00684","0.00986","0.00150","60.54482"
"68.60000","2.32611","4,400.35156","0.00990","0.00155","60.59087"
"68.70000","2.32962","4,405.45996","0.00991","0.00152","60.66121"
"68.80000","2.33306","4,409.36914","0.00993","0.00157","60.71504"
"68.90000","2.33613","4,413.46631","0.00997","0.00163","60.77146"
"69.00000","2.33964","4,418.27295","0.01000","0.00161","60.83764"
"69.10000","2.34300","4,422.05664","0.01000","0.00159","60.88974"
"69.20000","2.34614","4,426.70361","0.01002","0.00166","60.95373"
"69.30000","2.34965","4,431.27246","0.01005","0.00163","61.01664"
"69.40000","2.35302","4,436.23047","0.01006","0.00159","61.08491"
"69.50000","2.35630","4,439.83154","0.01003","0.00163","61.13449"
"69.60000","2.35959","4,444.33057","0.01009","0.00166","61.19645"
"69.70000","2.36288","4,448.23828","0.01011","0.00174","61.25025"
"69.80000","2.36632","4,453.14990","0.01010","0.00172","61.31788"
"69.90000","2.36946","4,456.00488","0.01015","0.00172","61.35719"
"70.00000","2.37290","4,461.62646","0.01010","0.00156","61.43460"
"70.10000","2.37641","4,466.29492","0.01013","0.00151","61.49888"
"70.20000","2.37947","4,469.58643","0.01015","0.00149","61.54420"
"70.30000","2.38299","4,475.00781","0.01015","0.00141","61.61885"
"70.40000","2.38627","4,479.14502","0.01017","0.00134","61.67582"
"70.50000","2.38949","4,482.10596","0.01019","0.00121","61.71659"
"70.60000","2.39300","4,487.02588","0.01023","0.00122","61.78434"
"70.70000","2.39629","4,491.60352","0.01020","0.00129","61.84737"
"70.80000","2.39958","4,495.69287","0.01024","0.00152","61.90368"
"70.90000","2.40294","4,499.91553","0.01025","0.00143","61.96182"
"71.00000","2.40623","4,503.88867","0.01025","0.00146","62.01653"
"71.10000","2.40959","4,508.52832","0.01027","0.00149","62.08042"
"71.20000","2.41281","4,512.13330","0.01027","0.00141","62.13006"
"71.30000","2.41624","4,517.12598","0.01027","0.00149","62.19880"
"71.40000","2.41968","4,521.74414","0.01029","0.00150","62.26239"
"71.50000","2.42290","4,525.45508","0.01036","0.00144","62.31349"
"71.60000","2.42641","4,530.54150","0.01038","0.00147","62.38353"
"71.70000","2.42970","4,533.68604","0.01036","0.00147","62.42683"
"71.80000","2.43284","4,538.52100","0.01041","0.00153","62.49340"
"71.90000","2.43627","4,542.10693","0.01040","0.00157","62.54278"
"72.00000","2.43956","4,546.38574","0.01039","0.00159","62.60170"
"72.10000","2.44292","4,550.98828","0.01044","0.00164","62.66507"
"72.20000","2.44629","4,555.16748","0.01049","0.00163","62.72262"
"72.30000","2.44965","4,559.75732","0.01050","0.00164","62.78582"
"72.40000","2.45301","4,563.95312","0.01050","0.00167","62.84359"
"72.50000","2.45615","4,567.40381","0.01054","0.00168","62.89111"
"72.60000","2.45959","4,572.58691","0.01054","0.00170","62.96248"
"72.70000","2.46288","4,576.96240","0.01056","0.00166","63.02272"
"72.80000","2.46609","4,580.73193","0.01055","0.00166","63.07463"
"72.90000","2.46961","4,585.36963","0.01056","0.00165","63.13849"
"73.00000","2.47304","4,590.12598","0.01058","0.00166","63.20398"
"73.10000","2.47618","4,593.99609","0.01056","0.00163","63.25727"
"73.20000","2.47962","4,597.85254","0.01059","0.00168","63.31037"
"73.30000","2.48298","4,602.44141","0.01062","0.00154","63.37356"
"73.40000","2.48620","4,606.95410","0.01065","0.00150","63.43570"
"73.50000","2.48956","4,610.84521","0.01069","0.00136","63.48928"
"73.60000","2.49300","4,614.93848","0.01066","0.00128","63.54564"
"73.70000","2.49629","4,619.70361","0.01069","0.00129","63.61125"
"73.80000","2.49958","4,623.50195","0.01071","0.00140","63.66356"
"73.90000","2.50301","4,627.53418","0.01071","0.00151","63.71907"
"74.00000","2.50623","4,632.09277","0.01074","0.00151","63.78185"
"74.10000","2.50944","4,636.50391","0.01073","0.00154","63.84259"
"74.20000","2.51295","4,640.77100","0.01077","0.00153","63.90134"
"74.30000","2.51639","4,645.55859","0.01083","0.00148","63.96727"
"74.40000","2.51953","4,648.58350","0.01079","0.00160","64.00892"
"74.50000","2.52297","4,652.81689","0.01081","0.00153","64.06721"
"74.60000","2.52641","4,656.47021","0.01084","0.00158","64.11752"
"74.70000","2.52954","4,661.68652","0.01085","0.00152","64.18934"
"74.80000","2.53283","4,666.11230","0.01079","0.00153","64.25028"
"74.90000","2.53635","4,670.63135","0.01089","0.00159","64.31251"
"75.00000","2.53956","4,675.12549","0.01087","0.00158","64.37439"
"75.10000","2.54292","4,678.64893","0.01090","0.00168","64.42290"
"75.20000","2.54644","4,683.51904","0.01090","0.00169","64.48996"
"75.30000","2.54957","4,687.03467","0.01091","0.00160","64.53837"
"75.40000","2.55286","4,690.81592","0.01092","0.00166","64.59044"
"75.50000","2.55630","4,696.07471","0.01089","0.00177","64.66285"
"75.60000","2.55959","4,699.44531","0.01103","0.00179","64.70926"
"75.70000","2.56288","4,703.53271","0.01096","0.00174","64.76554"
"75.80000","2.56632","4,708.07422","0.01103","0.00179","64.82808"
"75.90000","2.56975","4,712.58740","0.01102","0.00182","64.89022"
"76.00000","2.57289","4,716.03613","0.01104","0.00181","64.93771"
"76.10000","2.57626","4,720.35400","0.01106","0.00199","64.99716"
"76.20000","2.57969","4,724.86133","0.01105","0.00196","65.05923"
"76.30000","2.58283","4,729.06152","0.01109","0.00186","65.11707"
"76.40000","2.58627","4,732.77588","0.01106","0.00169","65.16821"
"76.50000","2.58971","4,737.83691","0.01112","0.00163","65.23789"
"76.60000","2.59292","4,741.65088","0.01115","0.00150","65.29041"
"76.70000","2.59628","4,745.21387","0.01116","0.00145","65.33947"
"76.80000","2.59965","4,750.68994","0.01115","0.00146","65.41488"
"76.90000","2.60294","4,754.09424","0.01117","0.00153","65.46175"
"77.00000","2.60615","4,757.44531","0.01117","0.00142","65.50790"
"77.10000","2.60959","4,763.17920","0.01121","0.00151","65.58685"
"77.20000","2.61303","4,767.29639","0.01127","0.00162","65.64354"
"77.30000","2.61616","4,770.96631","0.01128","0.00162","65.69407"
"77.40000","2.61960","4,775.78613","0.01123","0.00163","65.76044"
"77.50000","2.62304","4,779.91553","0.01131","0.00165","65.81730"
"77.60000","2.62611","4,783.66455","0.01128","0.00160","65.86892"
"77.70000","2.62954","4,787.38818","0.01130","0.00157","65.92020"
"77.80000","2.63298","4,793.10400","0.01132","0.00163","65.99890"
"77.90000","2.63619","4,796.48877","0.01134","0.00162","66.04550"
"78.00000","2.63971","4,800.33105","0.01134","0.00167","66.09841"
"78.10000","2.64300","4,805.32324","0.01135","0.00169","66.16715"
"78.20000","2.64628","4,808.86914","0.01137","0.00169","66.21598"
"78.30000","2.64957","4,813.11328","0.01140","0.00175","66.27441"
"78.40000","2.65286","4,817.39404","0.01138","0.00173","66.33336"
"78.50000","2.65630","4,821.63184","0.01142","0.00168","66.39172"
"78.60000","2.65951","4,825.35107","0.01141","0.00182","66.44292"
"78.70000","2.66302","4,830.00781","0.01139","0.00187","66.50705"
"78.80000","2.66639","4,834.23779","0.01145","0.00188","66.56529"
"78.90000","2.66945","4,838.20947","0.01143","0.00185","66.61998"
"79.00000","2.67289","4,841.29541","0.01147","0.00191","66.66248"
"79.10000","2.67633","4,846.16699","0.01147","0.00186","66.72955"
"79.20000","2.67947","4,850.44482","0.01149","0.00207","66.78845"
"79.30000","2.68298","4,854.85645","0.01151","0.00184","66.84921"
"79.40000","2.68627","4,858.69482","0.01155","0.00194","66.90205"
"79.50000","2.68963","4,863.18115","0.01157","0.00196","66.96383"
"79.60000","2.69292","4,866.86328","0.01170","0.00171","67.01453"
"79.70000","2.69621","4,871.60742","0.01161","0.00158","67.07986"
"79.80000","2.69965","4,875.52490","0.01158","0.00153","67.13380"
"79.90000","2.70278","4,878.82471","0.01169","0.00147","67.17924"
"80.00000","2.70630","4,883.96045","0.01166","0.00160","67.24995"
"80.10000","2.70974","4,887.95264","0.01165","0.00146","67.30492"
"80.20000","2.71287","4,892.02686","0.01167","0.00163","67.36102"
"80.30000","2.71639","4,896.73828","0.01171","0.00165","67.42590"
"80.40000","2.71968","4,900.40967","0.01173","0.00169","67.47645"
"80.50000","2.72281","4,905.03418","0.01174","0.00168","67.54013"
"80.60000","2.72625","4,908.44580","0.01177","0.00169","67.58710"
"80.70000","2.72962","4,912.93018","0.01169","0.00177","67.64885"
"80.80000","2.73298","4,916.57129","0.01178","0.00175","67.69899"
"80.90000","2.73627","4,920.78906","0.01174","0.00172","67.75706"
"81.00000","2.73963","4,925.03760","0.01177","0.00170","67.81557"
"81.10000","2.74299","4,929.11816","0.01179","0.00168","67.87175"
"81.20000","2.74613","4,932.90674","0.01180","0.00175","67.92392"
"81.30000","2.74957","4,937.89648","0.01178","0.00177","67.99262"
"81.40000","2.75301","4,941.59668","0.01187","0.00175","68.04358"
"81.50000","2.75615","4,945.33203","0.01186","0.00181","68.09501"
"81.60000","2.75966","4,949.62354","0.01185","0.00183","68.15411"
"81.70000","2.76302","4,953.62988","0.01180","0.00179","68.20927"
"81.80000","2.76616","4,958.14551","0.01189","0.00184","68.27145"
"81.90000","2.76960","4,961.57812","0.01192","0.00188","68.31871"
"82.00000","2.77289","4,965.92920","0.01191","0.00192","68.37862"
"82.10000","2.77618","4,970.09326","0.01187","0.00199","68.43596"
"82.20000","2.77954","4,973.62256","0.01194","0.00202","68.48456"
"82.30000","2.78305","4,979.43701","0.01194","0.00197","68.56462"
"82.40000","2.78634","4,982.33447","0.01197","0.00200","68.60452"
"82.50000","2.78955","4,986.67822","0.01207","0.00218","68.66433"
"82.60000","2.79299","4,991.01562","0.01203","0.00207","68.72405"
"82.70000","2.79628","4,994.59033","0.01215","0.00210","68.77328"
"82.80000","2.79949","4,998.36475","0.01213","0.00200","68.82525"
"82.90000","2.80301","5,002.96143","0.01207","0.00174","68.88854"
"83.00000","2.80637","5,007.13574","0.01212","0.00155","68.94602"
"83.10000","2.80958","5,010.39795","0.01225","0.00152","68.99094"
"83.20000","2.81295","5,015.31152","0.01221","0.00151","69.05859"
"83.30000","2.81638","5,019.84961","0.01211","0.00150","69.12109"
"83.40000","2.81952","5,023.37256","0.01216","0.00148","69.16959"
"83.50000","2.82281","5,026.83984","0.01213","0.00167","69.21734"
"83.60000","2.82633","5,031.40088","0.01217","0.00175","69.28014"
"83.70000","2.82961","5,036.01709","0.01221","0.00176","69.34370"
"83.80000","2.83290","5,039.74072","0.01222","0.00180","69.39497"
"83.90000","2.83634","5,043.72900","0.01227","0.00177","69.44989"
"84.00000","2.83955","5,047.47803","0.01224","0.00179","69.50152"
"84.10000","2.84284","5,052.20459","0.01226","0.00173","69.56660"
"84.20000","2.84628","5,056.24023","0.01227","0.00172","69.62217"
"84.30000","2.84964","5,060.72510","0.01227","0.00178","69.68392"
"84.40000","2.85286","5,063.22607","0.01229","0.00177","69.71836"
"84.50000","2.85637","5,067.87061","0.01227","0.00181","69.78231"
"84.60000","2.85973","5,072.51123","0.01232","0.00176","69.84621"
"84.70000","2.86287","5,075.11816","0.01229","0.00183","69.88211"
"84.71600","2.86347","4,746.73584","0.01229","0.00183","65.36043"
"84.72000","2.86362","4,300.87842","0.01229","0.00183","59.22117"
"84.72200","2.86369","4,040.04150","0.01229","0.00183","55.62957"
"84.72400","2.86384","3,761.83179","0.01229","0.00183","51.79874"
"84.72600","2.86392","3,474.07300","0.01229","0.00183","47.83643"
"84.72800","2.86399","3,183.25244","0.01229","0.00183","43.83196"
"84.73000","2.86407","2,893.57104","0.01229","0.00183","39.84318"
