Modulus (Segment 0.001 mm/mm - 0.008 mm/mm) : Modulus (Segment 0.001 mm/mm - 0.008 mm/mm),"14,187.41043",MPa
Poisson's ratio (Least squares fit) : Poisson's ratio (Least squares fit),"0.32367"
Specimen properties : Gauge length,"15.65000",mm
Specimen properties : Gauge length transverse,"5.13500",mm
Specimen properties : Thickness,"1.33000",mm
Specimen properties : Width,"14.93000",mm

Time,Extension,Load,Video axial strain,Video transverse strain,Calculated Stress
(s),(mm),(N),(mm/mm),(mm/mm),(MPa)
"0.00000","0.05030","14.33045","-0.00003","-0.00004","0.72169"
"0.10000","0.05119","13.83439","0.00001","-0.00006","0.69670"
"0.20000","0.05531","21.13296","0.00002","0.00012","1.06426"
"0.30000","0.06001","27.78838","0.00001","0.00022","1.39943"
"0.40000","0.06360","28.31079","-0.00001","0.00048","1.42574"
"0.50000","0.06711","30.42304","0.00005","0.00065","1.53211"
"0.60000","0.07025","32.82171","0.00003","0.00073","1.65291"
"0.70000","0.07362","35.21925","0.00003","0.00075","1.77365"
"0.80000","0.07705","38.62952","0.00000","0.00058","1.94540"
"0.90000","0.08034","40.62437","0.00001","0.00046","2.04586"
"1.00000","0.08363","42.11531","0.00008","0.00037","2.12094"
"1.10000","0.08707","44.38863","0.00003","0.00031","2.23543"
"1.20000","0.09043","46.33408","0.00000","0.00032","2.33340"
"1.30000","0.09357","48.81890","0.00001","0.00040","2.45854"
"1.40000","0.09693","50.65884","0.00005","0.00039","2.55120"
"1.50000","0.10037","52.44968","0.00007","0.00044","2.64138"
"1.60000","0.10359","54.62313","0.00006","0.00049","2.75084"
"1.70000","0.10702","57.16548","0.00007","0.00036","2.87887"
"1.80000","0.11046","59.29958","0.00010","0.00027","2.98635"
"1.90000","0.11360","62.01687","0.00006","0.00013","3.12319"
"2.00000","0.11696","65.56264","0.00012","0.00007","3.30176"
"2.10000","0.12033","68.71790","0.00007","0.00021","3.46066"
"2.20000","0.12369","71.97995","0.00013","0.00042","3.62493"
"2.30000","0.12705","74.76245","0.00006","0.00068","3.76506"
"2.40000","0.13042","77.95074","0.00011","0.00075","3.92563"
"2.50000","0.13370","80.66318","0.00012","0.00077","4.06222"
"2.60000","0.13692","83.32671","0.00011","0.00083","4.19636"
"2.70000","0.14028","85.51701","0.00010","0.00072","4.30666"
"2.80000","0.14372","88.94733","0.00012","0.00057","4.47942"
"2.90000","0.14693","90.10664","0.00011","0.00049","4.53780"
"3.00000","0.15037","91.43803","0.00012","0.00039","4.60485"
"3.10000","0.15381","92.60748","0.00011","0.00041","4.66374"
"3.20000","0.15695","94.01938","0.00009","0.00047","4.73485"
"3.30000","0.16039","95.89720","0.00012","0.00050","4.82941"
"3.40000","0.16367","97.30068","0.00011","0.00064","4.90009"
"3.50000","0.16689","98.67368","0.00008","0.00049","4.96924"
"3.60000","0.17033","100.02625","0.00012","0.00039","5.03735"
"3.70000","0.17361","102.19969","0.00007","0.00034","5.14681"
"3.80000","0.17705","104.40172","0.00013","0.00031","5.25770"
"3.90000","0.18034","105.01841","0.00007","0.00027","5.28876"
"4.00000","0.18363","107.76819","0.00012","0.00042","5.42724"
"4.10000","0.18714","108.34269","0.00009","0.00078","5.45617"
"4.20000","0.19021","109.83187","0.00012","0.00077","5.53117"
"4.30000","0.19364","110.90890","0.00009","0.00086","5.58541"
"4.40000","0.19708","113.11622","0.00011","0.00094","5.69657"
"4.50000","0.20022","113.32001","0.00010","0.00075","5.70683"
"4.60000","0.20373","114.37959","0.00007","0.00060","5.76019"
"4.70000","0.20710","114.88882","0.00011","0.00056","5.78584"
"4.80000","0.21031","115.05025","0.00007","0.00045","5.79397"
"4.90000","0.21367","116.81669","0.00009","0.00052","5.88293"
"5.00000","0.21696","117.29368","0.00007","0.00055","5.90695"
"5.10000","0.22040","117.10604","0.00008","0.00071","5.89750"
"5.20000","0.22369","118.77369","0.00008","0.00068","5.98148"
"5.30000","0.22698","120.61388","0.00009","0.00054","6.07415"
"5.40000","0.23049","122.68668","0.00011","0.00047","6.17854"
"5.50000","0.23355","125.61766","0.00012","0.00045","6.32615"
"5.60000","0.23699","128.51019","0.00011","0.00030","6.47182"
"5.70000","0.24035","131.57460","0.00014","0.00033","6.62614"
"5.80000","0.24349","134.34573","0.00012","0.00076","6.76570"
"5.90000","0.24701","137.92673","0.00015","0.00079","6.94604"
"6.00000","0.25044","141.85104","0.00016","0.00086","7.14367"
"6.10000","0.25366","145.65074","0.00019","0.00092","7.33502"
"6.20000","0.25702","149.01089","0.00015","0.00098","7.50424"
"6.30000","0.26031","152.73331","0.00018","0.00092","7.69170"
"6.40000","0.26360","156.29094","0.00019","0.00085","7.87086"
"6.50000","0.26689","160.11063","0.00018","0.00069","8.06322"
"6.60000","0.27032","164.09148","0.00020","0.00058","8.26370"
"6.70000","0.27384","168.78685","0.00020","0.00050","8.50016"
"6.80000","0.27697","171.19179","0.00021","0.00050","8.62127"
"6.90000","0.28041","174.88383","0.00024","0.00061","8.80721"
"7.00000","0.28378","178.40730","0.00024","0.00058","8.98465"
"7.10000","0.28684","180.36995","0.00026","0.00066","9.08349"
"7.20000","0.29035","183.80766","0.00024","0.00067","9.25661"
"7.30000","0.29379","186.21672","0.00029","0.00058","9.37794"
"7.40000","0.29700","188.43620","0.00028","0.00050","9.48971"
"7.50000","0.30037","191.65025","0.00027","0.00032","9.65157"
"7.60000","0.30373","194.02237","0.00033","0.00034","9.77103"
"7.70000","0.30702","197.39948","0.00030","0.00037","9.94110"
"7.80000","0.31023","200.04294","0.00029","0.00036","10.07423"
"7.90000","0.31367","204.03619","0.00033","0.00067","10.27533"
"8.00000","0.31703","207.33618","0.00031","0.00086","10.44152"
"8.10000","0.32025","210.10556","0.00035","0.00088","10.58099"
"8.20000","0.32376","213.85541","0.00036","0.00097","10.76983"
"8.30000","0.32712","216.18665","0.00043","0.00089","10.88723"
"8.40000","0.33019","218.77422","0.00039","0.00082","11.01754"
"8.50000","0.33370","223.00929","0.00040","0.00070","11.23082"
"8.60000","0.33699","225.77196","0.00041","0.00057","11.36995"
"8.70000","0.34028","227.75558","0.00048","0.00047","11.46985"
"8.80000","0.34371","230.46815","0.00046","0.00046","11.60645"
"8.90000","0.34708","232.73775","0.00050","0.00057","11.72075"
"9.00000","0.35037","236.13821","0.00047","0.00055","11.89200"
"9.10000","0.35365","238.35873","0.00046","0.00059","12.00382"
"9.20000","0.35702","241.31892","0.00050","0.00056","12.15290"
"9.30000","0.36031","243.93724","0.00050","0.00051","12.28476"
"9.40000","0.36352","247.04216","0.00051","0.00046","12.44112"
"9.50000","0.36711","250.34999","0.00050","0.00040","12.60771"
"9.60000","0.37040","254.25903","0.00046","0.00033","12.80457"
"9.70000","0.37361","257.53787","0.00052","0.00036","12.96969"
"9.80000","0.37705","260.26703","0.00050","0.00039","13.10713"
"9.90000","0.38034","264.51547","0.00050","0.00073","13.32109"
"10.00000","0.38355","267.35947","0.00050","0.00086","13.46431"
"10.10000","0.38699","271.29288","0.00054","0.00097","13.66240"
"10.20000","0.39043","274.99969","0.00053","0.00102","13.84908"
"10.30000","0.39364","279.32016","0.00056","0.00101","14.06666"
"10.40000","0.39700","283.19257","0.00057","0.00085","14.26167"
"10.50000","0.40037","288.39960","0.00054","0.00076","14.52390"
"10.60000","0.40365","292.32806","0.00055","0.00074","14.72174"
"10.70000","0.40687","296.59818","0.00060","0.00063","14.93678"
"10.80000","0.41031","302.31577","0.00057","0.00059","15.22472"
"10.90000","0.41367","306.51672","0.00058","0.00052","15.43628"
"11.00000","0.41696","311.88876","0.00057","0.00063","15.70682"
"11.10000","0.42039","316.67746","0.00058","0.00066","15.94798"
"11.20000","0.42376","321.97015","0.00058","0.00066","16.21452"
"11.30000","0.42697","327.52115","0.00062","0.00065","16.49407"
"11.40000","0.43034","332.42126","0.00061","0.00073","16.74084"
"11.50000","0.43370","337.35498","0.00064","0.00076","16.98931"
"11.60000","0.43691","341.38403","0.00069","0.00073","17.19221"
"11.70000","0.44035","346.06503","0.00070","0.00068","17.42795"
"11.80000","0.44371","350.79306","0.00073","0.00047","17.66605"
"11.90000","0.44700","354.96277","0.00071","0.00044","17.87604"
"12.00000","0.45029","359.35474","0.00072","0.00042","18.09722"
"12.10000","0.45365","364.87033","0.00077","0.00046","18.37499"
"12.20000","0.45694","369.33450","0.00079","0.00072","18.59981"
"12.30000","0.46023","374.65829","0.00079","0.00093","18.86791"
"12.40000","0.46367","378.50516","0.00080","0.00100","19.06164"
"12.50000","0.46703","383.10434","0.00079","0.00104","19.29326"
"12.60000","0.47032","388.74863","0.00082","0.00109","19.57751"
"12.70000","0.47368","393.91440","0.00083","0.00109","19.83766"
"12.80000","0.47705","398.78040","0.00084","0.00102","20.08271"
"12.90000","0.48026","403.39447","0.00085","0.00087","20.31508"
"13.00000","0.48362","409.02313","0.00087","0.00082","20.59854"
"13.10000","0.48714","414.68454","0.00086","0.00073","20.88365"
"13.20000","0.49035","418.76974","0.00087","0.00069","21.08938"
"13.30000","0.49371","424.44891","0.00091","0.00063","21.37539"
"13.40000","0.49708","429.31458","0.00091","0.00059","21.62042"
"13.50000","0.50036","434.47571","0.00089","0.00069","21.88034"
"13.60000","0.50358","440.26443","0.00095","0.00074","22.17186"
"13.70000","0.50702","444.82990","0.00093","0.00069","22.40178"
"13.80000","0.51038","450.56393","0.00097","0.00075","22.69055"
"13.90000","0.51367","455.69058","0.00097","0.00075","22.94873"
"14.00000","0.51703","461.35605","0.00102","0.00075","23.23404"
"14.10000","0.52054","465.98190","0.00100","0.00075","23.46700"
"14.20000","0.52353","470.87756","0.00104","0.00073","23.71355"
"14.30000","0.52697","475.84683","0.00103","0.00071","23.96380"
"14.40000","0.53041","481.66238","0.00105","0.00055","24.25668"
"14.50000","0.53362","487.14420","0.00108","0.00050","24.53274"
"14.60000","0.53698","492.09903","0.00108","0.00052","24.78227"
"14.70000","0.54042","497.68417","0.00114","0.00057","25.06354"
"14.80000","0.54371","502.11349","0.00113","0.00081","25.28660"
"14.90000","0.54700","507.48941","0.00114","0.00088","25.55733"
"15.00000","0.55029","512.56512","0.00116","0.00112","25.81295"
"15.10000","0.55365","518.74548","0.00119","0.00113","26.12419"
"15.20000","0.55686","523.02472","0.00120","0.00118","26.33970"
"15.30000","0.56030","528.70929","0.00119","0.00120","26.62597"
"15.40000","0.56382","534.55731","0.00120","0.00121","26.92048"
"15.50000","0.56695","539.84827","0.00124","0.00113","27.18694"
"15.60000","0.57032","545.23761","0.00128","0.00108","27.45835"
"15.70000","0.57376","550.17041","0.00126","0.00095","27.70676"
"15.80000","0.57689","555.11243","0.00128","0.00088","27.95564"
"15.90000","0.58041","561.44299","0.00129","0.00083","28.27445"
"16.00000","0.58377","566.48456","0.00131","0.00084","28.52835"
"16.10000","0.58706","572.33313","0.00136","0.00079","28.82288"
"16.20000","0.59035","576.95917","0.00136","0.00078","29.05585"
"16.30000","0.59371","583.00409","0.00138","0.00080","29.36028"
"16.40000","0.59707","587.92981","0.00137","0.00087","29.60834"
"16.50000","0.60021","592.60071","0.00141","0.00089","29.84357"
"16.60000","0.60365","598.19153","0.00142","0.00088","30.12512"
"16.70000","0.60709","604.32141","0.00142","0.00092","30.43382"
"16.80000","0.61023","609.38989","0.00143","0.00088","30.68908"
"16.90000","0.61374","613.93103","0.00146","0.00084","30.91777"
"17.00000","0.61710","619.38635","0.00146","0.00091","31.19250"
"17.10000","0.62017","624.25977","0.00148","0.00080","31.43793"
"17.20000","0.62368","629.46881","0.00149","0.00077","31.70026"
"17.30000","0.62704","634.86926","0.00150","0.00071","31.97223"
"17.40000","0.63033","639.72430","0.00154","0.00064","32.21672"
"17.50000","0.63377","645.70782","0.00155","0.00067","32.51806"
"17.60000","0.63706","650.50629","0.00158","0.00098","32.75971"
"17.70000","0.64042","655.86078","0.00158","0.00089","33.02937"
"17.80000","0.64356","659.84412","0.00164","0.00101","33.22997"
"17.90000","0.64700","665.57904","0.00164","0.00120","33.51878"
"18.00000","0.65036","671.13330","0.00162","0.00131","33.79849"
"18.10000","0.65357","674.93896","0.00166","0.00132","33.99015"
"18.20000","0.65709","680.27942","0.00168","0.00131","34.25909"
"18.30000","0.66045","686.00476","0.00168","0.00140","34.54742"
"18.40000","0.66359","689.03302","0.00170","0.00132","34.69993"
"18.50000","0.66703","695.23755","0.00170","0.00123","35.01239"
"18.60000","0.67032","700.43121","0.00172","0.00112","35.27394"
"18.70000","0.67353","704.80743","0.00172","0.00103","35.49434"
"18.80000","0.67697","709.81226","0.00174","0.00099","35.74638"
"18.90000","0.68033","715.15472","0.00177","0.00092","36.01543"
"19.00000","0.68369","720.49109","0.00182","0.00090","36.28417"
"19.10000","0.68698","725.31256","0.00183","0.00084","36.52698"
"19.20000","0.69034","729.84540","0.00181","0.00095","36.75525"
"19.30000","0.69363","735.77032","0.00186","0.00091","37.05363"
"19.40000","0.69685","739.26270","0.00187","0.00101","37.22951"
"19.50000","0.70036","744.10431","0.00189","0.00100","37.47334"
"19.60000","0.70372","749.80713","0.00187","0.00107","37.76053"
"19.70000","0.70694","753.94324","0.00188","0.00100","37.96883"
"19.80000","0.71045","759.07166","0.00190","0.00103","38.22710"
"19.90000","0.71374","764.04291","0.00190","0.00093","38.47745"
"20.00000","0.71695","768.77887","0.00193","0.00103","38.71596"
"20.10000","0.72031","773.66431","0.00196","0.00102","38.96199"
"20.20000","0.72368","778.08887","0.00198","0.00097","39.18481"
"20.30000","0.72697","783.31549","0.00202","0.00082","39.44802"
"20.40000","0.73033","788.54858","0.00202","0.00084","39.71157"
"20.50000","0.73369","793.40686","0.00206","0.00099","39.95623"
"20.60000","0.73706","798.83325","0.00208","0.00095","40.22950"
"20.70000","0.74019","802.83301","0.00209","0.00095","40.43093"
"20.80000","0.74363","808.24939","0.00210","0.00137","40.70370"
"20.90000","0.74707","812.43634","0.00212","0.00138","40.91456"
"21.00000","0.75028","817.28223","0.00213","0.00135","41.15860"
"21.10000","0.75372","823.10736","0.00216","0.00149","41.45196"
"21.20000","0.75708","827.56213","0.00219","0.00147","41.67630"
"21.30000","0.76030","832.63361","0.00217","0.00147","41.93170"
"21.40000","0.76366","837.26038","0.00218","0.00137","42.16471"
"21.50000","0.76695","841.81476","0.00218","0.00128","42.39407"
"21.60000","0.77024","846.30969","0.00222","0.00120","42.62043"
"21.70000","0.77360","851.15247","0.00220","0.00115","42.86432"
"21.80000","0.77711","856.94965","0.00221","0.00111","43.15627"
"21.90000","0.78033","860.95996","0.00225","0.00102","43.35823"
"22.00000","0.78362","866.49915","0.00226","0.00104","43.63718"
"22.10000","0.78705","871.71094","0.00229","0.00097","43.89965"
"22.20000","0.79034","876.80023","0.00230","0.00114","44.15595"
"22.30000","0.79356","880.70447","0.00231","0.00111","44.35257"
"22.40000","0.79707","885.99335","0.00232","0.00111","44.61892"
"22.50000","0.80043","890.97510","0.00235","0.00115","44.86980"
"22.60000","0.80365","895.30341","0.00234","0.00115","45.08777"
"22.70000","0.80701","899.86224","0.00236","0.00117","45.31736"
"22.80000","0.81045","904.46875","0.00238","0.00106","45.54934"
"22.90000","0.81359","909.40204","0.00245","0.00107","45.79779"
"23.00000","0.81695","914.18170","0.00244","0.00120","46.03849"
"23.10000","0.82039","919.28430","0.00247","0.00111","46.29546"
"23.20000","0.82360","923.90796","0.00244","0.00113","46.52831"
"23.30000","0.82696","928.25983","0.00251","0.00091","46.74747"
"23.40000","0.83040","932.66864","0.00250","0.00096","46.96950"
"23.50000","0.83369","938.11090","0.00253","0.00095","47.24357"
"23.60000","0.83690","941.45367","0.00254","0.00101","47.41191"
"23.70000","0.84027","947.22736","0.00255","0.00104","47.70268"
"23.80000","0.84370","952.42609","0.00255","0.00130","47.96449"
"23.90000","0.84692","956.53192","0.00258","0.00154","48.17126"
"24.00000","0.85036","961.36938","0.00261","0.00151","48.41488"
"24.10000","0.85379","966.25110","0.00263","0.00162","48.66072"
"24.20000","0.85686","970.27106","0.00265","0.00163","48.86317"
"24.30000","0.86030","974.86816","0.00267","0.00159","49.09468"
"24.40000","0.86373","980.72858","0.00267","0.00151","49.38981"
"24.50000","0.86695","984.73907","0.00269","0.00144","49.59178"
"24.60000","0.87039","988.90857","0.00265","0.00136","49.80176"
"24.70000","0.87375","995.84430","0.00273","0.00136","50.15105"
"24.80000","0.87704","999.19904","0.00272","0.00128","50.31999"
"24.90000","0.88033","1,002.91998","0.00274","0.00118","50.50738"
"25.00000","0.88361","1,007.46521","0.00276","0.00119","50.73628"
"25.10000","0.88698","1,012.79895","0.00279","0.00114","51.00489"
"25.20000","0.89019","1,017.88965","0.00279","0.00118","51.26126"
"25.30000","0.89363","1,021.88147","0.00281","0.00126","51.46229"
"25.40000","0.89714","1,026.76428","0.00280","0.00129","51.70819"
"25.50000","0.90021","1,030.53345","0.00284","0.00129","51.89800"
"25.60000","0.90372","1,036.05286","0.00287","0.00127","52.17596"
"25.70000","0.90708","1,040.61230","0.00286","0.00128","52.40558"
"25.80000","0.91022","1,044.19678","0.00289","0.00127","52.58609"
"25.90000","0.91366","1,049.36487","0.00293","0.00120","52.84636"
"26.00000","0.91702","1,053.91101","0.00291","0.00130","53.07531"
"26.10000","0.92038","1,058.76599","0.00290","0.00136","53.31980"
"26.20000","0.92375","1,063.60120","0.00297","0.00129","53.56330"
"26.30000","0.92704","1,068.52161","0.00298","0.00121","53.81110"
"26.40000","0.93040","1,072.89026","0.00301","0.00110","54.03111"
"26.50000","0.93354","1,076.81055","0.00300","0.00109","54.22853"
"26.60000","0.93698","1,081.73352","0.00303","0.00113","54.47646"
"26.70000","0.94041","1,086.08838","0.00304","0.00114","54.69577"
"26.80000","0.94355","1,090.67114","0.00303","0.00122","54.92656"
"26.90000","0.94707","1,094.78882","0.00308","0.00162","55.13392"
"27.00000","0.95043","1,099.95947","0.00309","0.00171","55.39432"
"27.10000","0.95349","1,103.69470","0.00311","0.00174","55.58243"
"27.20000","0.95701","1,108.66833","0.00312","0.00181","55.83290"
"27.30000","0.96029","1,113.08997","0.00309","0.00170","56.05558"
"27.40000","0.96358","1,117.62878","0.00315","0.00175","56.28415"
"27.50000","0.96702","1,121.90857","0.00314","0.00160","56.49968"
"27.60000","0.97031","1,126.53052","0.00318","0.00156","56.73244"
"27.70000","0.97367","1,131.30847","0.00317","0.00147","56.97306"
"27.80000","0.97689","1,134.78625","0.00319","0.00145","57.14821"
"27.90000","0.98032","1,140.62219","0.00326","0.00140","57.44211"
"28.00000","0.98369","1,144.48157","0.00323","0.00139","57.63647"
"28.10000","0.98683","1,148.02661","0.00325","0.00129","57.81500"
"28.20000","0.99041","1,152.76160","0.00327","0.00131","58.05345"
"28.30000","0.99378","1,158.57336","0.00328","0.00136","58.34613"
"28.40000","0.99692","1,161.73950","0.00329","0.00141","58.50558"
"28.50000","1.00043","1,166.95667","0.00335","0.00141","58.76832"
"28.60000","1.00364","1,170.71423","0.00336","0.00142","58.95755"
"28.70000","1.00693","1,175.55676","0.00333","0.00145","59.20142"
"28.80000","1.01037","1,180.12903","0.00337","0.00149","59.43169"
"28.90000","1.01373","1,184.68274","0.00340","0.00141","59.66101"
"29.00000","1.01702","1,188.91992","0.00343","0.00129","59.87440"
"29.10000","1.02031","1,193.35510","0.00342","0.00127","60.09776"
"29.20000","1.02367","1,198.16956","0.00346","0.00149","60.34021"
"29.30000","1.02703","1,202.70398","0.00341","0.00152","60.56857"
"29.40000","1.03017","1,206.62488","0.00347","0.00131","60.76603"
"29.50000","1.03369","1,211.31982","0.00352","0.00132","61.00246"
"29.60000","1.03705","1,215.88159","0.00352","0.00131","61.23220"
"29.70000","1.04026","1,220.06067","0.00350","0.00130","61.44266"
"29.80000","1.04370","1,224.55750","0.00353","0.00135","61.66912"
"29.90000","1.04706","1,229.07715","0.00357","0.00160","61.89673"
"30.00000","1.05028","1,233.10815","0.00357","0.00170","62.09973"
"30.10000","1.05364","1,237.64465","0.00364","0.00176","62.32819"
"30.20000","1.05700","1,242.33838","0.00360","0.00192","62.56457"
"30.30000","1.06029","1,246.71362","0.00361","0.00191","62.78491"
"30.40000","1.06358","1,250.38843","0.00361","0.00198","62.96997"
"30.50000","1.06709","1,255.18018","0.00367","0.00179","63.21128"
"30.60000","1.07038","1,260.02747","0.00366","0.00180","63.45540"
"30.70000","1.07360","1,263.46057","0.00369","0.00169","63.62829"
"30.80000","1.07703","1,268.04736","0.00371","0.00163","63.85928"
"30.90000","1.08032","1,271.94495","0.00376","0.00161","64.05556"
"31.00000","1.08361","1,276.50000","0.00374","0.00153","64.28496"
"31.10000","1.08705","1,281.29724","0.00372","0.00153","64.52655"
"31.20000","1.09049","1,284.95679","0.00374","0.00152","64.71085"
"31.30000","1.09362","1,288.63013","0.00379","0.00144","64.89584"
"31.40000","1.09699","1,293.69470","0.00381","0.00155","65.15089"
"31.50000","1.10035","1,297.65100","0.00381","0.00158","65.35013"
"31.60000","1.10356","1,301.98425","0.00384","0.00157","65.56835"
"31.70000","1.10693","1,306.09607","0.00384","0.00166","65.77543"
"31.80000","1.11037","1,310.04968","0.00387","0.00162","65.97453"
"31.90000","1.11373","1,315.48096","0.00390","0.00167","66.24805"
"32.00000","1.11702","1,318.97937","0.00389","0.00163","66.42423"
"32.10000","1.12038","1,324.03784","0.00391","0.00151","66.67898"
"32.20000","1.12367","1,326.71619","0.00391","0.00153","66.81387"
"32.30000","1.12688","1,331.66174","0.00396","0.00153","67.06292"
"32.40000","1.13032","1,336.51831","0.00394","0.00170","67.30750"
"32.50000","1.13376","1,339.96423","0.00397","0.00158","67.48104"
"32.60000","1.13697","1,344.26501","0.00401","0.00144","67.69762"
"32.70000","1.14034","1,348.30505","0.00399","0.00151","67.90108"
"32.80000","1.14377","1,353.27332","0.00407","0.00151","68.15129"
"32.90000","1.14691","1,356.64307","0.00405","0.00155","68.32099"
"33.00000","1.15028","1,360.97070","0.00402","0.00182","68.53893"
"33.10000","1.15371","1,365.33630","0.00410","0.00183","68.75878"
"33.20000","1.15693","1,369.01721","0.00407","0.00211","68.94415"
"33.30000","1.16036","1,373.35767","0.00411","0.00211","69.16274"
"33.40000","1.16380","1,377.51941","0.00410","0.00213","69.37233"
"33.50000","1.16702","1,381.53369","0.00412","0.00214","69.57449"
"33.60000","1.17023","1,385.44910","0.00414","0.00196","69.77167"
"33.70000","1.17359","1,390.10547","0.00413","0.00194","70.00616"
"33.80000","1.17703","1,394.26697","0.00421","0.00182","70.21574"
"33.90000","1.18017","1,397.88623","0.00420","0.00174","70.39801"
"34.00000","1.18368","1,402.37378","0.00421","0.00176","70.62400"
"34.10000","1.18720","1,406.73108","0.00427","0.00170","70.84344"
"34.20000","1.19018","1,410.41394","0.00425","0.00163","71.02891"
"34.30000","1.19362","1,414.67175","0.00426","0.00168","71.24333"
"34.40000","1.19706","1,419.66357","0.00430","0.00170","71.49472"
"34.50000","1.20020","1,423.87964","0.00430","0.00178","71.70705"
"34.60000","1.20371","1,426.78406","0.00432","0.00174","71.85331"
"34.70000","1.20708","1,431.98328","0.00437","0.00179","72.11515"
"34.80000","1.21036","1,436.26819","0.00437","0.00179","72.33094"
"34.90000","1.21365","1,439.89465","0.00438","0.00179","72.51357"
"35.00000","1.21702","1,444.96533","0.00438","0.00178","72.76893"
"35.10000","1.22038","1,448.36768","0.00440","0.00179","72.94027"
"35.20000","1.22352","1,452.23389","0.00444","0.00171","73.13497"
"35.30000","1.22703","1,455.92627","0.00444","0.00175","73.32092"
"35.40000","1.23054","1,460.49146","0.00451","0.00162","73.55083"
"35.50000","1.23361","1,464.45764","0.00446","0.00180","73.75056"
"35.60000","1.23705","1,469.10986","0.00449","0.00171","73.98486"
"35.70000","1.24041","1,472.41321","0.00449","0.00163","74.15121"
"35.80000","1.24347","1,477.03162","0.00450","0.00162","74.38380"
"35.90000","1.24699","1,481.12732","0.00451","0.00168","74.59006"
"36.00000","1.25035","1,485.87097","0.00454","0.00172","74.82895"
"36.10000","1.25364","1,490.18567","0.00456","0.00203","75.04624"
"36.20000","1.25700","1,493.12146","0.00456","0.00205","75.19408"
"36.30000","1.26036","1,497.76501","0.00463","0.00210","75.42794"
"36.40000","1.26373","1,501.99548","0.00461","0.00229","75.64098"
"36.50000","1.26687","1,505.30273","0.00470","0.00221","75.80754"
"36.60000","1.27030","1,509.28088","0.00465","0.00225","76.00788"
"36.70000","1.27374","1,513.25452","0.00468","0.00212","76.20799"
"36.80000","1.27688","1,517.99902","0.00471","0.00202","76.44693"
"36.90000","1.28039","1,521.30774","0.00467","0.00203","76.61356"
"37.00000","1.28383","1,526.76965","0.00470","0.00191","76.88862"
"37.10000","1.28689","1,528.77832","0.00473","0.00190","76.98978"
"37.20000","1.29041","1,532.72632","0.00474","0.00186","77.18860"
"37.30000","1.29370","1,537.55920","0.00476","0.00180","77.43198"
"37.40000","1.29698","1,541.61218","0.00476","0.00181","77.63609"
"37.50000","1.30035","1,545.33362","0.00481","0.00189","77.82351"
"37.60000","1.30364","1,549.69336","0.00485","0.00190","78.04307"
"37.70000","1.30707","1,554.12903","0.00485","0.00196","78.26645"
"37.80000","1.31029","1,558.51868","0.00486","0.00199","78.48751"
"37.90000","1.31365","1,561.65002","0.00487","0.00198","78.64521"
"38.00000","1.31701","1,565.26379","0.00491","0.00195","78.82720"
"38.10000","1.32015","1,570.11743","0.00492","0.00191","79.07163"
"38.20000","1.32374","1,573.75024","0.00492","0.00179","79.25458"
"38.30000","1.32710","1,578.20898","0.00497","0.00178","79.47913"
"38.40000","1.33024","1,580.57849","0.00492","0.00189","79.59845"
"38.50000","1.33368","1,585.99353","0.00498","0.00190","79.87115"
"38.60000","1.33697","1,588.46436","0.00499","0.00190","79.99558"
"38.70000","1.34026","1,593.45898","0.00499","0.00181","80.24712"
"38.80000","1.34369","1,597.01465","0.00502","0.00174","80.42618"
"38.90000","1.34698","1,600.67664","0.00502","0.00182","80.61060"
"39.00000","1.35035","1,605.05078","0.00502","0.00184","80.83089"
"39.10000","1.35363","1,608.89307","0.00502","0.00204","81.02438"
"39.20000","1.35707","1,612.79602","0.00506","0.00203","81.22094"
"39.30000","1.36044","1,616.72534","0.00509","0.00243","81.41882"
"39.40000","1.36350","1,620.64856","0.00509","0.00241","81.61639"
"39.50000","1.36701","1,624.33716","0.00511","0.00246","81.80215"
"39.60000","1.37038","1,628.87598","0.00511","0.00248","82.03073"
"39.70000","1.37359","1,633.02905","0.00515","0.00232","82.23988"
"39.80000","1.37703","1,636.90576","0.00518","0.00228","82.43511"
"39.90000","1.38039","1,640.54822","0.00521","0.00217","82.61855"
"40.00000","1.38360","1,644.62378","0.00523","0.00213","82.82379"
"40.10000","1.38697","1,647.81665","0.00524","0.00208","82.98459"
"40.20000","1.39033","1,652.33423","0.00529","0.00206","83.21210"
"40.30000","1.39362","1,655.85925","0.00525","0.00199","83.38962"
"40.40000","1.39698","1,660.14917","0.00531","0.00200","83.60566"
"40.50000","1.40042","1,664.08533","0.00533","0.00198","83.80389"
"40.60000","1.40363","1,668.38135","0.00532","0.00206","84.02023"
"40.70000","1.40692","1,671.50354","0.00532","0.00206","84.17747"
"40.80000","1.41036","1,676.25513","0.00531","0.00214","84.41676"
"40.90000","1.41365","1,679.93457","0.00538","0.00212","84.60206"
"41.00000","1.41694","1,683.60449","0.00534","0.00214","84.78687"
"41.10000","1.42037","1,687.73608","0.00542","0.00213","84.99494"
"41.20000","1.42374","1,691.61841","0.00539","0.00207","85.19046"
"41.30000","1.42695","1,695.46680","0.00539","0.00205","85.38426"
"41.40000","1.43031","1,699.39758","0.00543","0.00206","85.58222"
"41.50000","1.43375","1,703.27234","0.00543","0.00206","85.77735"
"41.60000","1.43697","1,707.29309","0.00547","0.00206","85.97984"
"41.70000","1.44025","1,710.91467","0.00548","0.00195","86.16222"
"41.80000","1.44377","1,715.08154","0.00549","0.00197","86.37207"
"41.90000","1.44698","1,718.90332","0.00554","0.00195","86.56454"
"42.00000","1.45027","1,722.19519","0.00551","0.00196","86.73032"
"42.10000","1.45371","1,725.66565","0.00558","0.00203","86.90509"
"42.20000","1.45707","1,730.17175","0.00559","0.00207","87.13202"
"42.30000","1.46021","1,734.00208","0.00560","0.00217","87.32491"
"42.40000","1.46365","1,737.80811","0.00561","0.00253","87.51659"
"42.50000","1.46709","1,741.65198","0.00562","0.00263","87.71017"
"42.60000","1.47030","1,744.87537","0.00566","0.00263","87.87250"
"42.70000","1.47366","1,749.09424","0.00566","0.00258","88.08496"
"42.80000","1.47710","1,753.90820","0.00567","0.00245","88.32739"
"42.90000","1.48024","1,757.13281","0.00568","0.00243","88.48978"
"43.00000","1.48360","1,761.16467","0.00573","0.00235","88.69283"
"43.10000","1.48704","1,764.78674","0.00573","0.00229","88.87524"
"43.20000","1.49033","1,768.79016","0.00575","0.00224","89.07685"
"43.30000","1.49369","1,772.72058","0.00576","0.00223","89.27479"
"43.40000","1.49705","1,776.20093","0.00573","0.00214","89.45006"
"43.50000","1.50034","1,780.24341","0.00576","0.00208","89.65364"
"43.60000","1.50363","1,784.02478","0.00580","0.00217","89.84407"
"43.70000","1.50692","1,787.61389","0.00575","0.00225","90.02482"
"43.80000","1.51036","1,791.45728","0.00586","0.00226","90.21838"
"43.90000","1.51357","1,796.38306","0.00584","0.00224","90.46644"
"44.00000","1.51701","1,800.18494","0.00590","0.00227","90.65791"
"44.10000","1.52052","1,803.83533","0.00589","0.00225","90.84174"
"44.20000","1.52359","1,807.02490","0.00593","0.00228","91.00237"
"44.30000","1.52702","1,810.60010","0.00594","0.00217","91.18242"
"44.40000","1.53039","1,814.54919","0.00595","0.00219","91.38129"
"44.50000","1.53353","1,817.97290","0.00596","0.00216","91.55371"
"44.60000","1.53704","1,822.56775","0.00597","0.00220","91.78511"
"44.70000","1.54040","1,825.92053","0.00599","0.00215","91.95396"
"44.80000","1.54369","1,829.90601","0.00602","0.00210","92.15467"
"44.90000","1.54698","1,833.88721","0.00603","0.00212","92.35516"
"45.00000","1.55034","1,837.70398","0.00608","0.00219","92.54738"
"45.10000","1.55371","1,841.57690","0.00602","0.00209","92.74242"
"45.20000","1.55684","1,845.00110","0.00604","0.00218","92.91486"
"45.30000","1.56036","1,849.81152","0.00609","0.00230","93.15711"
"45.40000","1.56379","1,853.11267","0.00610","0.00239","93.32336"
"45.50000","1.56686","1,857.08167","0.00612","0.00251","93.52324"
"45.60000","1.57037","1,860.21960","0.00614","0.00278","93.68127"
"45.70000","1.57373","1,864.20471","0.00611","0.00277","93.88196"
"45.80000","1.57695","1,867.31616","0.00612","0.00272","94.03866"
"45.90000","1.58039","1,872.37061","0.00618","0.00262","94.29320"
"46.00000","1.58367","1,875.46558","0.00621","0.00259","94.44906"
"46.10000","1.58704","1,878.91833","0.00618","0.00249","94.62295"
"46.20000","1.59033","1,883.46008","0.00618","0.00246","94.85167"
"46.30000","1.59369","1,887.43677","0.00624","0.00238","95.05193"
"46.40000","1.59705","1,891.07690","0.00625","0.00235","95.23525"
"46.50000","1.60019","1,893.88269","0.00629","0.00230","95.37656"
"46.60000","1.60363","1,898.68896","0.00630","0.00235","95.61860"
"46.70000","1.60707","1,902.91479","0.00634","0.00230","95.83141"
"46.80000","1.61021","1,906.55286","0.00636","0.00240","96.01463"
"46.90000","1.61372","1,910.31714","0.00637","0.00239","96.20420"
"47.00000","1.61708","1,913.18005","0.00637","0.00242","96.34837"
"47.10000","1.62022","1,917.37158","0.00636","0.00242","96.55946"
"47.20000","1.62366","1,920.83899","0.00640","0.00237","96.73409"
"47.30000","1.62687","1,924.43762","0.00642","0.00242","96.91531"
"47.40000","1.63024","1,928.21765","0.00642","0.00233","97.10567"
"47.50000","1.63367","1,931.96912","0.00643","0.00236","97.29460"
"47.60000","1.63704","1,936.03052","0.00649","0.00230","97.49913"
"47.70000","1.64047","1,939.72778","0.00648","0.00234","97.68533"
"47.80000","1.64361","1,943.72644","0.00651","0.00225","97.88670"
"47.90000","1.64698","1,946.82910","0.00652","0.00227","98.04295"
"48.00000","1.65041","1,950.86108","0.00652","0.00231","98.24600"
"48.10000","1.65348","1,955.12646","0.00654","0.00225","98.46081"
"48.20000","1.65714","1,957.87769","0.00658","0.00231","98.59937"
"48.30000","1.66043","1,961.85730","0.00657","0.00240","98.79977"
"48.40000","1.66364","1,965.51062","0.00661","0.00239","98.98376"
"48.50000","1.66708","1,969.60608","0.00664","0.00249","99.19001"
"48.60000","1.67037","1,973.41797","0.00659","0.00267","99.38197"
"48.70000","1.67366","1,976.49854","0.00666","0.00259","99.53712"
"48.80000","1.67695","1,980.72339","0.00664","0.00289","99.74988"
"48.90000","1.68031","1,984.45093","0.00669","0.00284","99.93760"
"49.00000","1.68375","1,988.51819","0.00671","0.00276","100.14243"
"49.10000","1.68689","1,992.37341","0.00668","0.00261","100.33658"
"49.20000","1.69040","1,995.11157","0.00667","0.00259","100.47447"
"49.30000","1.69376","1,999.55884","0.00672","0.00259","100.69844"
"49.40000","1.69683","2,003.18677","0.00669","0.00250","100.88114"
"49.50000","1.70034","2,007.14307","0.00677","0.00249","101.08038"
"49.60000","1.70370","2,010.49524","0.00679","0.00243","101.24920"
"49.70000","1.70692","2,014.25757","0.00679","0.00249","101.43867"
"49.80000","1.71043","2,018.38391","0.00680","0.00251","101.64648"
"49.90000","1.71379","2,021.90015","0.00683","0.00250","101.82355"
"50.00000","1.71701","2,025.85498","0.00685","0.00252","102.02272"
"50.10000","1.72029","2,029.69849","0.00689","0.00254","102.21628"
"50.20000","1.72366","2,032.94385","0.00690","0.00257","102.37972"
"50.30000","1.72702","2,037.69641","0.00689","0.00261","102.61906"
"50.40000","1.73023","2,041.33313","0.00691","0.00253","102.80221"
"50.50000","1.73375","2,045.39465","0.00691","0.00249","103.00674"
"50.60000","1.73711","2,048.86621","0.00696","0.00241","103.18157"
"50.70000","1.74025","2,051.40308","0.00696","0.00251","103.30933"
"50.80000","1.74369","2,056.18359","0.00701","0.00247","103.55008"
"50.90000","1.74705","2,059.80811","0.00699","0.00250","103.73261"
"51.00000","1.75019","2,063.87793","0.00700","0.00244","103.93757"
"51.10000","1.75370","2,067.34375","0.00704","0.00248","104.11211"
"51.20000","1.75714","2,071.55469","0.00705","0.00244","104.32417"
"51.30000","1.76035","2,075.27075","0.00705","0.00245","104.51131"
"51.40000","1.76372","2,079.11572","0.00709","0.00249","104.70495"
"51.50000","1.76700","2,082.36572","0.00709","0.00262","104.86862"
"51.60000","1.77022","2,087.09106","0.00713","0.00267","105.10659"
"51.70000","1.77358","2,090.23047","0.00716","0.00270","105.26469"
"51.80000","1.77709","2,094.35400","0.00712","0.00297","105.47236"
"51.90000","1.78031","2,098.28979","0.00715","0.00306","105.67056"
"52.00000","1.78360","2,101.86206","0.00716","0.00296","105.85046"
"52.10000","1.78703","2,106.48462","0.00721","0.00291","106.08326"
"52.20000","1.79040","2,109.27515","0.00722","0.00278","106.22379"
"52.30000","1.79354","2,113.54004","0.00724","0.00276","106.43857"
"52.40000","1.79697","2,116.58374","0.00719","0.00268","106.59185"
"52.50000","1.80041","2,120.33057","0.00725","0.00262","106.78054"
"52.60000","1.80363","2,124.37256","0.00729","0.00264","106.98410"
"52.70000","1.80699","2,127.09009","0.00731","0.00258","107.12096"
"52.80000","1.81043","2,130.89282","0.00729","0.00256","107.31246"
"52.90000","1.81357","2,134.97144","0.00733","0.00265","107.51786"
"53.00000","1.81693","2,138.48730","0.00735","0.00270","107.69492"
"53.10000","1.82037","2,142.07666","0.00736","0.00268","107.87569"
"53.20000","1.82365","2,146.20923","0.00738","0.00269","108.08380"
"53.30000","1.82694","2,149.09326","0.00735","0.00271","108.22904"
"53.40000","1.83038","2,153.63599","0.00740","0.00273","108.45782"
"53.50000","1.83374","2,157.54980","0.00741","0.00271","108.65491"
"53.60000","1.83696","2,160.83276","0.00745","0.00264","108.82024"
"53.70000","1.84025","2,164.34668","0.00744","0.00258","108.99721"
"53.80000","1.84368","2,168.29028","0.00746","0.00265","109.19581"
"53.90000","1.84682","2,171.60010","0.00747","0.00267","109.36250"
"54.00000","1.85034","2,176.23486","0.00751","0.00260","109.59590"
"54.10000","1.85377","2,179.51196","0.00752","0.00263","109.76094"
"54.20000","1.85691","2,183.17822","0.00754","0.00251","109.94557"
"54.30000","1.86035","2,186.73730","0.00754","0.00264","110.12481"
"54.40000","1.86371","2,190.80566","0.00757","0.00267","110.32969"
"54.50000","1.86693","2,194.17065","0.00758","0.00269","110.49915"
"54.60000","1.87029","2,197.29053","0.00760","0.00277","110.65627"
"54.70000","1.87373","2,201.36938","0.00762","0.00286","110.86169"
"54.80000","1.87702","2,205.96802","0.00763","0.00288","111.09328"
"54.90000","1.88038","2,208.64990","0.00765","0.00301","111.22833"
"55.00000","1.88374","2,212.22412","0.00766","0.00324","111.40833"
"55.10000","1.88703","2,215.76074","0.00770","0.00310","111.58644"
"55.20000","1.89017","2,219.45166","0.00770","0.00299","111.77232"
"55.30000","1.89361","2,223.25220","0.00772","0.00295","111.96371"
"55.40000","1.89705","2,226.59229","0.00771","0.00288","112.13192"
"55.50000","1.90026","2,230.85962","0.00770","0.00284","112.34682"
"55.60000","1.90370","2,234.79541","0.00775","0.00283","112.54503"
"55.70000","1.90706","2,238.16528","0.00774","0.00273","112.71474"
"55.80000","1.91028","2,241.70752","0.00778","0.00274","112.89313"
"55.90000","1.91364","2,246.08203","0.00780","0.00283","113.11343"
"56.00000","1.91693","2,249.05713","0.00782","0.00282","113.26325"
"56.10000","1.92029","2,253.17700","0.00783","0.00285","113.47073"
"56.20000","1.92365","2,257.32227","0.00786","0.00282","113.67949"
"56.30000","1.92694","2,260.59229","0.00786","0.00288","113.84417"
"56.40000","1.93045","2,264.32739","0.00789","0.00288","114.03227"
"56.50000","1.93352","2,267.30713","0.00790","0.00287","114.18233"
"56.60000","1.93696","2,271.91650","0.00790","0.00279","114.41446"
"56.70000","1.94039","2,274.61206","0.00794","0.00270","114.55021"
"56.80000","1.94353","2,278.91016","0.00793","0.00280","114.76666"
"56.90000","1.94712","2,282.68140","0.00799","0.00282","114.95658"
"57.00000","1.95041","2,286.90112","0.00799","0.00281","115.16909"
"57.10000","1.95362","2,290.35400","0.00795","0.00276","115.34298"
"57.20000","1.95706","2,294.72803","0.00800","0.00272","115.56326"
"57.30000","1.96027","2,297.26318","0.00801","0.00270","115.69093"
"57.40000","1.96364","2,300.77808","0.00804","0.00275","115.86794"
"57.50000","1.96693","2,305.16895","0.00807","0.00282","116.08907"
"57.60000","1.97029","2,309.24170","0.00807","0.00284","116.29417"
"57.70000","1.97373","2,313.76782","0.00811","0.00294","116.52211"
"57.80000","1.97687","2,315.95923","0.00813","0.00304","116.63247"
"57.90000","1.98038","2,320.45508","0.00813","0.00308","116.85888"
"58.00000","1.98374","2,323.44653","0.00818","0.00314","117.00953"
"58.10000","1.98688","2,327.62085","0.00817","0.00323","117.21975"
"58.20000","1.99039","2,331.40186","0.00819","0.00311","117.41016"
"58.30000","1.99376","2,334.52979","0.00819","0.00314","117.56769"
"58.40000","1.99697","2,337.93018","0.00818","0.00310","117.73893"
"58.50000","2.00041","2,341.35156","0.00823","0.00301","117.91123"
"58.60000","2.00370","2,345.39404","0.00824","0.00300","118.11481"
"58.70000","2.00698","2,349.61450","0.00825","0.00297","118.32735"
"58.80000","2.01027","2,352.68066","0.00827","0.00289","118.48177"
"58.90000","2.01364","2,356.05664","0.00828","0.00285","118.65179"
"59.00000","2.01707","2,360.41162","0.00830","0.00295","118.87110"
"59.10000","2.02021","2,364.60742","0.00832","0.00298","119.08241"
"59.20000","2.02373","2,367.87354","0.00832","0.00300","119.24689"
"59.30000","2.02709","2,372.10645","0.00834","0.00300","119.46006"
"59.40000","2.03023","2,374.79321","0.00836","0.00306","119.59537"
"59.50000","2.03367","2,379.14185","0.00837","0.00302","119.81436"
"59.60000","2.03703","2,382.88306","0.00841","0.00300","120.00277"
"59.70000","2.04024","2,386.63428","0.00840","0.00298","120.19169"
"59.80000","2.04368","2,390.09570","0.00843","0.00282","120.36600"
"59.90000","2.04712","2,394.28638","0.00843","0.00295","120.57705"
"60.00000","2.05033","2,396.89282","0.00845","0.00295","120.70831"
"60.10000","2.05362","2,401.85693","0.00848","0.00295","120.95831"
"60.20000","2.05698","2,404.86523","0.00850","0.00291","121.10980"
"60.30000","2.06027","2,408.61987","0.00853","0.00283","121.29889"
"60.40000","2.06356","2,412.48267","0.00853","0.00286","121.49342"
"60.50000","2.06707","2,415.11206","0.00855","0.00289","121.62584"
"60.60000","2.07036","2,419.19727","0.00857","0.00288","121.83157"
"60.70000","2.07358","2,422.54761","0.00858","0.00298","122.00029"
"60.80000","2.07701","2,426.37915","0.00861","0.00306","122.19325"
"60.90000","2.08038","2,429.93799","0.00864","0.00315","122.37247"
"61.00000","2.08359","2,433.01196","0.00865","0.00316","122.52728"
"61.10000","2.08703","2,438.35474","0.00865","0.00331","122.79634"
"61.20000","2.09047","2,441.39038","0.00869","0.00324","122.94922"
"61.30000","2.09360","2,445.54785","0.00868","0.00332","123.15859"
"61.40000","2.09697","2,449.29175","0.00870","0.00334","123.34714"
"61.50000","2.10041","2,452.95703","0.00870","0.00324","123.53172"
"61.60000","2.10362","2,457.11597","0.00873","0.00317","123.74117"
"61.70000","2.10691","2,460.39868","0.00874","0.00310","123.90649"
"61.80000","2.11042","2,463.94580","0.00876","0.00308","124.08512"
"61.90000","2.11371","2,467.79883","0.00878","0.00303","124.27916"
"62.00000","2.11700","2,471.17505","0.00878","0.00301","124.44919"
"62.10000","2.12043","2,474.93994","0.00881","0.00310","124.63879"
"62.20000","2.12372","2,479.30615","0.00882","0.00310","124.85867"
"62.30000","2.12686","2,482.48511","0.00884","0.00314","125.01877"
"62.40000","2.13030","2,486.18262","0.00884","0.00313","125.20497"
"62.50000","2.13366","2,489.32593","0.00889","0.00319","125.36327"
"62.60000","2.13688","2,493.86255","0.00886","0.00317","125.59174"
"62.70000","2.14032","2,496.98145","0.00890","0.00320","125.74880"
"62.80000","2.14383","2,501.46094","0.00891","0.00309","125.97440"
"62.90000","2.14697","2,505.11792","0.00892","0.00307","126.15856"
"63.00000","2.15033","2,508.06396","0.00895","0.00299","126.30692"
"63.10000","2.15369","2,513.03833","0.00895","0.00310","126.55743"
"63.20000","2.15698","2,516.06909","0.00899","0.00313","126.71007"
"63.30000","2.16034","2,519.27271","0.00900","0.00306","126.87140"
"63.40000","2.16371","2,524.12085","0.00903","0.00299","127.11555"
"63.50000","2.16707","2,527.40308","0.00904","0.00300","127.28085"
"63.60000","2.17028","2,530.06641","0.00904","0.00298","127.41498"
"63.70000","2.17365","2,534.01611","0.00908","0.00310","127.61388"
"63.80000","2.17709","2,537.84766","0.00909","0.00318","127.80684"
"63.90000","2.18022","2,541.87256","0.00911","0.00334","128.00954"
"64.00000","2.18366","2,545.21826","0.00912","0.00327","128.17802"
"64.10000","2.18710","2,548.36914","0.00915","0.00330","128.33670"
"64.20000","2.19031","2,552.46167","0.00916","0.00334","128.54280"
"64.30000","2.19375","2,556.64819","0.00918","0.00344","128.75365"
"64.40000","2.19704","2,559.84473","0.00919","0.00334","128.91463"
"64.50000","2.20025","2,563.18506","0.00921","0.00335","129.08284"
"64.60000","2.20362","2,567.89038","0.00921","0.00339","129.31981"
"64.70000","2.20698","2,570.91968","0.00922","0.00331","129.47235"
"64.80000","2.21034","2,574.63574","0.00926","0.00325","129.65950"
"64.90000","2.21363","2,578.31201","0.00927","0.00325","129.84464"
"65.00000","2.21700","2,581.81885","0.00926","0.00323","130.02124"
"65.10000","2.22036","2,586.10327","0.00929","0.00331","130.23701"
"65.20000","2.22350","2,588.83545","0.00930","0.00327","130.37460"
"65.30000","2.22694","2,592.89624","0.00932","0.00330","130.57910"
"65.40000","2.23045","2,596.49609","0.00932","0.00331","130.76039"
"65.50000","2.23359","2,600.09131","0.00935","0.00329","130.94145"
"65.60000","2.23710","2,603.80225","0.00937","0.00331","131.12834"
"65.70000","2.24046","2,607.61792","0.00938","0.00328","131.32050"
"65.80000","2.24360","2,610.06250","0.00939","0.00325","131.44360"
"65.90000","2.24696","2,614.84521","0.00940","0.00319","131.68446"
"66.00000","2.25025","2,618.06079","0.00944","0.00320","131.84641"
"66.10000","2.25369","2,622.00171","0.00945","0.00309","132.04486"
"66.20000","2.25698","2,625.11035","0.00946","0.00325","132.20142"
"66.30000","2.26027","2,628.53613","0.00947","0.00324","132.37395"
"66.40000","2.26386","2,633.75244","0.00949","0.00317","132.63664"
"66.50000","2.26692","2,636.10352","0.00951","0.00315","132.75504"
"66.60000","2.27028","2,640.63379","0.00955","0.00314","132.98318"
"66.70000","2.27372","2,644.16602","0.00956","0.00320","133.16107"
"66.80000","2.27686","2,647.34570","0.00956","0.00329","133.32120"
"66.90000","2.28037","2,651.88745","0.00957","0.00341","133.54993"
"67.00000","2.28374","2,655.65601","0.00959","0.00344","133.73970"
"67.10000","2.28695","2,659.57031","0.00963","0.00351","133.93683"
"67.20000","2.29039","2,663.17554","0.00963","0.00347","134.11839"
"67.30000","2.29368","2,666.60254","0.00966","0.00341","134.29099"
"67.40000","2.29696","2,670.72998","0.00965","0.00338","134.49884"
"67.50000","2.30025","2,674.03442","0.00968","0.00343","134.66525"
"67.60000","2.30369","2,677.27368","0.00970","0.00357","134.82838"
"67.70000","2.30713","2,681.87402","0.00969","0.00353","135.06006"
"67.80000","2.31027","2,685.00879","0.00972","0.00345","135.21793"
"67.90000","2.31370","2,688.83008","0.00973","0.00342","135.41037"
"68.00000","2.31707","2,692.34644","0.00973","0.00340","135.58745"
"68.10000","2.32013","2,695.19019","0.00975","0.00338","135.73067"
"68.20000","2.32372","2,700.00513","0.00977","0.00342","135.97314"
"68.30000","2.32716","2,703.62207","0.00979","0.00344","136.15529"
"68.40000","2.33030","2,707.26636","0.00979","0.00345","136.33882"
"68.50000","2.33373","2,710.29175","0.00983","0.00355","136.49118"
"68.60000","2.33710","2,714.81714","0.00982","0.00345","136.71909"
"68.70000","2.34031","2,718.42822","0.00985","0.00349","136.90094"
"68.80000","2.34352","2,722.27051","0.00986","0.00350","137.09444"
"68.90000","2.34704","2,725.59009","0.00988","0.00341","137.26161"
"69.00000","2.35033","2,729.06519","0.00990","0.00336","137.43661"
"69.10000","2.35354","2,733.28809","0.00992","0.00338","137.64929"
"69.20000","2.35713","2,736.83618","0.00993","0.00341","137.82797"
"69.30000","2.36042","2,740.79858","0.00995","0.00342","138.02751"
"69.40000","2.36355","2,743.60864","0.00998","0.00329","138.16904"
"69.50000","2.36699","2,747.46875","0.00999","0.00341","138.36343"
"69.60000","2.37036","2,751.04004","0.01000","0.00332","138.54327"
"69.70000","2.37357","2,754.71313","0.01002","0.00332","138.72826"
"69.80000","2.37701","2,758.58521","0.01002","0.00339","138.92326"
"69.90000","2.38044","2,762.16504","0.01006","0.00345","139.10353"
"70.00000","2.38366","2,766.01099","0.01006","0.00357","139.29723"
"70.10000","2.38702","2,769.67139","0.01008","0.00359","139.48157"
"70.20000","2.39038","2,773.23584","0.01010","0.00369","139.66107"
"70.30000","2.39360","2,776.82886","0.01010","0.00372","139.84201"
"70.40000","2.39689","2,780.81152","0.01011","0.00363","140.04259"
"70.50000","2.40040","2,784.74121","0.01014","0.00360","140.24048"
"70.60000","2.40369","2,788.71558","0.01016","0.00350","140.44063"
"70.70000","2.40690","2,792.23779","0.01017","0.00351","140.61801"
"70.80000","2.41041","2,795.78198","0.01020","0.00371","140.79649"
"70.90000","2.41370","2,798.56372","0.01020","0.00370","140.93658"
"71.00000","2.41692","2,803.28906","0.01022","0.00363","141.17456"
"71.10000","2.42035","2,806.61548","0.01022","0.00359","141.34207"
"71.20000","2.42372","2,809.62964","0.01025","0.00357","141.49387"
"71.30000","2.42693","2,813.36841","0.01026","0.00368","141.68216"
"71.40000","2.43037","2,817.80737","0.01027","0.00364","141.90570"
"71.50000","2.43373","2,820.62524","0.01028","0.00368","142.04761"
"71.60000","2.43695","2,825.03027","0.01031","0.00365","142.26945"
"71.70000","2.44023","2,828.23608","0.01032","0.00368","142.43089"
"71.80000","2.44367","2,831.49243","0.01033","0.00368","142.59489"
"71.90000","2.44704","2,836.38110","0.01034","0.00366","142.84108"
"72.00000","2.45032","2,839.91406","0.01038","0.00360","143.01900"
"72.10000","2.45369","2,844.04980","0.01038","0.00351","143.22728"
"72.20000","2.45705","2,847.58667","0.01040","0.00345","143.40540"
"72.30000","2.46026","2,850.91626","0.01042","0.00345","143.57307"
"72.40000","2.46363","2,854.81299","0.01042","0.00357","143.76932"
"72.50000","2.46699","2,858.59668","0.01045","0.00360","143.95987"
"72.60000","2.47028","2,862.38330","0.01048","0.00355","144.15056"
"72.70000","2.47372","2,865.98999","0.01049","0.00348","144.33220"
"72.80000","2.47708","2,870.38916","0.01051","0.00347","144.55374"
"72.90000","2.48029","2,873.60596","0.01052","0.00349","144.71574"
"73.00000","2.48366","2,877.49878","0.01052","0.00362","144.91179"
"73.10000","2.48694","2,880.86572","0.01053","0.00370","145.08134"
"73.20000","2.49023","2,885.59058","0.01055","0.00376","145.31929"
"73.30000","2.49360","2,888.61865","0.01057","0.00382","145.47179"
"73.40000","2.49703","2,891.70044","0.01059","0.00381","145.62698"
"73.50000","2.50032","2,895.78833","0.01060","0.00375","145.83286"
"73.60000","2.50361","2,899.27222","0.01061","0.00367","146.00830"
"73.70000","2.50697","2,903.56177","0.01065","0.00361","146.22432"
"73.80000","2.51041","2,906.92285","0.01064","0.00358","146.39359"
"73.90000","2.51348","2,910.64282","0.01064","0.00383","146.58093"
"74.00000","2.51706","2,913.91821","0.01069","0.00378","146.74588"
"74.10000","2.52050","2,918.00879","0.01069","0.00375","146.95187"
"74.20000","2.52357","2,921.06689","0.01072","0.00370","147.10588"
"74.30000","2.52708","2,925.09912","0.01070","0.00377","147.30894"
"74.40000","2.53044","2,928.56812","0.01077","0.00374","147.48366"
"74.50000","2.53366","2,933.14697","0.01075","0.00377","147.71425"
"74.60000","2.53702","2,937.25708","0.01077","0.00378","147.92123"
"74.70000","2.54031","2,940.22144","0.01078","0.00378","148.07051"
"74.80000","2.54367","2,944.38794","0.01079","0.00384","148.28035"
"74.90000","2.54696","2,947.35669","0.01083","0.00381","148.42986"
"75.00000","2.55032","2,950.56299","0.01085","0.00384","148.59132"
"75.10000","2.55383","2,955.83643","0.01085","0.00372","148.85689"
"75.20000","2.55682","2,958.55054","0.01086","0.00365","148.99358"
"75.30000","2.56034","2,962.51929","0.01088","0.00370","149.19345"
"75.40000","2.56377","2,966.37598","0.01091","0.00371","149.38766"
"75.50000","2.56691","2,969.86133","0.01093","0.00374","149.56319"
"75.60000","2.57043","2,973.57471","0.01092","0.00375","149.75020"
"75.70000","2.57371","2,977.23389","0.01093","0.00369","149.93448"
"75.80000","2.57700","2,980.55249","0.01095","0.00364","150.10161"
"75.90000","2.58037","2,984.41113","0.01099","0.00383","150.29593"
"76.00000","2.58358","2,988.27710","0.01100","0.00384","150.49062"
"76.10000","2.58694","2,991.33618","0.01099","0.00381","150.64467"
"76.20000","2.59031","2,995.00610","0.01098","0.00389","150.82948"
"76.30000","2.59374","2,999.66138","0.01103","0.00399","151.06393"
"76.40000","2.59718","3,004.05688","0.01102","0.00399","151.28529"
"76.50000","2.60025","3,006.29126","0.01106","0.00402","151.39781"
"76.60000","2.60368","3,010.29712","0.01107","0.00399","151.59955"
"76.70000","2.60712","3,014.11499","0.01109","0.00382","151.79182"
"76.80000","2.61019","3,018.06128","0.01111","0.00378","151.99055"
"76.90000","2.61377","3,021.74585","0.01112","0.00371","152.17612"
"77.00000","2.61714","3,024.59546","0.01114","0.00395","152.31963"
"77.10000","2.62028","3,028.57227","0.01114","0.00397","152.51990"
"77.20000","2.62371","3,032.32715","0.01117","0.00391","152.70898"
"77.30000","2.62708","3,035.70435","0.01118","0.00391","152.87907"
"77.40000","2.63029","3,039.48926","0.01120","0.00395","153.06967"
"77.50000","2.63358","3,043.07935","0.01122","0.00401","153.25047"
"77.60000","2.63702","3,046.38696","0.01124","0.00393","153.41705"
"77.70000","2.64038","3,050.91089","0.01126","0.00394","153.64487"
"77.80000","2.64352","3,054.09009","0.01127","0.00396","153.80498"
"77.90000","2.64703","3,058.35693","0.01128","0.00398","154.01985"
"78.00000","2.65039","3,062.41650","0.01130","0.00396","154.22430"
"78.10000","2.65353","3,065.96973","0.01131","0.00390","154.40324"
"78.20000","2.65705","3,069.52783","0.01134","0.00395","154.58243"
"78.30000","2.66041","3,072.83252","0.01134","0.00390","154.74886"
"78.40000","2.66362","3,076.78491","0.01134","0.00389","154.94789"
"78.50000","2.66706","3,080.33374","0.01136","0.00395","155.12662"
"78.60000","2.67042","3,084.33911","0.01139","0.00386","155.32832"
"78.70000","2.67364","3,088.17822","0.01141","0.00386","155.52167"
"78.80000","2.67693","3,091.21021","0.01143","0.00382","155.67436"
"78.90000","2.68029","3,095.66504","0.01142","0.00383","155.89871"
"79.00000","2.68373","3,099.75146","0.01145","0.00382","156.10451"
"79.10000","2.68694","3,103.11646","0.01144","0.00389","156.27396"
"79.20000","2.69045","3,107.15332","0.01147","0.00396","156.47726"
"79.30000","2.69374","3,111.56934","0.01150","0.00399","156.69965"
"79.40000","2.69688","3,114.51880","0.01150","0.00411","156.84819"
"79.50000","2.70039","3,118.58496","0.01151","0.00413","157.05296"
"79.60000","2.70368","3,121.86206","0.01155","0.00415","157.21800"
"79.70000","2.70690","3,125.36572","0.01155","0.00414","157.39444"
"79.80000","2.71033","3,129.80151","0.01158","0.00410","157.61783"
"79.90000","2.71377","3,133.51685","0.01159","0.00389","157.80493"
"80.00000","2.71698","3,137.42432","0.01159","0.00386","158.00172"
"80.10000","2.72035","3,141.11816","0.01160","0.00408","158.18774"
"80.20000","2.72371","3,144.38745","0.01163","0.00397","158.35239"
"80.30000","2.72700","3,148.44727","0.01161","0.00409","158.55684"
"80.40000","2.73021","3,151.60742","0.01163","0.00406","158.71599"
"80.50000","2.73373","3,156.27832","0.01165","0.00410","158.95122"
"80.60000","2.73709","3,159.32153","0.01166","0.00411","159.10446"
"80.70000","2.74030","3,163.03931","0.01170","0.00406","159.29170"
"80.80000","2.74374","3,166.85254","0.01169","0.00410","159.48373"
"80.90000","2.74703","3,170.97949","0.01172","0.00409","159.69157"
"81.00000","2.75024","3,173.82764","0.01174","0.00411","159.83501"
"81.10000","2.75368","3,176.85498","0.01175","0.00409","159.98746"
"81.20000","2.75704","3,181.71606","0.01175","0.00411","160.23227"
"81.30000","2.76026","3,185.25757","0.01178","0.00410","160.41061"
"81.40000","2.76370","3,188.72119","0.01182","0.00405","160.58505"
"81.50000","2.76706","3,192.25635","0.01180","0.00401","160.76308"
"81.60000","2.77027","3,196.77954","0.01185","0.00394","160.99086"
"81.70000","2.77356","3,199.75879","0.01185","0.00401","161.14090"
"81.80000","2.77700","3,204.25073","0.01186","0.00399","161.36711"
"81.90000","2.78029","3,207.25586","0.01190","0.00402","161.51846"
"82.00000","2.78358","3,211.61157","0.01191","0.00399","161.73781"
"82.10000","2.78701","3,215.29370","0.01193","0.00398","161.92325"
"82.20000","2.79038","3,218.58350","0.01195","0.00400","162.08893"
"82.30000","2.79359","3,222.02222","0.01196","0.00414","162.26210"
"82.40000","2.79695","3,226.46655","0.01199","0.00416","162.48592"
"82.50000","2.80039","3,229.63818","0.01198","0.00427","162.64565"
"82.60000","2.80353","3,233.09595","0.01201","0.00434","162.81978"
"82.70000","2.80704","3,236.93945","0.01203","0.00428","163.01334"
"82.80000","2.81048","3,240.75415","0.01201","0.00426","163.20544"
"82.90000","2.81362","3,244.65601","0.01204","0.00421","163.40195"
"83.00000","2.81706","3,248.18604","0.01209","0.00409","163.57971"
"83.10000","2.82035","3,251.31763","0.01206","0.00418","163.73743"
"83.20000","2.82363","3,255.90186","0.01207","0.00430","163.96829"
"83.30000","2.82692","3,259.08813","0.01210","0.00431","164.12875"
"83.40000","2.83036","3,262.62305","0.01212","0.00424","164.30676"
"83.50000","2.83380","3,266.52417","0.01212","0.00422","164.50323"
"83.60000","2.83701","3,270.05981","0.01216","0.00420","164.68129"
"83.70000","2.84030","3,274.04541","0.01216","0.00427","164.88200"
"83.80000","2.84381","3,278.46484","0.01218","0.00428","165.10457"
"83.90000","2.84688","3,281.68677","0.01221","0.00424","165.26682"
"84.00000","2.85032","3,285.56348","0.01223","0.00422","165.46205"
"84.10000","2.85383","3,289.67798","0.01227","0.00423","165.66927"
"84.20000","2.85689","3,292.49658","0.01222","0.00426","165.81120"
"84.30000","2.86040","3,296.19653","0.01224","0.00438","165.99754"
"84.40000","2.86377","3,300.68286","0.01227","0.00432","166.22346"
"84.50000","2.86691","3,303.90234","0.01229","0.00426","166.38560"
"84.60000","2.87027","3,307.65503","0.01231","0.00419","166.57460"
"84.70000","2.87356","3,310.95020","0.01229","0.00420","166.74054"
"84.80000","2.87700","3,315.30151","0.01229","0.00422","166.95967"
"84.90000","2.88029","3,318.81055","0.01232","0.00418","167.13638"
"85.00000","2.88372","3,322.63745","0.01234","0.00417","167.32912"
"85.10000","2.88724","3,326.47192","0.01239","0.00417","167.52222"
"85.20000","2.89022","3,330.48950","0.01238","0.00416","167.72455"
"85.30000","2.89366","3,333.95483","0.01240","0.00416","167.89906"
"85.40000","2.89710","3,337.81177","0.01239","0.00411","168.09329"
"85.50000","2.90024","3,341.40186","0.01242","0.00411","168.27409"
"85.60000","2.90375","3,345.03491","0.01243","0.00424","168.45706"
"85.70000","2.90712","3,348.98413","0.01242","0.00441","168.65594"
"85.80000","2.91033","3,352.70117","0.01248","0.00452","168.84312"
"85.90000","2.91362","3,355.82642","0.01250","0.00446","169.00052"
"86.00000","2.91698","3,359.91040","0.01252","0.00446","169.20619"
"86.10000","2.92034","3,364.08984","0.01253","0.00421","169.41667"
"86.20000","2.92356","3,367.67358","0.01255","0.00439","169.59715"
"86.30000","2.92700","3,371.32739","0.01249","0.00452","169.78116"
"86.40000","2.93043","3,374.24512","0.01253","0.00448","169.92809"
"86.50000","2.93350","3,378.24414","0.01255","0.00441","170.12949"
"86.60000","2.93701","3,382.98193","0.01260","0.00440","170.36809"
"86.70000","2.94037","3,386.56348","0.01261","0.00439","170.54845"
"86.80000","2.94351","3,389.71167","0.01261","0.00438","170.70699"
"86.90000","2.94703","3,393.44556","0.01262","0.00440","170.89503"
"87.00000","2.95046","3,397.95020","0.01265","0.00438","171.12189"
"87.10000","2.95368","3,400.78589","0.01267","0.00443","171.26469"
"87.20000","2.95704","3,404.05176","0.01267","0.00446","171.42917"
"87.30000","2.96040","3,408.63696","0.01267","0.00452","171.66008"
"87.40000","2.96369","3,412.33765","0.01269","0.00456","171.84645"
"87.50000","2.96691","3,416.11475","0.01275","0.00446","172.03667"
"87.60000","2.97034","3,419.75903","0.01273","0.00440","172.22018"
"87.70000","2.97378","3,424.29492","0.01273","0.00434","172.44861"
"87.80000","2.97685","3,426.45093","0.01275","0.00437","172.55719"
"87.90000","2.98043","3,431.39014","0.01278","0.00432","172.80594"
"88.00000","2.98380","3,435.01050","0.01278","0.00432","172.98825"
"88.10000","2.98679","3,437.91138","0.01279","0.00435","173.13434"
"88.20000","2.99037","3,442.21777","0.01284","0.00431","173.35121"
"88.30000","2.99366","3,445.73340","0.01282","0.00439","173.52826"
"88.40000","2.99687","3,449.35913","0.01285","0.00427","173.71086"
"88.50000","3.00039","3,452.79395","0.01287","0.00431","173.88383"
"88.60000","3.00375","3,456.81909","0.01287","0.00431","174.08655"
"88.70000","3.00704","3,460.53198","0.01290","0.00442","174.27353"
"88.80000","3.01033","3,464.26514","0.01291","0.00455","174.46153"
"88.90000","3.01369","3,468.16602","0.01293","0.00466","174.65797"
"89.00000","3.01698","3,472.13794","0.01294","0.00466","174.85800"
"89.10000","3.02019","3,475.84082","0.01293","0.00456","175.04448"
"89.20000","3.02378","3,479.60596","0.01296","0.00446","175.23410"
"89.30000","3.02707","3,483.64795","0.01297","0.00458","175.43765"
"89.40000","3.03028","3,487.45801","0.01300","0.00451","175.62953"
"89.50000","3.03372","3,490.56763","0.01299","0.00461","175.78613"
"89.60000","3.03701","3,495.00391","0.01300","0.00458","176.00954"
"89.70000","3.04030","3,498.45435","0.01301","0.00456","176.18330"
"89.80000","3.04366","3,502.32080","0.01304","0.00449","176.37802"
"89.90000","3.04710","3,506.69214","0.01307","0.00454","176.59816"
"90.00000","3.05031","3,510.37085","0.01307","0.00454","176.78343"
"90.10000","3.05367","3,513.16748","0.01306","0.00458","176.92427"
"90.20000","3.05704","3,517.02124","0.01310","0.00453","177.11835"
"90.30000","3.06033","3,521.43091","0.01310","0.00463","177.34042"
"90.40000","3.06354","3,524.81055","0.01312","0.00471","177.51062"
"90.50000","3.06698","3,528.06177","0.01313","0.00470","177.67435"
"90.60000","3.07042","3,532.87646","0.01317","0.00464","177.91682"
"90.70000","3.07363","3,536.27759","0.01319","0.00454","178.08810"
"90.80000","3.07707","3,539.52319","0.01319","0.00454","178.25156"
"90.90000","3.08036","3,543.12744","0.01319","0.00449","178.43306"
"91.00000","3.08357","3,547.52954","0.01322","0.00453","178.65475"
"91.10000","3.08693","3,551.08228","0.01327","0.00448","178.83366"
"91.20000","3.09037","3,554.64185","0.01327","0.00448","179.01292"
"91.30000","3.09358","3,558.49707","0.01327","0.00447","179.20708"
"91.40000","3.09695","3,562.41211","0.01327","0.00452","179.40424"
"91.50000","3.10046","3,566.40747","0.01329","0.00446","179.60545"
"91.60000","3.10367","3,569.58960","0.01332","0.00443","179.76570"
"91.70000","3.10696","3,573.17188","0.01331","0.00448","179.94611"
"91.80000","3.11033","3,576.76587","0.01333","0.00450","180.12711"
"91.90000","3.11369","3,580.67407","0.01336","0.00458","180.32393"
"92.00000","3.11698","3,584.62964","0.01339","0.00466","180.52313"
"92.10000","3.12034","3,588.61157","0.01337","0.00467","180.72366"
"92.20000","3.12378","3,592.43701","0.01337","0.00479","180.91631"
"92.30000","3.12699","3,595.50562","0.01339","0.00476","181.07085"
"92.40000","3.13028","3,598.86621","0.01341","0.00474","181.24008"
"92.50000","3.13372","3,603.15552","0.01342","0.00481","181.45610"
"92.60000","3.13686","3,606.75537","0.01343","0.00476","181.63739"
"92.70000","3.14030","3,610.72974","0.01346","0.00476","181.83754"
"92.80000","3.14373","3,613.50562","0.01347","0.00470","181.97733"
"92.90000","3.14695","3,617.99194","0.01345","0.00465","182.20326"
"93.00000","3.15023","3,622.02075","0.01348","0.00463","182.40616"
"93.10000","3.15367","3,625.39038","0.01353","0.00477","182.57585"
"93.20000","3.15696","3,628.43384","0.01354","0.00474","182.72913"
"93.30000","3.16025","3,632.70703","0.01358","0.00471","182.94432"
"93.40000","3.16369","3,636.59814","0.01356","0.00485","183.14027"
"93.50000","3.16713","3,640.37256","0.01356","0.00489","183.33035"
"93.60000","3.17026","3,643.91211","0.01361","0.00487","183.50861"
"93.70000","3.17363","3,647.01855","0.01363","0.00487","183.66505"
"93.80000","3.17714","3,650.71118","0.01362","0.00477","183.85101"
"93.90000","3.18020","3,655.22754","0.01365","0.00477","184.07846"
"94.00000","3.18364","3,658.37183","0.01364","0.00468","184.23680"
"94.10000","3.18708","3,662.30713","0.01367","0.00471","184.43498"
"94.20000","3.19029","3,665.61597","0.01371","0.00466","184.60162"
"94.30000","3.19373","3,669.65039","0.01371","0.00464","184.80479"
"94.40000","3.19709","3,673.89404","0.01375","0.00469","185.01851"
"94.50000","3.20031","3,677.49072","0.01377","0.00466","185.19965"
"94.60000","3.20360","3,681.24780","0.01374","0.00467","185.38884"
"94.70000","3.20696","3,685.38208","0.01377","0.00461","185.59705"
"94.80000","3.21040","3,689.25098","0.01379","0.00460","185.79189"
"94.90000","3.21361","3,693.36816","0.01381","0.00461","185.99924"
"95.00000","3.21697","3,696.37061","0.01382","0.00466","186.15044"
"95.10000","3.22049","3,701.39111","0.01379","0.00471","186.40327"
"95.20000","3.22355","3,704.96484","0.01385","0.00478","186.58325"
"95.30000","3.22699","3,708.21240","0.01382","0.00483","186.74680"
"95.40000","3.23043","3,711.62256","0.01387","0.00484","186.91853"
"95.50000","3.23357","3,715.70850","0.01388","0.00482","187.12430"
"95.60000","3.23708","3,719.20850","0.01390","0.00496","187.30057"
"95.70000","3.24044","3,723.96289","0.01386","0.00498","187.53999"
"95.80000","3.24366","3,727.32324","0.01392","0.00492","187.70923"
"95.90000","3.24702","3,730.78101","0.01393","0.00492","187.88336"
"96.00000","3.25038","3,735.34009","0.01394","0.00487","188.11295"
"96.10000","3.25367","3,738.80151","0.01394","0.00485","188.28728"
"96.20000","3.25696","3,742.68433","0.01396","0.00488","188.48280"
"96.30000","3.26032","3,746.33252","0.01398","0.00492","188.66653"
"96.40000","3.26376","3,751.20044","0.01396","0.00490","188.91168"
"96.50000","3.26690","3,753.95459","0.01400","0.00497","189.05038"
"96.60000","3.27041","3,757.84082","0.01401","0.00502","189.24609"
"96.70000","3.27377","3,762.43433","0.01403","0.00504","189.47743"
"96.80000","3.27684","3,765.39941","0.01403","0.00499","189.62675"
"96.90000","3.28043","3,769.59399","0.01408","0.00498","189.83800"
"97.00000","3.28371","3,773.69116","0.01410","0.00489","190.04433"
"97.10000","3.28693","3,776.86548","0.01411","0.00489","190.20418"
"97.20000","3.29029","3,780.05493","0.01413","0.00484","190.36481"
"97.30000","3.29365","3,784.26733","0.01414","0.00484","190.57695"
"97.40000","3.29702","3,788.28760","0.01416","0.00486","190.77940"
"97.50000","3.30023","3,792.07739","0.01417","0.00483","190.97026"
"97.60000","3.30367","3,795.31079","0.01418","0.00485","191.13310"
"97.70000","3.30703","3,800.35498","0.01422","0.00481","191.38713"
"97.80000","3.31017","3,802.69922","0.01425","0.00478","191.50519"
"97.90000","3.31376","3,806.92896","0.01427","0.00479","191.71819"
"98.00000","3.31712","3,810.66064","0.01427","0.00476","191.90613"
"98.10000","3.32019","3,813.48364","0.01427","0.00484","192.04829"
"98.20000","3.32370","3,817.72778","0.01430","0.00488","192.26202"
"98.30000","3.32706","3,821.36328","0.01426","0.00487","192.44511"
"98.40000","3.33028","3,825.40332","0.01436","0.00495","192.64856"
"98.50000","3.33371","3,829.93701","0.01435","0.00489","192.87689"
"98.60000","3.33708","3,832.41846","0.01434","0.00519","193.00185"
"98.70000","3.34037","3,837.61938","0.01436","0.00492","193.26378"
"98.80000","3.34365","3,840.80078","0.01435","0.00499","193.42398"
"98.90000","3.34694","3,843.11743","0.01437","0.00504","193.54065"
"99.00000","3.35031","3,847.75732","0.01437","0.00505","193.77432"
"99.10000","3.35352","3,850.90820","0.01441","0.00498","193.93300"
"99.20000","3.35703","3,854.99072","0.01443","0.00497","194.13860"
"99.30000","3.36039","3,858.63672","0.01442","0.00501","194.32220"
"99.40000","3.36361","3,862.34399","0.01445","0.00505","194.50891"
"99.50000","3.36705","3,866.16040","0.01442","0.00503","194.70111"
"99.60000","3.37034","3,869.06934","0.01446","0.00509","194.84760"
"99.70000","3.37355","3,874.28296","0.01449","0.00521","195.11017"
"99.80000","3.37699","3,877.45093","0.01450","0.00519","195.26970"
"99.90000","3.38035","3,881.44482","0.01451","0.00521","195.47084"
"100.00000","3.38364","3,884.89746","0.01451","0.00518","195.64471"
"100.10000","3.38700","3,888.47632","0.01455","0.00504","195.82494"
"100.20000","3.39044","3,892.83032","0.01456","0.00503","196.04422"
"100.30000","3.39365","3,896.61743","0.01456","0.00504","196.23494"
"100.40000","3.39687","3,899.83105","0.01460","0.00497","196.39677"
"100.50000","3.40038","3,904.72290","0.01461","0.00496","196.64313"
"100.60000","3.40374","3,908.53174","0.01467","0.00496","196.83495"
"100.70000","3.40696","3,911.83569","0.01468","0.00498","197.00133"
"100.80000","3.41039","3,915.26196","0.01468","0.00500","197.17387"
"100.90000","3.41376","3,919.07764","0.01469","0.00497","197.36604"
"101.00000","3.41697","3,923.16870","0.01468","0.00493","197.57207"
"101.10000","3.42026","3,926.50293","0.01473","0.00499","197.73997"
"101.20000","3.42370","3,930.68188","0.01473","0.00496","197.95042"
"101.30000","3.42699","3,934.20825","0.01476","0.00500","198.12802"
"101.40000","3.43027","3,937.66870","0.01477","0.00502","198.30229"
"101.50000","3.43379","3,942.15698","0.01477","0.00508","198.52832"
"101.60000","3.43700","3,945.75049","0.01479","0.00508","198.70929"
"101.70000","3.44021","3,949.02197","0.01479","0.00500","198.87404"
"101.80000","3.44365","3,953.02515","0.01484","0.00540","199.07564"
"101.90000","3.44701","3,957.51025","0.01487","0.00515","199.30151"
"102.00000","3.45030","3,961.42822","0.01484","0.00526","199.49883"
"102.10000","3.45367","3,965.14209","0.01485","0.00526","199.68585"
"102.20000","3.45710","3,968.52051","0.01488","0.00523","199.85599"
"102.30000","3.46024","3,972.61523","0.01488","0.00515","200.06221"
"102.40000","3.46368","3,976.98657","0.01489","0.00523","200.28235"
"102.50000","3.46704","3,980.37476","0.01491","0.00516","200.45297"
"102.60000","3.47026","3,983.80396","0.01494","0.00521","200.62567"
"102.70000","3.47362","3,987.62744","0.01494","0.00528","200.81822"
"102.80000","3.47713","3,992.23535","0.01495","0.00536","201.05028"
"102.90000","3.48035","3,995.60229","0.01497","0.00533","201.21985"
"103.00000","3.48371","3,999.23096","0.01502","0.00534","201.40259"
"103.10000","3.48707","4,002.65674","0.01498","0.00530","201.57510"
"103.20000","3.49036","4,006.24658","0.01500","0.00524","201.75589"
"103.30000","3.49358","4,010.17358","0.01501","0.00518","201.95366"
"103.40000","3.49701","4,014.65820","0.01505","0.00521","202.17950"
"103.50000","3.50038","4,018.24780","0.01505","0.00511","202.36028"
"103.60000","3.50359","4,021.49927","0.01510","0.00513","202.52402"
"103.70000","3.50703","4,025.64746","0.01510","0.00513","202.73293"
"103.80000","3.51047","4,029.90771","0.01512","0.00517","202.94748"
"103.90000","3.51346","4,033.05444","0.01513","0.00514","203.10594"
"104.00000","3.51697","4,037.39697","0.01514","0.00513","203.32463"
"104.10000","3.52041","4,041.09668","0.01515","0.00510","203.51096"
"104.20000","3.52362","4,044.07446","0.01519","0.00516","203.66092"
"104.30000","3.52706","4,048.18726","0.01518","0.00512","203.86804"
"104.40000","3.53035","4,051.47437","0.01522","0.00511","204.03358"
"104.50000","3.53371","4,055.62939","0.01522","0.00517","204.24283"
"104.60000","3.53692","4,058.37183","0.01525","0.00514","204.38094"
"104.70000","3.54029","4,062.83545","0.01524","0.00519","204.60573"
"104.80000","3.54372","4,066.27979","0.01527","0.00530","204.77919"
"104.90000","3.54694","4,069.72314","0.01530","0.00547","204.95259"
"105.00000","3.55038","4,074.13989","0.01530","0.00552","205.17502"
"105.10000","3.55381","4,078.07300","0.01532","0.00547","205.37309"
"105.20000","3.55695","4,081.43335","0.01532","0.00540","205.54233"
"105.30000","3.56032","4,085.96948","0.01535","0.00535","205.77077"
"105.40000","3.56375","4,088.81006","0.01537","0.00530","205.91382"
"105.50000","3.56682","4,092.86987","0.01537","0.00529","206.11827"
"105.60000","3.57041","4,096.54541","0.01539","0.00535","206.30338"
"105.70000","3.57369","4,100.64551","0.01540","0.00533","206.50986"
"105.80000","3.57698","4,104.50977","0.01539","0.00552","206.70445"
"105.90000","3.58035","4,107.61426","0.01542","0.00552","206.86081"
"106.00000","3.58363","4,111.93799","0.01544","0.00547","207.07855"
"106.10000","3.58700","4,116.18945","0.01541","0.00553","207.29265"
"106.20000","3.59014","4,118.78369","0.01546","0.00547","207.42329"
"106.30000","3.59372","4,123.81201","0.01550","0.00551","207.67653"
"106.40000","3.59716","4,127.51904","0.01548","0.00539","207.86322"
"106.50000","3.60023","4,131.07275","0.01549","0.00534","208.04218"
"106.60000","3.60374","4,134.87402","0.01552","0.00532","208.23361"
"106.70000","3.60710","4,139.10645","0.01552","0.00531","208.44676"
"106.80000","3.61024","4,142.15723","0.01556","0.00532","208.60040"
"106.90000","3.61368","4,146.02930","0.01558","0.00530","208.79539"
"107.00000","3.61704","4,149.93457","0.01560","0.00528","208.99207"
"107.10000","3.62033","4,153.93555","0.01562","0.00535","209.19356"
"107.20000","3.62369","4,157.35498","0.01561","0.00521","209.36577"
"107.30000","3.62706","4,161.91650","0.01563","0.00530","209.59547"
"107.40000","3.63034","4,166.50049","0.01568","0.00522","209.82632"
"107.50000","3.63356","4,169.60547","0.01569","0.00531","209.98270"
"107.60000","3.63700","4,173.26709","0.01570","0.00528","210.16710"
"107.70000","3.64036","4,176.94092","0.01570","0.00532","210.35211"
"107.80000","3.64357","4,179.99805","0.01574","0.00534","210.50607"
"107.90000","3.64709","4,184.56885","0.01572","0.00517","210.73627"
"108.00000","3.65045","4,187.92676","0.01578","0.00518","210.90536"
"108.10000","3.65359","4,191.62939","0.01578","0.00535","211.09183"
"108.20000","3.65703","4,195.49316","0.01576","0.00555","211.28641"
"108.30000","3.66031","4,198.99170","0.01578","0.00558","211.46260"
"108.40000","3.66360","4,202.49951","0.01581","0.00551","211.63925"
"108.50000","3.66704","4,206.52832","0.01584","0.00550","211.84215"
"108.60000","3.67040","4,209.94629","0.01587","0.00544","212.01428"
"108.70000","3.67369","4,214.27832","0.01584","0.00545","212.23244"
"108.80000","3.67691","4,217.55713","0.01585","0.00553","212.39757"
"108.90000","3.68034","4,221.32959","0.01588","0.00550","212.58754"
"109.00000","3.68371","4,225.71777","0.01589","0.00564","212.80853"
"109.10000","3.68685","4,229.70166","0.01589","0.00559","213.00917"
"109.20000","3.69043","4,233.51123","0.01588","0.00563","213.20102"
"109.30000","3.69380","4,236.78369","0.01590","0.00565","213.36581"
"109.40000","3.69693","4,240.40283","0.01594","0.00556","213.54808"
"109.50000","3.70037","4,245.01953","0.01593","0.00556","213.78058"
"109.60000","3.70374","4,248.50732","0.01598","0.00549","213.95622"
"109.70000","3.70695","4,252.00146","0.01601","0.00547","214.13219"
"109.80000","3.71031","4,256.06348","0.01599","0.00544","214.33675"
"109.90000","3.71368","4,259.48291","0.01598","0.00542","214.50896"
"110.00000","3.71704","4,263.68213","0.01604","0.00543","214.72043"
"110.10000","3.72033","4,267.20605","0.01604","0.00541","214.89790"
"110.20000","3.72369","4,271.00830","0.01607","0.00545","215.08939"
"110.30000","3.72698","4,274.94824","0.01611","0.00537","215.28780"
"110.40000","3.73019","4,278.21973","0.01609","0.00539","215.45255"
"110.50000","3.73363","4,282.04639","0.01610","0.00541","215.64526"
"110.60000","3.73707","4,285.92383","0.01612","0.00532","215.84053"
"110.70000","3.74028","4,289.75781","0.01615","0.00540","216.03362"
"110.80000","3.74372","4,294.04346","0.01617","0.00544","216.24944"
"110.90000","3.74708","4,297.99121","0.01615","0.00544","216.44824"
"111.00000","3.75030","4,301.71924","0.01620","0.00553","216.63599"
"111.10000","3.75359","4,305.74609","0.01621","0.00527","216.83879"
"111.20000","3.75702","4,309.14795","0.01625","0.00536","217.01010"
"111.30000","3.76031","4,313.15430","0.01624","0.00547","217.21187"
"111.40000","3.76368","4,316.74854","0.01625","0.00557","217.39287"
"111.50000","3.76711","4,321.12256","0.01627","0.00565","217.61314"
"111.60000","3.77033","4,324.48584","0.01629","0.00562","217.78253"
"111.70000","3.77362","4,328.38330","0.01629","0.00557","217.97881"
"111.80000","3.77705","4,332.42725","0.01631","0.00560","218.18246"
"111.90000","3.78042","4,336.40332","0.01633","0.00570","218.38269"
"112.00000","3.78356","4,340.28223","0.01634","0.00562","218.57803"
"112.10000","3.78699","4,343.87549","0.01634","0.00562","218.75899"
"112.20000","3.79043","4,347.69141","0.01634","0.00578","218.95117"
"112.30000","3.79357","4,351.08984","0.01637","0.00583","219.12231"
"112.40000","3.79693","4,354.56982","0.01637","0.00580","219.29756"
"112.50000","3.80037","4,358.90918","0.01641","0.00578","219.51610"
"112.60000","3.80351","4,363.06250","0.01642","0.00571","219.72527"
"112.70000","3.80695","4,366.95605","0.01640","0.00564","219.92134"
"112.80000","3.81046","4,370.65869","0.01643","0.00562","220.10780"
"112.90000","3.81360","4,373.70312","0.01643","0.00558","220.26112"
"113.00000","3.81696","4,377.47510","0.01646","0.00558","220.45108"
"113.10000","3.82040","4,381.89014","0.01645","0.00557","220.67343"
"113.20000","3.82361","4,386.07959","0.01647","0.00557","220.88441"
"113.30000","3.82690","4,388.98975","0.01648","0.00554","221.03096"
"113.40000","3.83027","4,392.94043","0.01649","0.00556","221.22992"
"113.50000","3.83378","4,397.01270","0.01654","0.00554","221.43500"
"113.60000","3.83692","4,400.52588","0.01653","0.00552","221.61192"
"113.70000","3.84036","4,404.47314","0.01655","0.00560","221.81071"
"113.80000","3.84379","4,407.44922","0.01656","0.00551","221.96059"
"113.90000","3.84686","4,410.82959","0.01659","0.00556","222.13083"
"114.00000","3.85037","4,415.11035","0.01661","0.00559","222.34641"
"114.10000","3.85381","4,418.81396","0.01664","0.00554","222.53293"
"114.20000","3.85687","4,422.54492","0.01665","0.00544","222.72081"
"114.30000","3.86038","4,426.16992","0.01667","0.00555","222.90337"
"114.40000","3.86375","4,431.15430","0.01668","0.00572","223.15439"
"114.50000","3.86704","4,434.24121","0.01672","0.00583","223.30984"
"114.60000","3.87032","4,438.01709","0.01670","0.00591","223.50000"
"114.70000","3.87354","4,441.01758","0.01671","0.00584","223.65111"
"114.80000","3.87698","4,445.12744","0.01672","0.00578","223.85808"
"114.90000","3.88019","4,448.68555","0.01676","0.00575","224.03726"
"115.00000","3.88370","4,453.04639","0.01676","0.00583","224.25688"
"115.10000","3.88714","4,456.63086","0.01679","0.00579","224.43739"
"115.20000","3.89020","4,460.00342","0.01678","0.00579","224.60724"
"115.30000","3.89372","4,463.54150","0.01680","0.00586","224.78542"
"115.40000","3.89708","4,467.57471","0.01681","0.00598","224.98853"
"115.50000","3.90029","4,471.22412","0.01682","0.00598","225.17232"
"115.60000","3.90373","4,474.89062","0.01684","0.00597","225.35696"
"115.70000","3.90702","4,478.12646","0.01686","0.00594","225.51991"
"115.80000","3.91031","4,482.56299","0.01686","0.00594","225.74335"
"115.90000","3.91367","4,486.05957","0.01685","0.00573","225.91943"
"116.00000","3.91704","4,490.61230","0.01686","0.00576","226.14871"
"116.10000","3.92032","4,494.20703","0.01687","0.00576","226.32974"
"116.20000","3.92354","4,497.58740","0.01691","0.00571","226.49998"
"116.30000","3.92705","4,501.31641","0.01695","0.00575","226.68777"
"116.40000","3.93041","4,505.27295","0.01691","0.00574","226.88702"
"116.50000","3.93355","4,509.29639","0.01694","0.00573","227.08965"
"116.60000","3.93706","4,512.13477","0.01696","0.00573","227.23259"
"116.70000","3.94043","4,517.42041","0.01698","0.00573","227.49878"
"116.80000","3.94357","4,521.62695","0.01697","0.00576","227.71062"
"116.90000","3.94700","4,524.37256","0.01702","0.00581","227.84889"
"117.00000","3.95029","4,528.26270","0.01701","0.00579","228.04480"
"117.10000","3.95358","4,532.63135","0.01704","0.00572","228.26480"
"117.20000","3.95702","4,536.22266","0.01707","0.00579","228.44566"
"117.30000","3.96038","4,540.93750","0.01707","0.00585","228.68311"
"117.40000","3.96375","4,543.90576","0.01712","0.00568","228.83258"
"117.50000","3.96688","4,548.14307","0.01711","0.00562","229.04597"
"117.60000","3.97032","4,552.47656","0.01712","0.00565","229.26422"
"117.70000","3.97369","4,554.95020","0.01716","0.00610","229.38879"
"117.80000","3.97690","4,558.67676","0.01715","0.00607","229.57646"
"117.90000","3.98041","4,562.88965","0.01715","0.00599","229.78862"
"118.00000","3.98378","4,567.48633","0.01716","0.00595","230.02011"
"118.10000","3.98699","4,570.43750","0.01720","0.00595","230.16873"
"118.20000","3.99035","4,574.72363","0.01721","0.00595","230.38458"
"118.30000","3.99364","4,578.56689","0.01720","0.00594","230.57812"
"118.40000","3.99693","4,582.65381","0.01721","0.00606","230.78395"
"118.50000","4.00029","4,586.60156","0.01723","0.00612","230.98276"
"118.60000","4.00373","4,590.66602","0.01729","0.00611","231.18745"
"118.70000","4.00702","4,594.20215","0.01727","0.00612","231.36552"
"118.80000","4.01023","4,597.93896","0.01730","0.00610","231.55371"
"118.90000","4.01367","4,601.98438","0.01730","0.00611","231.75745"
"119.00000","4.01703","4,605.82324","0.01731","0.00614","231.95078"
"119.10000","4.02017","4,609.28027","0.01733","0.00601","232.12486"
"119.20000","4.02368","4,613.29199","0.01734","0.00591","232.32690"
"119.30000","4.02712","4,616.67529","0.01734","0.00592","232.49728"
"119.40000","4.03034","4,620.26221","0.01736","0.00588","232.67792"
"119.50000","4.03370","4,624.96973","0.01738","0.00593","232.91499"
"119.60000","4.03706","4,628.42334","0.01739","0.00597","233.08891"
"119.70000","4.04028","4,631.60303","0.01739","0.00596","233.24905"
"119.80000","4.04364","4,635.96338","0.01739","0.00590","233.46864"
"119.90000","4.04708","4,639.61377","0.01746","0.00596","233.65247"
"120.00000","4.05037","4,643.35645","0.01746","0.00593","233.84096"
"120.10000","4.05365","4,646.70898","0.01746","0.00597","234.00980"
"120.20000","4.05717","4,651.20947","0.01746","0.00597","234.23643"
"120.30000","4.06038","4,655.28467","0.01748","0.00592","234.44167"
"120.40000","4.06359","4,658.73828","0.01749","0.00597","234.61559"
"120.50000","4.06703","4,661.79346","0.01752","0.00600","234.76945"
"120.60000","4.07039","4,665.44824","0.01757","0.00576","234.95351"
"120.70000","4.07361","4,669.60645","0.01756","0.00570","235.16292"
"120.80000","4.07705","4,673.25732","0.01756","0.00584","235.34677"
"120.90000","4.08048","4,677.10742","0.01759","0.00620","235.54066"
"121.00000","4.08362","4,680.13525","0.01758","0.00618","235.69315"
"121.10000","4.08699","4,683.77832","0.01763","0.00615","235.87662"
"121.20000","4.09042","4,688.12646","0.01763","0.00608","236.09558"
"121.30000","4.09356","4,691.97217","0.01764","0.00613","236.28926"
"121.40000","4.09700","4,694.92236","0.01766","0.00618","236.43784"
"121.50000","4.10044","4,699.24121","0.01768","0.00618","236.65533"
"121.60000","4.10365","4,703.37158","0.01768","0.00618","236.86334"
"121.70000","4.10702","4,706.49170","0.01770","0.00629","237.02046"
"121.80000","4.11030","4,710.65381","0.01772","0.00630","237.23007"
"121.90000","4.11367","4,715.27734","0.01775","0.00625","237.46292"
"122.00000","4.11688","4,718.41699","0.01774","0.00633","237.62103"
"122.10000","4.12032","4,722.06445","0.01776","0.00630","237.80472"
"122.20000","4.12383","4,726.35889","0.01774","0.00626","238.02098"
"122.30000","4.12690","4,729.39844","0.01777","0.00616","238.17406"
"122.40000","4.13033","4,733.96387","0.01782","0.00611","238.40398"
"122.50000","4.13385","4,737.78418","0.01781","0.00613","238.59636"
"122.60000","4.13691","4,741.11865","0.01781","0.00609","238.76430"
"122.70000","4.14035","4,745.89746","0.01787","0.00605","239.00496"
"122.80000","4.14379","4,748.95557","0.01787","0.00606","239.15897"
"122.90000","4.14693","4,752.68652","0.01787","0.00611","239.34685"
"123.00000","4.15036","4,756.14893","0.01786","0.00610","239.52122"
"123.10000","4.15373","4,760.85938","0.01791","0.00606","239.75844"
"123.20000","4.15702","4,764.08545","0.01795","0.00606","239.92091"
"123.30000","4.16023","4,767.66357","0.01791","0.00616","240.10110"
"123.40000","4.16359","4,771.70947","0.01794","0.00615","240.30486"
"123.50000","4.16703","4,775.72949","0.01794","0.00611","240.50731"
"123.60000","4.17024","4,779.29932","0.01793","0.00611","240.68709"
"123.70000","4.17368","4,783.01416","0.01799","0.00603","240.87416"
"123.80000","4.17712","4,787.34326","0.01799","0.00597","241.09218"
"123.90000","4.18018","4,791.21826","0.01803","0.00590","241.28732"
"124.00000","4.18370","4,795.03223","0.01804","0.00582","241.47940"
"124.10000","4.18698","4,798.16260","0.01805","0.00604","241.63704"
"124.20000","4.19027","4,802.83252","0.01803","0.00633","241.87222"
"124.30000","4.19371","4,805.93018","0.01807","0.00615","242.02821"
"124.40000","4.19707","4,810.11035","0.01808","0.00625","242.23874"
"124.50000","4.20036","4,814.26807","0.01811","0.00623","242.44812"
"124.60000","4.20365","4,817.17090","0.01810","0.00622","242.59431"
"124.70000","4.20694","4,822.22705","0.01812","0.00635","242.84894"
"124.80000","4.21038","4,824.94922","0.01813","0.00634","242.98602"
"124.90000","4.21359","4,829.03369","0.01818","0.00643","243.19173"
"125.00000","4.21703","4,832.53223","0.01820","0.00647","243.36790"
"125.10000","4.22047","4,835.80371","0.01818","0.00645","243.53267"
"125.20000","4.22361","4,839.91113","0.01818","0.00644","243.73952"
"125.30000","4.22704","4,844.04492","0.01822","0.00649","243.94769"
"125.40000","4.23041","4,847.81543","0.01827","0.00639","244.13757"
"125.50000","4.23355","4,851.28857","0.01824","0.00627","244.31248"
"125.60000","4.23698","4,855.23486","0.01828","0.00627","244.51122"
"125.70000","4.24027","4,859.09521","0.01827","0.00627","244.70563"
"125.80000","4.24364","4,862.96094","0.01832","0.00625","244.90031"
"125.90000","4.24700","4,866.37305","0.01832","0.00624","245.07214"
"126.00000","4.25036","4,870.39160","0.01834","0.00626","245.27452"
"126.10000","4.25373","4,874.79395","0.01835","0.00626","245.49622"
"126.20000","4.25686","4,878.36035","0.01836","0.00627","245.67583"
"126.30000","4.26030","4,881.29004","0.01836","0.00626","245.82336"
"126.40000","4.26381","4,885.80371","0.01835","0.00631","246.05067"
"126.50000","4.26688","4,889.52344","0.01836","0.00634","246.23801"
"126.60000","4.27039","4,892.74316","0.01835","0.00637","246.40015"
"126.70000","4.27383","4,896.41748","0.01840","0.00632","246.58519"
"126.80000","4.27689","4,899.35205","0.01841","0.00626","246.73297"
"126.90000","4.28033","4,904.04150","0.01844","0.00622","246.96915"
"127.00000","4.28369","4,908.33301","0.01841","0.00608","247.18526"
"127.10000","4.28698","4,911.88818","0.01844","0.00604","247.36430"
"127.20000","4.29035","4,915.28564","0.01845","0.00604","247.53540"
"127.30000","4.29371","4,919.00830","0.01847","0.00602","247.72287"
"127.40000","4.29715","4,923.53711","0.01851","0.00626","247.95094"
"127.50000","4.30021","4,927.03711","0.01853","0.00634","248.12721"
"127.60000","4.30365","4,930.77246","0.01853","0.00641","248.31532"
"127.70000","4.30701","4,934.57568","0.01855","0.00643","248.50685"
"127.80000","4.31015","4,938.74902","0.01857","0.00648","248.71703"
"127.90000","4.31381","4,942.79834","0.01855","0.00648","248.92094"
"128.00000","4.31710","4,945.97705","0.01857","0.00656","249.08102"
"128.10000","4.32024","4,949.23828","0.01859","0.00662","249.24527"
"128.20000","4.32375","4,953.45264","0.01865","0.00662","249.45750"
"128.30000","4.32697","4,956.95703","0.01869","0.00665","249.63399"
"128.40000","4.33026","4,960.51904","0.01867","0.00665","249.81337"
"128.50000","4.33362","4,965.38037","0.01866","0.00662","250.05818"
"128.60000","4.33706","4,968.19824","0.01870","0.00665","250.20009"
"128.70000","4.34042","4,972.57861","0.01874","0.00656","250.42068"
"128.80000","4.34363","4,976.68408","0.01874","0.00646","250.62744"
"128.90000","4.34707","4,980.24170","0.01875","0.00644","250.80661"
"129.00000","4.35036","4,984.58740","0.01873","0.00642","251.02545"
"129.10000","4.35350","4,987.25488","0.01879","0.00643","251.15979"
"129.20000","4.35701","4,991.39404","0.01882","0.00640","251.36824"
"129.30000","4.36037","4,996.01611","0.01880","0.00637","251.60101"
"129.40000","4.36366","4,999.07373","0.01880","0.00643","251.75499"
"129.50000","4.36703","5,002.80420","0.01879","0.00637","251.94286"
"129.60000","4.37046","5,006.24902","0.01882","0.00643","252.11635"
"129.70000","4.37368","5,010.56592","0.01883","0.00646","252.33374"
"129.80000","4.37697","5,013.68457","0.01889","0.00649","252.49080"
"129.90000","4.38033","5,017.85645","0.01885","0.00643","252.70090"
"130.00000","4.38362","5,021.69336","0.01886","0.00646","252.89412"
"130.10000","4.38698","5,024.58057","0.01886","0.00645","253.03952"
"130.20000","4.39042","5,028.66113","0.01889","0.00619","253.24503"
"130.30000","4.39371","5,032.34668","0.01892","0.00621","253.43063"
"130.40000","4.39692","5,035.58350","0.01894","0.00614","253.59364"
"130.50000","4.40036","5,039.21045","0.01895","0.00614","253.77629"
"130.60000","4.40372","5,043.47656","0.01897","0.00637","253.99113"
"130.70000","4.40694","5,046.86670","0.01901","0.00626","254.16187"
"130.80000","4.41037","5,050.37012","0.01899","0.00638","254.33830"
"130.90000","4.41381","5,054.52344","0.01899","0.00651","254.54745"
"131.00000","4.41695","5,058.28760","0.01902","0.00651","254.73703"
"131.10000","4.42031","5,061.13477","0.01904","0.00663","254.88040"
"131.20000","4.42375","5,065.45996","0.01903","0.00676","255.09822"
"131.30000","4.42689","5,068.93896","0.01906","0.00673","255.27342"
"131.40000","4.43033","5,072.40723","0.01911","0.00677","255.44809"
"131.50000","4.43377","5,076.80371","0.01911","0.00682","255.66949"
"131.60000","4.43698","5,079.52686","0.01910","0.00678","255.80664"
"131.70000","4.44034","5,083.42236","0.01912","0.00683","256.00281"
"131.80000","4.44371","5,087.71338","0.01916","0.00681","256.21890"
"131.90000","4.44707","5,090.85303","0.01915","0.00681","256.37701"
"132.00000","4.45021","5,094.15625","0.01918","0.00666","256.54337"
"132.10000","4.45365","5,098.54541","0.01920","0.00661","256.76443"
"132.20000","4.45708","5,101.10938","0.01923","0.00656","256.89355"
"132.30000","4.46022","5,105.62451","0.01926","0.00657","257.12091"
"132.40000","4.46366","5,109.70361","0.01927","0.00658","257.32635"
"132.50000","4.46710","5,113.14746","0.01927","0.00659","257.49979"
"132.60000","4.47024","5,116.03076","0.01924","0.00660","257.64499"
"132.70000","4.47360","5,120.70752","0.01932","0.00656","257.88052"
"132.80000","4.47704","5,124.43945","0.01928","0.00654","258.06845"
"132.90000","4.48033","5,128.42236","0.01935","0.00663","258.26904"
"133.00000","4.48369","5,132.34668","0.01933","0.00664","258.46667"
"133.10000","4.48705","5,135.59668","0.01931","0.00665","258.63034"
"133.20000","4.49042","5,140.36621","0.01933","0.00667","258.87054"
"133.30000","4.49363","5,142.98193","0.01933","0.00658","259.00226"
"133.40000","4.49699","5,147.15625","0.01935","0.00644","259.21246"
"133.50000","4.50036","5,150.64844","0.01938","0.00636","259.38834"
"133.60000","4.50350","5,154.77881","0.01940","0.00629","259.59634"
"133.70000","4.50701","5,157.57227","0.01941","0.00633","259.73703"
"133.80000","4.51045","5,162.17188","0.01938","0.00629","259.96866"
"133.90000","4.51359","5,166.06396","0.01942","0.00632","260.16467"
"134.00000","4.51695","5,169.37354","0.01942","0.00645","260.33136"
"134.10000","4.52031","5,173.13428","0.01944","0.00632","260.52075"
"134.20000","4.52353","5,176.46729","0.01951","0.00643","260.68860"
"134.30000","4.52704","5,181.26123","0.01947","0.00678","260.93002"
"134.40000","4.53033","5,184.22168","0.01951","0.00684","261.07910"
"134.50000","4.53369","5,187.92920","0.01955","0.00685","261.26581"
"134.60000","4.53698","5,191.52832","0.01959","0.00687","261.44708"
"134.70000","4.54027","5,195.22803","0.01956","0.00692","261.63339"
"134.80000","4.54370","5,198.77100","0.01961","0.00688","261.81180"
"134.90000","4.54677","5,201.26904","0.01962","0.00698","261.93762"
"135.00000","4.55036","5,205.83936","0.01966","0.00702","262.16779"
"135.10000","4.55379","5,210.11084","0.01965","0.00699","262.38290"
"135.20000","4.55693","5,213.09326","0.01966","0.00696","262.53308"
"135.30000","4.56037","5,216.37500","0.01968","0.00687","262.69836"
"135.40000","4.56373","5,220.53467","0.01971","0.00683","262.90784"
"135.50000","4.56695","5,223.31494","0.01967","0.00675","263.04785"
"135.60000","4.57031","5,226.60254","0.01970","0.00671","263.21341"
"135.70000","4.57367","5,230.26123","0.01975","0.00676","263.39767"
"135.80000","4.57704","5,234.43506","0.01978","0.00675","263.60788"
"135.90000","4.58033","5,236.64502","0.01979","0.00674","263.71915"
"136.00000","4.58369","5,240.33936","0.01974","0.00671","263.90521"
"136.10000","4.58713","5,244.36377","0.01977","0.00679","264.10788"
"136.20000","4.59019","5,246.55859","0.01978","0.00678","264.21841"
"136.30000","4.59363","5,250.10498","0.01979","0.00679","264.39700"
"136.40000","4.59707","5,254.03516","0.01983","0.00678","264.59494"
"136.50000","4.60020","5,256.71631","0.01984","0.00685","264.72995"
"136.60000","4.60372","5,259.37207","0.01986","0.00677","264.86371"
"136.70000","4.60708","5,260.97314","0.01984","0.00667","264.94434"
"136.80000","4.61029","5,261.94971","0.01985","0.00659","264.99350"
"136.90000","4.61373","5,258.92578","0.01983","0.00654","264.84122"
"137.00000","4.61695","5,255.32178","0.01984","0.00650","264.65973"
"137.10000","4.62031","5,254.68750","0.01983","0.00649","264.62778"
"137.20000","4.62360","5,250.47266","0.01986","0.00648","264.41553"
"137.24200","4.62509","4,939.02393","0.01982","0.00649","248.73087"
"137.24600","4.62532","4,478.50732","0.01982","0.00649","225.53909"
"137.24800","4.62539","4,211.16260","0.01982","0.00649","212.07553"
"137.25000","4.62554","3,925.78174","0.01982","0.00649","197.70366"
"137.25200","4.62562","3,628.74756","0.01982","0.00649","182.74492"
"137.25400","4.62569","3,327.65796","0.01982","0.00649","167.58194"
"137.25600","4.62584","3,027.73901","0.01982","0.00649","152.47794"
