Modulus (Segment 0.001 mm/mm - 0.008 mm/mm) : Modulus (Segment 0.001 mm/mm - 0.008 mm/mm),"4,565.31745",MPa
Poisson's ratio (Least squares fit) : Poisson's ratio (Least squares fit),"0.42332"
Specimen properties : Gauge length,"15.64000",mm
Specimen properties : Gauge length transverse,"5.08000",mm
Specimen properties : Thickness,"2.06000",mm
Specimen properties : Width,"15.00000",mm

Time,Extension,Load,Video axial strain,Video transverse strain,Calculated Stress
(s),(mm),(N),(mm/mm),(mm/mm),(MPa)
"0.00000","0.06973","20.31542","-0.00012","-0.00010","0.65746"
"0.10000","0.07063","20.01481","0.00008","-0.00010","0.64773"
"0.20000","0.07496","21.44827","-0.00016","-0.00005","0.69412"
"0.30000","0.07945","25.42830","-0.00013","0.00007","0.82292"
"0.40000","0.08303","27.03620","-0.00012","0.00008","0.87496"
"0.50000","0.08640","29.39049","0.00005","0.00027","0.95115"
"0.60000","0.08976","31.01715","0.00002","0.00002","1.00379"
"0.70000","0.09312","33.75481","-0.00013","0.00003","1.09239"
"0.80000","0.09649","35.19268","-0.00004","0.00019","1.13892"
"0.90000","0.09970","37.26048","-0.00012","0.00036","1.20584"
"1.00000","0.10314","39.17320","-0.00004","0.00023","1.26774"
"1.10000","0.10650","41.61677","-0.00003","0.00026","1.34682"
"1.20000","0.10964","43.42443","-0.00007","0.00015","1.40532"
"1.30000","0.11315","46.49255","-0.00023","0.00029","1.50461"
"1.40000","0.11651","47.97285","-0.00021","0.00038","1.55252"
"1.50000","0.11973","50.82874","-0.00005","0.00034","1.64494"
"1.60000","0.12324","52.20948","-0.00005","0.00016","1.68963"
"1.70000","0.12653","54.05022","-0.00025","0.00019","1.74920"
"1.80000","0.12974","56.93262","-0.00039","0.00032","1.84248"
"1.90000","0.13311","58.55423","-0.00026","0.00067","1.89496"
"2.00000","0.13647","60.56211","-0.00008","0.00080","1.95994"
"2.10000","0.13983","62.88980","-0.00011","0.00078","2.03527"
"2.20000","0.14305","64.30145","-0.00034","0.00053","2.08095"
"2.30000","0.14656","67.16225","-0.00021","0.00111","2.17354"
"2.40000","0.14985","69.25043","-0.00018","0.00128","2.24111"
"2.50000","0.15306","71.00636","-0.00017","0.00097","2.29794"
"2.60000","0.15650","72.75576","-0.00016","0.00054","2.35456"
"2.70000","0.15986","75.59930","-0.00016","0.00084","2.44658"
"2.80000","0.16308","77.09137","-0.00016","0.00079","2.49487"
"2.90000","0.16651","79.37575","-0.00017","0.00096","2.56879"
"3.00000","0.16995","81.79932","-0.00016","0.00092","2.64723"
"3.10000","0.17309","83.38527","-0.00013","0.00063","2.69855"
"3.20000","0.17638","85.38020","-0.00001","0.00048","2.76311"
"3.30000","0.17982","87.69922","-0.00019","0.00039","2.83816"
"3.40000","0.18303","89.34788","-0.00020","0.00048","2.89152"
"3.50000","0.18639","91.66205","-0.00016","0.00050","2.96641"
"3.60000","0.18991","94.53024","-0.00016","0.00046","3.05923"
"3.70000","0.19312","96.43164","0.00009","0.00043","3.12076"
"3.80000","0.19641","98.96199","-0.00015","0.00050","3.20265"
"3.90000","0.19985","99.43972","-0.00006","0.00043","3.21811"
"4.00000","0.20313","102.46310","-0.00019","0.00046","3.31596"
"4.10000","0.20635","104.30800","0.00009","0.00043","3.37566"
"4.20000","0.20979","107.05267","-0.00002","0.00039","3.46449"
"4.30000","0.21322","108.14079","-0.00016","0.00041","3.49970"
"4.40000","0.21644","111.09492","-0.00015","0.00050","3.59530"
"4.50000","0.21988","112.56768","-0.00011","0.00048","3.64297"
"4.60000","0.22324","114.64700","-0.00013","0.00056","3.71026"
"4.70000","0.22638","116.73257","0.00015","0.00050","3.77775"
"4.80000","0.22974","118.56131","-0.00016","0.00047","3.83694"
"4.90000","0.23318","120.65704","0.00001","0.00056","3.90476"
"5.00000","0.23647","122.93132","-0.00015","0.00061","3.97836"
"5.10000","0.23976","124.93165","-0.00009","0.00069","4.04310"
"5.20000","0.24319","127.12631","-0.00009","0.00064","4.11412"
"5.30000","0.24648","129.56876","-0.00008","0.00086","4.19316"
"5.40000","0.24970","130.57852","0.00010","0.00099","4.22584"
"5.50000","0.25306","133.49321","0.00011","0.00108","4.32017"
"5.60000","0.25650","135.80008","0.00013","0.00125","4.39482"
"5.70000","0.25964","136.90402","0.00010","0.00126","4.43055"
"5.80000","0.26315","139.47641","0.00014","0.00135","4.51380"
"5.90000","0.26666","141.92938","0.00017","0.00114","4.59318"
"6.00000","0.26965","143.59407","0.00014","0.00096","4.64706"
"6.10000","0.27309","145.71370","0.00011","0.00100","4.71565"
"6.20000","0.27645","147.49530","0.00014","0.00098","4.77331"
"6.30000","0.27974","149.66595","0.00014","0.00085","4.84356"
"6.40000","0.28318","151.93784","0.00011","0.00082","4.91708"
"6.50000","0.28654","154.13666","0.00014","0.00082","4.98824"
"6.60000","0.28983","155.96896","0.00016","0.00075","5.04754"
"6.70000","0.29312","157.62889","0.00014","0.00071","5.10126"
"6.80000","0.29641","159.83095","0.00015","0.00071","5.17252"
"6.90000","0.29984","161.75304","0.00019","0.00068","5.23473"
"7.00000","0.30298","163.09305","0.00017","0.00078","5.27809"
"7.10000","0.30650","165.73605","0.00017","0.00078","5.36363"
"7.20000","0.30993","167.72394","0.00019","0.00082","5.42796"
"7.30000","0.31307","169.74454","0.00019","0.00078","5.49335"
"7.40000","0.31651","171.88902","0.00018","0.00073","5.56275"
"7.50000","0.31980","173.44606","0.00019","0.00076","5.61314"
"7.60000","0.32301","175.98058","0.00027","0.00077","5.69516"
"7.70000","0.32645","177.61674","0.00022","0.00078","5.74811"
"7.80000","0.32974","179.31117","0.00015","0.00090","5.80295"
"7.90000","0.33310","182.40010","0.00017","0.00085","5.90292"
"8.00000","0.33647","183.97972","0.00019","0.00084","5.95404"
"8.10000","0.33975","186.13425","0.00019","0.00079","6.02376"
"8.20000","0.34319","188.43387","0.00019","0.00093","6.09818"
"8.30000","0.34633","190.64870","0.00024","0.00091","6.16986"
"8.40000","0.34977","192.00264","0.00039","0.00091","6.21368"
"8.50000","0.35321","194.55872","0.00044","0.00097","6.29640"
"8.60000","0.35635","196.10776","0.00049","0.00124","6.34653"
"8.70000","0.35986","198.45206","0.00042","0.00136","6.42240"
"8.80000","0.36322","200.21440","0.00046","0.00140","6.47943"
"8.90000","0.36636","202.52655","0.00042","0.00161","6.55426"
"9.00000","0.36980","203.54021","0.00052","0.00158","6.58706"
"9.10000","0.37309","206.28999","0.00050","0.00160","6.67605"
"9.20000","0.37652","208.32076","0.00048","0.00130","6.74177"
"9.30000","0.37981","210.29562","0.00045","0.00133","6.80568"
"9.40000","0.38310","211.38524","0.00043","0.00135","6.84095"
"9.50000","0.38661","214.03627","0.00046","0.00124","6.92674"
"9.60000","0.38968","215.64134","0.00042","0.00121","6.97868"
"9.70000","0.39312","218.16541","0.00050","0.00098","7.06037"
"9.80000","0.39648","219.67415","0.00047","0.00090","7.10920"
"9.90000","0.39962","221.60109","0.00051","0.00090","7.17156"
"10.00000","0.40321","223.96803","0.00047","0.00097","7.24816"
"10.10000","0.40657","226.39125","0.00046","0.00099","7.32658"
"10.20000","0.40971","227.80357","0.00050","0.00098","7.37228"
"10.30000","0.41315","229.40552","0.00054","0.00100","7.42413"
"10.40000","0.41636","231.38150","0.00051","0.00108","7.48807"
"10.50000","0.41972","233.49844","0.00053","0.00105","7.55658"
"10.60000","0.42301","235.70454","0.00050","0.00106","7.62798"
"10.70000","0.42645","237.50320","0.00043","0.00103","7.68619"
"10.80000","0.42996","240.29755","0.00045","0.00102","7.77662"
"10.90000","0.43310","241.15097","0.00049","0.00099","7.80424"
"11.00000","0.43654","244.03046","0.00049","0.00102","7.89743"
"11.10000","0.43983","245.23718","0.00049","0.00104","7.93648"
"11.20000","0.44297","247.88629","0.00054","0.00103","8.02221"
"11.30000","0.44648","249.29477","0.00053","0.00106","8.06779"
"11.40000","0.44984","251.12280","0.00072","0.00111","8.12695"
"11.50000","0.45313","253.29059","0.00072","0.00119","8.19711"
"11.60000","0.45649","255.37401","0.00077","0.00113","8.26453"
"11.70000","0.45993","257.02588","0.00075","0.00158","8.31799"
"11.80000","0.46307","258.80789","0.00076","0.00148","8.37566"
"11.90000","0.46636","260.30627","0.00079","0.00165","8.42415"
"12.00000","0.46980","262.92532","0.00077","0.00143","8.50891"
"12.10000","0.47308","264.74524","0.00075","0.00147","8.56781"
"12.20000","0.47637","266.78448","0.00075","0.00147","8.63380"
"12.30000","0.47989","268.96201","0.00078","0.00159","8.70427"
"12.40000","0.48317","270.92413","0.00076","0.00150","8.76777"
"12.50000","0.48631","272.83124","0.00076","0.00147","8.82949"
"12.60000","0.48983","274.63733","0.00079","0.00147","8.88794"
"12.70000","0.49311","275.65878","0.00075","0.00137","8.92100"
"12.80000","0.49633","278.73364","0.00074","0.00137","9.02051"
"12.90000","0.49984","280.82242","0.00077","0.00122","9.08810"
"13.00000","0.50328","282.30087","0.00074","0.00113","9.13595"
"13.10000","0.50649","283.85706","0.00076","0.00114","9.18631"
"13.20000","0.50978","285.88116","0.00082","0.00118","9.25182"
"13.30000","0.51314","288.40024","0.00076","0.00121","9.33334"
"13.40000","0.51643","290.00339","0.00076","0.00114","9.38522"
"13.50000","0.51972","291.65125","0.00079","0.00119","9.43855"
"13.60000","0.52323","293.90042","0.00080","0.00121","9.51134"
"13.70000","0.52645","296.02487","0.00082","0.00121","9.58009"
"13.80000","0.52974","297.59656","0.00083","0.00120","9.63096"
"13.90000","0.53317","299.11661","0.00082","0.00122","9.68015"
"14.00000","0.53646","301.28305","0.00083","0.00122","9.75026"
"14.10000","0.53968","302.99347","0.00083","0.00125","9.80561"
"14.20000","0.54311","305.08398","0.00083","0.00124","9.87327"
"14.30000","0.54655","306.15805","0.00080","0.00135","9.90803"
"14.40000","0.54976","308.65118","0.00125","0.00125","9.98871"
"14.50000","0.55320","310.88757","0.00129","0.00128","10.06109"
"14.60000","0.55657","312.14343","0.00127","0.00108","10.10173"
"14.70000","0.55970","314.64423","0.00122","0.00137","10.18266"
"14.80000","0.56307","315.94766","0.00120","0.00147","10.22484"
"14.90000","0.56651","317.86826","0.00124","0.00148","10.28700"
"15.00000","0.56972","320.12521","0.00177","0.00172","10.36004"
"15.10000","0.57308","321.94370","0.00180","0.00183","10.41889"
"15.20000","0.57652","323.57169","0.00176","0.00165","10.47158"
"15.30000","0.57988","326.28580","0.00177","0.00167","10.55941"
"15.40000","0.58310","327.21069","0.00177","0.00176","10.58934"
"15.50000","0.58646","328.59802","0.00178","0.00178","10.63424"
"15.60000","0.58982","331.06522","0.00178","0.00178","10.71408"
"15.70000","0.59296","332.66586","0.00180","0.00168","10.76589"
"15.80000","0.59648","334.02158","0.00172","0.00167","10.80976"
"15.90000","0.59991","336.43311","0.00172","0.00137","10.88780"
"16.00000","0.60305","337.92072","0.00178","0.00142","10.93595"
"16.10000","0.60642","340.73416","0.00180","0.00131","11.02700"
"16.20000","0.60978","341.95114","0.00178","0.00130","11.06638"
"16.30000","0.61307","343.60049","0.00179","0.00130","11.11976"
"16.40000","0.61643","345.39703","0.00177","0.00135","11.17790"
"16.50000","0.61979","347.43085","0.00177","0.00129","11.24372"
"16.60000","0.62316","349.35403","0.00175","0.00133","11.30596"
"16.70000","0.62644","350.76813","0.00177","0.00137","11.35172"
"16.80000","0.62981","352.72931","0.00195","0.00136","11.41519"
"16.90000","0.63325","355.07187","0.00193","0.00138","11.49100"
"17.00000","0.63631","356.33786","0.00192","0.00137","11.53197"
"17.10000","0.63975","358.42929","0.00194","0.00134","11.59965"
"17.20000","0.64326","359.77499","0.00200","0.00140","11.64320"
"17.30000","0.64640","361.77228","0.00193","0.00140","11.70784"
"17.40000","0.64991","364.09583","0.00192","0.00137","11.78304"
"17.50000","0.65320","365.15796","0.00201","0.00138","11.81741"
"17.60000","0.65641","368.12225","0.00206","0.00147","11.91334"
"17.70000","0.65978","368.77347","0.00199","0.00130","11.93442"
"17.80000","0.66307","370.77905","0.00179","0.00115","11.99932"
"17.90000","0.66650","371.96033","0.00204","0.00131","12.03755"
"18.00000","0.66979","374.69473","0.00209","0.00136","12.12604"
"18.10000","0.67316","376.93442","0.00210","0.00152","12.19852"
"18.20000","0.67667","378.21188","0.00205","0.00160","12.23987"
"18.30000","0.67966","378.97433","0.00198","0.00173","12.26454"
"18.40000","0.68310","381.27905","0.00204","0.00174","12.33913"
"18.50000","0.68653","383.06433","0.00206","0.00187","12.39690"
"18.60000","0.68967","384.89496","0.00206","0.00190","12.45615"
"18.70000","0.69326","386.81595","0.00200","0.00189","12.51832"
"18.80000","0.69655","388.77475","0.00193","0.00182","12.58171"
"18.90000","0.69976","390.27640","0.00196","0.00177","12.63030"
"19.00000","0.70312","392.13687","0.00197","0.00161","12.69051"
"19.10000","0.70641","394.03220","0.00204","0.00164","12.75185"
"19.20000","0.70978","395.46542","0.00199","0.00147","12.79823"
"19.30000","0.71299","397.04144","0.00200","0.00147","12.84924"
"19.40000","0.71650","399.55173","0.00186","0.00142","12.93048"
"19.50000","0.71994","400.41260","0.00193","0.00147","12.95834"
"19.60000","0.72308","402.41327","0.00201","0.00146","13.02308"
"19.70000","0.72644","404.91345","0.00196","0.00153","13.10400"
"19.80000","0.72988","405.86084","0.00191","0.00153","13.13465"
"19.90000","0.73302","407.68402","0.00191","0.00153","13.19366"
"20.00000","0.73646","409.82016","0.00190","0.00151","13.26279"
"20.10000","0.73990","411.41968","0.00192","0.00148","13.31455"
"20.20000","0.74318","413.07733","0.00183","0.00151","13.36820"
"20.30000","0.74647","415.19403","0.00184","0.00147","13.43670"
"20.40000","0.74984","416.77243","0.00191","0.00145","13.48778"
"20.50000","0.75320","418.96063","0.00186","0.00150","13.55860"
"20.60000","0.75634","419.36594","0.00188","0.00153","13.57171"
"20.70000","0.75978","421.18686","0.00193","0.00136","13.63064"
"20.80000","0.76321","424.22208","0.00209","0.00153","13.72887"
"20.90000","0.76635","424.73669","0.00215","0.00136","13.74552"
"21.00000","0.76986","427.36380","0.00193","0.00140","13.83054"
"21.10000","0.77323","428.95181","0.00192","0.00131","13.88194"
"21.20000","0.77629","430.70740","0.00207","0.00159","13.93875"
"21.30000","0.77980","432.30444","0.00217","0.00172","13.99043"
"21.40000","0.78317","433.76926","0.00219","0.00183","14.03784"
"21.50000","0.78638","435.73581","0.00207","0.00189","14.10148"
"21.60000","0.78982","436.76373","0.00220","0.00195","14.13475"
"21.70000","0.79326","438.82901","0.00220","0.00198","14.20159"
"21.80000","0.79647","440.45868","0.00217","0.00189","14.25433"
"21.90000","0.79976","442.45334","0.00221","0.00200","14.31888"
"22.00000","0.80312","444.00977","0.00217","0.00180","14.36925"
"22.10000","0.80649","446.42078","0.00219","0.00180","14.44727"
"22.20000","0.80970","447.59753","0.00221","0.00175","14.48536"
"22.30000","0.81321","449.13577","0.00211","0.00170","14.53514"
"22.40000","0.81658","451.10666","0.00218","0.00163","14.59892"
"22.50000","0.81971","453.05533","0.00201","0.00151","14.66198"
"22.60000","0.82315","454.59131","0.00213","0.00162","14.71169"
"22.70000","0.82644","456.52710","0.00215","0.00157","14.77434"
"22.80000","0.82965","457.38043","0.00207","0.00166","14.80196"
"22.90000","0.83309","460.06445","0.00194","0.00165","14.88882"
"23.00000","0.83653","460.60931","0.00223","0.00169","14.90645"
"23.10000","0.83982","463.21362","0.00202","0.00167","14.99073"
"23.20000","0.84311","464.19012","0.00208","0.00166","15.02233"
"23.30000","0.84647","466.29901","0.00212","0.00161","15.09058"
"23.40000","0.84976","468.28287","0.00216","0.00163","15.15479"
"23.50000","0.85305","469.45428","0.00218","0.00161","15.19270"
"23.60000","0.85648","471.50171","0.00217","0.00168","15.25896"
"23.70000","0.85985","473.40207","0.00218","0.00161","15.32046"
"23.80000","0.86314","474.60333","0.00219","0.00161","15.35933"
"23.90000","0.86650","476.73453","0.00221","0.00164","15.42830"
"24.00000","0.86986","478.14249","0.00218","0.00171","15.47387"
"24.10000","0.87308","479.92007","0.00217","0.00165","15.53139"
"24.20000","0.87644","481.05939","0.00220","0.00161","15.56826"
"24.30000","0.87988","482.85434","0.00221","0.00168","15.62635"
"24.40000","0.88309","485.24771","0.00222","0.00188","15.70381"
"24.50000","0.88653","486.29184","0.00226","0.00187","15.73760"
"24.60000","0.88989","487.80957","0.00218","0.00229","15.78672"
"24.70000","0.89311","490.52792","0.00219","0.00199","15.87469"
"24.80000","0.89639","491.40802","0.00231","0.00205","15.90317"
"24.90000","0.89983","493.20477","0.00230","0.00197","15.96132"
"25.00000","0.90312","494.70715","0.00216","0.00204","16.00994"
"25.10000","0.90641","496.51785","0.00232","0.00190","16.06854"
"25.20000","0.90985","498.23477","0.00228","0.00186","16.12410"
"25.30000","0.91328","500.02005","0.00224","0.00186","16.18188"
"25.40000","0.91642","502.09613","0.00237","0.00186","16.24907"
"25.50000","0.91971","502.65872","0.00217","0.00175","16.26727"
"25.60000","0.92315","504.64050","0.00226","0.00175","16.33141"
"25.70000","0.92629","506.21964","0.00229","0.00165","16.38251"
"25.80000","0.92980","508.59534","0.00232","0.00177","16.45940"
"25.90000","0.93331","509.98349","0.00228","0.00179","16.50432"
"26.00000","0.93645","512.43048","0.00225","0.00181","16.58351"
"26.10000","0.93982","513.97888","0.00229","0.00177","16.63362"
"26.20000","0.94318","514.68719","0.00233","0.00185","16.65654"
"26.30000","0.94647","516.89343","0.00235","0.00183","16.72794"
"26.40000","0.94976","518.15460","0.00249","0.00172","16.76876"
"26.50000","0.95312","520.31140","0.00252","0.00176","16.83856"
"26.60000","0.95656","522.25751","0.00251","0.00173","16.90154"
"26.70000","0.95977","522.90552","0.00256","0.00179","16.92251"
"26.80000","0.96313","525.05676","0.00258","0.00177","16.99213"
"26.90000","0.96657","526.08453","0.00259","0.00179","17.02539"
"27.00000","0.96964","528.24506","0.00250","0.00173","17.09531"
"27.10000","0.97307","529.01422","0.00254","0.00181","17.12020"
"27.20000","0.97651","531.63342","0.00257","0.00185","17.20497"
"27.30000","0.97973","532.64563","0.00256","0.00190","17.23772"
"27.40000","0.98316","534.64014","0.00257","0.00183","17.30227"
"27.50000","0.98653","535.68134","0.00258","0.00203","17.33597"
"27.60000","0.98974","538.21381","0.00262","0.00231","17.41792"
"27.70000","0.99310","539.06366","0.00262","0.00231","17.44543"
"27.80000","0.99639","540.87354","0.00259","0.00247","17.50400"
"27.90000","0.99976","542.03632","0.00262","0.00277","17.54163"
"28.00000","1.00304","545.36743","0.00260","0.00270","17.64943"
"28.10000","1.00648","546.32184","0.00263","0.00273","17.68032"
"28.20000","1.00992","547.86603","0.00263","0.00263","17.73029"
"28.30000","1.01298","549.46710","0.00263","0.00236","17.78211"
"28.40000","1.01642","551.33490","0.00262","0.00216","17.84255"
"28.50000","1.01986","552.50989","0.00269","0.00216","17.88058"
"28.60000","1.02300","554.51312","0.00267","0.00205","17.94541"
"28.70000","1.02659","555.87024","0.00271","0.00203","17.98933"
"28.80000","1.02987","557.68469","0.00272","0.00214","18.04805"
"28.90000","1.03316","559.43164","0.00273","0.00216","18.10458"
"29.00000","1.03645","561.22852","0.00271","0.00189","18.16273"
"29.10000","1.03974","562.84753","0.00271","0.00177","18.21513"
"29.20000","1.04310","564.55841","0.00277","0.00192","18.27050"
"29.30000","1.04632","566.24554","0.00279","0.00190","18.32510"
"29.40000","1.04983","567.29095","0.00296","0.00200","18.35893"
"29.50000","1.05327","570.00946","0.00293","0.00197","18.44691"
"29.60000","1.05633","570.57208","0.00296","0.00197","18.46512"
"29.70000","1.05984","572.69220","0.00296","0.00198","18.53373"
"29.80000","1.06321","573.97223","0.00293","0.00193","18.57515"
"29.90000","1.06635","575.52753","0.00295","0.00189","18.62549"
"30.00000","1.06978","577.94281","0.00296","0.00200","18.70365"
"30.10000","1.07315","578.55206","0.00301","0.00190","18.72337"
"30.20000","1.07651","580.91266","0.00299","0.00191","18.79976"
"30.30000","1.07995","581.70441","0.00293","0.00177","18.82539"
"30.40000","1.08316","583.63324","0.00299","0.00198","18.88781"
"30.50000","1.08645","585.74335","0.00299","0.00219","18.95609"
"30.60000","1.08974","586.50928","0.00300","0.00208","18.98088"
"30.70000","1.09318","588.34839","0.00299","0.00205","19.04040"
"30.80000","1.09654","591.16180","0.00300","0.00222","19.13145"
"30.90000","1.09968","591.73212","0.00306","0.00210","19.14991"
"31.00000","1.10319","593.69104","0.00301","0.00228","19.21330"
"31.10000","1.10648","595.67987","0.00306","0.00289","19.27767"
"31.20000","1.10962","596.18549","0.00305","0.00233","19.29403"
"31.30000","1.11321","598.46381","0.00309","0.00230","19.36776"
"31.40000","1.11649","599.41632","0.00310","0.00233","19.39859"
"31.50000","1.11963","601.26215","0.00309","0.00220","19.45832"
"31.60000","1.12315","603.01617","0.00312","0.00241","19.51509"
"31.70000","1.12658","604.21191","0.00309","0.00244","19.55378"
"31.80000","1.12980","606.42462","0.00309","0.00219","19.62539"
"31.90000","1.13309","607.32428","0.00316","0.00216","19.65451"
"32.00000","1.13645","609.37323","0.00313","0.00216","19.72082"
"32.10000","1.13974","610.51154","0.00315","0.00214","19.75765"
"32.20000","1.14303","612.44476","0.00319","0.00205","19.82022"
"32.30000","1.14654","614.28271","0.00318","0.00203","19.87970"
"32.40000","1.14990","615.79224","0.00327","0.00221","19.92855"
"32.50000","1.15312","617.27332","0.00339","0.00204","19.97648"
"32.60000","1.15648","618.57672","0.00337","0.00206","20.01866"
"32.70000","1.15977","620.03021","0.00339","0.00201","20.06570"
"32.80000","1.16298","620.96454","0.00337","0.00189","20.09594"
"32.90000","1.16642","623.34576","0.00343","0.00199","20.17300"
"33.00000","1.16986","625.12695","0.00345","0.00200","20.23065"
"33.10000","1.17315","627.09277","0.00343","0.00192","20.29426"
"33.20000","1.17651","628.48541","0.00340","0.00182","20.33933"
"33.30000","1.17987","629.81134","0.00343","0.00195","20.38224"
"33.40000","1.18309","631.21838","0.00346","0.00197","20.42778"
"33.50000","1.18637","632.78119","0.00349","0.00201","20.47836"
"33.60000","1.18974","633.98175","0.00346","0.00208","20.51721"
"33.70000","1.19310","635.72961","0.00342","0.00215","20.57377"
"33.80000","1.19646","636.85901","0.00341","0.00224","20.61032"
"33.90000","1.19983","639.49536","0.00347","0.00230","20.69564"
"34.00000","1.20311","640.31122","0.00345","0.00237","20.72205"
"34.10000","1.20633","641.99030","0.00345","0.00233","20.77638"
"34.20000","1.20977","644.08990","0.00343","0.00258","20.84433"
"34.30000","1.21313","645.12177","0.00343","0.00257","20.87773"
"34.40000","1.21634","647.58124","0.00350","0.00271","20.95732"
"34.50000","1.21978","648.30731","0.00359","0.00285","20.98082"
"34.60000","1.22329","650.41248","0.00356","0.00294","21.04895"
"34.70000","1.22643","651.72882","0.00351","0.00296","21.09155"
"34.80000","1.22972","653.08972","0.00353","0.00282","21.13559"
"34.90000","1.23316","654.69977","0.00355","0.00282","21.18769"
"35.00000","1.23645","656.14868","0.00359","0.00274","21.23458"
"35.10000","1.23974","657.67767","0.00363","0.00252","21.28407"
"35.20000","1.24317","659.50623","0.00358","0.00236","21.34324"
"35.30000","1.24661","661.39355","0.00359","0.00236","21.40432"
"35.40000","1.24975","662.17438","0.00382","0.00239","21.42959"
"35.50000","1.25304","663.77515","0.00382","0.00244","21.48140"
"35.60000","1.25648","665.66528","0.00383","0.00244","21.54257"
"35.70000","1.25969","667.01172","0.00382","0.00218","21.58614"
"35.80000","1.26305","668.71405","0.00384","0.00224","21.64123"
"35.90000","1.26664","669.62140","0.00383","0.00210","21.67060"
"36.00000","1.26978","672.31525","0.00382","0.00217","21.75777"
"36.10000","1.27314","673.13385","0.00391","0.00220","21.78427"
"36.20000","1.27651","675.17035","0.00386","0.00220","21.85017"
"36.30000","1.27972","676.23914","0.00388","0.00222","21.88476"
"36.40000","1.28308","678.25604","0.00396","0.00228","21.95003"
"36.50000","1.28637","679.96002","0.00382","0.00214","22.00518"
"36.60000","1.28988","681.11914","0.00383","0.00223","22.04269"
"36.70000","1.29310","683.30609","0.00385","0.00231","22.11347"
"36.80000","1.29654","684.61121","0.00384","0.00242","22.15570"
"36.90000","1.29997","686.11078","0.00385","0.00253","22.20423"
"37.00000","1.30296","687.91846","0.00390","0.00250","22.26273"
"37.10000","1.30648","689.65643","0.00386","0.00253","22.31898"
"37.20000","1.30984","691.25201","0.00390","0.00259","22.37062"
"37.30000","1.31305","692.55969","0.00393","0.00279","22.41294"
"37.40000","1.31657","693.87189","0.00392","0.00291","22.45540"
"37.50000","1.31993","696.02051","0.00393","0.00282","22.52493"
"37.60000","1.32314","697.28650","0.00399","0.00292","22.56591"
"37.70000","1.32643","698.34869","0.00393","0.00287","22.60028"
"37.80000","1.32972","700.32977","0.00397","0.00302","22.66439"
"37.90000","1.33308","701.66351","0.00401","0.00296","22.70756"
"38.00000","1.33630","703.05634","0.00399","0.00295","22.75263"
"38.10000","1.33988","704.58215","0.00396","0.00281","22.80201"
"38.20000","1.34332","707.34808","0.00403","0.00274","22.89152"
"38.30000","1.34631","707.69165","0.00400","0.00272","22.90264"
"38.40000","1.34982","709.87567","0.00441","0.00267","22.97332"
"38.50000","1.35319","711.42175","0.00441","0.00265","23.02336"
"38.60000","1.35633","712.61676","0.00426","0.00257","23.06203"
"38.70000","1.35984","714.08527","0.00434","0.00262","23.10956"
"38.80000","1.36320","715.81567","0.00448","0.00270","23.16556"
"38.90000","1.36649","716.87433","0.00440","0.00261","23.19982"
"39.00000","1.36978","718.98193","0.00439","0.00246","23.26802"
"39.10000","1.37314","720.59656","0.00439","0.00241","23.32028"
"39.20000","1.37643","722.08575","0.00436","0.00245","23.36847"
"39.30000","1.37964","723.09796","0.00428","0.00242","23.40123"
"39.40000","1.38316","724.36438","0.00433","0.00243","23.44221"
"39.50000","1.38659","726.51215","0.00426","0.00245","23.51172"
"39.60000","1.38973","727.40582","0.00427","0.00241","23.54064"
"39.70000","1.39317","729.05060","0.00427","0.00248","23.59387"
"39.80000","1.39653","730.28558","0.00435","0.00251","23.63384"
"39.90000","1.39960","732.28662","0.00432","0.00254","23.69860"
"40.00000","1.40319","734.15198","0.00424","0.00268","23.75896"
"40.10000","1.40647","735.98761","0.00421","0.00277","23.81837"
"40.20000","1.40976","737.54321","0.00426","0.00276","23.86871"
"40.30000","1.41320","738.50830","0.00431","0.00287","23.89994"
"40.40000","1.41656","739.68396","0.00432","0.00285","23.93799"
"40.50000","1.41978","742.01825","0.00435","0.00305","24.01354"
"40.60000","1.42307","742.76312","0.00429","0.00311","24.03764"
"40.70000","1.42643","744.42322","0.00432","0.00314","24.09137"
"40.80000","1.42979","745.67047","0.00430","0.00301","24.13173"
"40.90000","1.43301","747.58240","0.00432","0.00318","24.19361"
"41.00000","1.43659","749.94818","0.00438","0.00326","24.27017"
"41.10000","1.43988","751.14807","0.00438","0.00316","24.30900"
"41.20000","1.44302","752.03485","0.00434","0.00278","24.33770"
"41.30000","1.44653","753.09406","0.00435","0.00302","24.37197"
"41.40000","1.44982","755.49554","0.00486","0.00289","24.44969"
"41.50000","1.45303","756.87952","0.00522","0.00293","24.49448"
"41.60000","1.45647","759.29932","0.00525","0.00289","24.57279"
"41.70000","1.45984","760.21741","0.00520","0.00292","24.60250"
"41.80000","1.46312","761.78143","0.00515","0.00287","24.65312"
"41.90000","1.46641","762.55322","0.00524","0.00280","24.67810"
"42.00000","1.46978","764.70142","0.00523","0.00280","24.74762"
"42.10000","1.47314","766.24084","0.00526","0.00273","24.79744"
"42.20000","1.47635","767.97821","0.00521","0.00259","24.85366"
"42.30000","1.47987","769.10114","0.00524","0.00260","24.89001"
"42.40000","1.48323","771.03845","0.00527","0.00262","24.95270"
"42.50000","1.48644","771.64062","0.00523","0.00263","24.97219"
"42.60000","1.48981","773.62714","0.00524","0.00270","25.03648"
"42.70000","1.49317","774.60785","0.00522","0.00268","25.06821"
"42.80000","1.49638","777.00708","0.00521","0.00271","25.14586"
"42.90000","1.49975","777.96027","0.00523","0.00269","25.17671"
"43.00000","1.50311","779.73236","0.00515","0.00266","25.23406"
"43.10000","1.50647","780.66199","0.00520","0.00278","25.26414"
"43.20000","1.50983","782.71851","0.00526","0.00286","25.33070"
"43.30000","1.51327","784.57941","0.00514","0.00287","25.39092"
"43.40000","1.51641","785.66193","0.00513","0.00292","25.42595"
"43.50000","1.51970","787.04376","0.00523","0.00291","25.47067"
"43.60000","1.52314","788.47192","0.00530","0.00329","25.51689"
"43.70000","1.52650","790.58698","0.00531","0.00328","25.58534"
"43.80000","1.52979","791.88562","0.00516","0.00323","25.62737"
"43.90000","1.53323","793.44855","0.00506","0.00300","25.67795"
"44.00000","1.53659","794.98096","0.00509","0.00296","25.72754"
"44.10000","1.53973","796.26038","0.00516","0.00287","25.76894"
"44.20000","1.54302","797.96490","0.00509","0.00299","25.82411"
"44.30000","1.54646","799.23590","0.00509","0.00298","25.86524"
"44.40000","1.54967","800.64532","0.00506","0.00299","25.91085"
"44.50000","1.55311","801.61139","0.00510","0.00295","25.94212"
"44.60000","1.55662","804.34924","0.00502","0.00311","26.03072"
"44.70000","1.55976","805.00354","0.00549","0.00307","26.05190"
"44.80000","1.56305","806.39899","0.00520","0.00302","26.09706"
"44.90000","1.56649","807.86627","0.00506","0.00303","26.14454"
"45.00000","1.56977","809.83850","0.00528","0.00297","26.20837"
"45.10000","1.57306","811.04962","0.00535","0.00294","26.24756"
"45.20000","1.57650","813.18591","0.00545","0.00297","26.31670"
"45.30000","1.57994","814.72034","0.00553","0.00281","26.36635"
"45.40000","1.58308","815.68091","0.00524","0.00269","26.39744"
"45.50000","1.58644","817.62115","0.00524","0.00276","26.46023"
"45.60000","1.58988","818.30865","0.00547","0.00276","26.48248"
"45.70000","1.59302","819.39465","0.00551","0.00280","26.51763"
"45.80000","1.59645","821.80939","0.00550","0.00284","26.59577"
"45.90000","1.59989","823.18683","0.00537","0.00284","26.64035"
"46.00000","1.60311","825.64374","0.00521","0.00284","26.71986"
"46.10000","1.60647","825.53082","0.00516","0.00280","26.71621"
"46.20000","1.60983","828.02094","0.00536","0.00287","26.79679"
"46.30000","1.61312","829.34314","0.00538","0.00283","26.83958"
"46.40000","1.61641","830.44611","0.00537","0.00296","26.87528"
"46.50000","1.61977","831.79388","0.00518","0.00318","26.91890"
"46.60000","1.62321","832.92902","0.00513","0.00305","26.95563"
"46.70000","1.62642","834.91467","0.00520","0.00328","27.01989"
"46.80000","1.62979","836.44849","0.00509","0.00333","27.06953"
"46.90000","1.63330","838.31165","0.00533","0.00326","27.12983"
"47.00000","1.63629","839.81360","0.00544","0.00326","27.17843"
"47.10000","1.63980","840.43927","0.00525","0.00309","27.19868"
"47.20000","1.64317","842.31030","0.00504","0.00312","27.25923"
"47.30000","1.64638","843.78162","0.00535","0.00313","27.30685"
"47.40000","1.64989","845.38397","0.00531","0.00322","27.35871"
"47.50000","1.65318","846.90320","0.00531","0.00320","27.40787"
"47.60000","1.65647","848.70514","0.00532","0.00319","27.46619"
"47.70000","1.65976","850.25598","0.00531","0.00338","27.51637"
"47.80000","1.66305","851.62262","0.00530","0.00338","27.56060"
"47.90000","1.66648","853.21350","0.00536","0.00335","27.61209"
"48.00000","1.66970","854.35736","0.00539","0.00329","27.64911"
"48.10000","1.67321","856.04132","0.00534","0.00324","27.70360"
"48.20000","1.67665","857.98779","0.00540","0.00298","27.76660"
"48.30000","1.67971","858.79266","0.00535","0.00315","27.79264"
"48.40000","1.68315","860.37946","0.00548","0.00302","27.84400"
"48.50000","1.68651","861.78986","0.00549","0.00295","27.88964"
"48.60000","1.68958","863.16309","0.00566","0.00300","27.93408"
"48.70000","1.69316","864.47504","0.00554","0.00292","27.97654"
"48.80000","1.69653","866.26868","0.00553","0.00290","28.03459"
"48.90000","1.69982","867.70813","0.00537","0.00289","28.08117"
"49.00000","1.70310","868.98907","0.00552","0.00288","28.12262"
"49.10000","1.70647","869.99640","0.00556","0.00297","28.15522"
"49.20000","1.70983","872.46887","0.00541","0.00295","28.23524"
"49.30000","1.71304","873.76831","0.00537","0.00293","28.27729"
"49.40000","1.71648","874.96490","0.00533","0.00304","28.31602"
"49.50000","1.71992","876.26019","0.00543","0.00315","28.35793"
"49.60000","1.72298","877.82202","0.00533","0.00312","28.40848"
"49.70000","1.72650","878.70660","0.00533","0.00306","28.43711"
"49.80000","1.72986","880.13727","0.00544","0.00318","28.48341"
"49.90000","1.73300","881.46484","0.00539","0.00316","28.52637"
"50.00000","1.73651","883.54803","0.00539","0.00318","28.59379"
"50.10000","1.73980","885.11926","0.00539","0.00325","28.64464"
"50.20000","1.74309","887.35455","0.00538","0.00325","28.71698"
"50.30000","1.74653","887.53461","0.00555","0.00325","28.72280"
"50.40000","1.74989","889.80115","0.00557","0.00332","28.79615"
"50.50000","1.75318","891.41345","0.00561","0.00333","28.84833"
"50.60000","1.75639","892.04059","0.00564","0.00332","28.86863"
"50.70000","1.75976","893.55426","0.00569","0.00333","28.91761"
"50.80000","1.76312","895.10291","0.00565","0.00331","28.96773"
"50.90000","1.76633","896.47137","0.00567","0.00343","29.01202"
"51.00000","1.76984","897.95709","0.00568","0.00343","29.06010"
"51.10000","1.77321","900.34296","0.00564","0.00349","29.13731"
"51.20000","1.77635","900.24695","0.00564","0.00339","29.13420"
"51.30000","1.77978","901.86859","0.00565","0.00332","29.18669"
"51.40000","1.78307","904.40167","0.00568","0.00315","29.26866"
"51.50000","1.78636","904.91467","0.00567","0.00329","29.28526"
"51.60000","1.78980","907.17773","0.00579","0.00306","29.35850"
"51.70000","1.79324","908.16626","0.00567","0.00299","29.39049"
"51.80000","1.79653","910.29846","0.00567","0.00302","29.45950"
"51.90000","1.79974","911.25500","0.00572","0.00300","29.49045"
"52.00000","1.80310","912.59473","0.00563","0.00305","29.53381"
"52.10000","1.80647","914.34381","0.00567","0.00307","29.59041"
"52.20000","1.80968","915.83923","0.00568","0.00302","29.63881"
"52.30000","1.81312","917.80347","0.00566","0.00302","29.70238"
"52.40000","1.81656","918.09509","0.00565","0.00302","29.71181"
"52.50000","1.81984","919.93762","0.00564","0.00304","29.77144"
"52.60000","1.82321","922.05939","0.00571","0.00313","29.84011"
"52.70000","1.82649","923.15076","0.00573","0.00313","29.87543"
"52.80000","1.82971","924.11621","0.00574","0.00328","29.90667"
"52.90000","1.83307","925.51300","0.00567","0.00304","29.95188"
"53.00000","1.83643","927.32373","0.00570","0.00304","30.01048"
"53.10000","1.83980","929.25409","0.00568","0.00316","30.07295"
"53.20000","1.84309","930.75104","0.00579","0.00337","30.12139"
"53.30000","1.84652","931.63696","0.00585","0.00335","30.15006"
"53.40000","1.84981","933.72705","0.00598","0.00334","30.21770"
"53.50000","1.85303","934.08514","0.00590","0.00334","30.22929"
"53.60000","1.85646","935.77203","0.00592","0.00342","30.28388"
"53.70000","1.85983","937.57751","0.00597","0.00340","30.34231"
"53.80000","1.86304","938.61707","0.00603","0.00352","30.37596"
"53.90000","1.86655","940.40857","0.00608","0.00343","30.43394"
"54.00000","1.86992","941.92719","0.00595","0.00347","30.48308"
"54.10000","1.87306","943.40955","0.00593","0.00364","30.53105"
"54.20000","1.87642","944.13690","0.00594","0.00354","30.55459"
"54.30000","1.87986","946.31848","0.00601","0.00357","30.62519"
"54.40000","1.88307","947.66785","0.00604","0.00358","30.66886"
"54.50000","1.88643","949.18896","0.00602","0.00334","30.71809"
"54.60000","1.88995","950.72797","0.00597","0.00315","30.76789"
"54.70000","1.89316","951.61621","0.00600","0.00319","30.79664"
"54.80000","1.89645","953.05164","0.00600","0.00316","30.84310"
"54.90000","1.89981","954.44543","0.00601","0.00313","30.88820"
"55.00000","1.90317","956.12006","0.00599","0.00316","30.94240"
"55.10000","1.90631","957.87842","0.00596","0.00314","30.99930"
"55.20000","1.90983","958.95807","0.00600","0.00312","31.03424"
"55.30000","1.91334","961.26440","0.00600","0.00316","31.10888"
"55.40000","1.91648","962.12115","0.00606","0.00315","31.13661"
"55.50000","1.91977","963.10376","0.00603","0.00318","31.16841"
"55.60000","1.92313","965.01697","0.00606","0.00316","31.23032"
"55.70000","1.92627","966.42578","0.00604","0.00322","31.27592"
"55.80000","1.92971","967.54871","0.00605","0.00331","31.31226"
"55.90000","1.93322","968.70746","0.00609","0.00309","31.34976"
"56.00000","1.93643","970.60938","0.00605","0.00315","31.41131"
"56.10000","1.93980","971.79602","0.00612","0.00317","31.44971"
"56.20000","1.94316","974.37500","0.00607","0.00321","31.53317"
"56.30000","1.94645","974.75256","0.00613","0.00319","31.54539"
"56.40000","1.94974","976.62390","0.00625","0.00328","31.60595"
"56.50000","1.95310","978.34485","0.00628","0.00334","31.66165"
"56.60000","1.95654","978.62537","0.00629","0.00348","31.67072"
"56.70000","1.95975","981.37988","0.00631","0.00341","31.75987"
"56.80000","1.96319","981.86676","0.00632","0.00343","31.77562"
"56.90000","1.96663","983.62628","0.00632","0.00344","31.83257"
"57.00000","1.96969","984.75934","0.00632","0.00349","31.86923"
"57.10000","1.97313","986.51489","0.00636","0.00352","31.92605"
"57.20000","1.97657","987.71698","0.00633","0.00365","31.96495"
"57.30000","1.97971","989.07257","0.00634","0.00358","32.00882"
"57.40000","1.98314","989.95117","0.00627","0.00371","32.03725"
"57.50000","1.98658","991.47223","0.00633","0.00366","32.08648"
"57.60000","1.98979","993.86304","0.00628","0.00335","32.16385"
"57.70000","1.99308","994.28992","0.00632","0.00316","32.17767"
"57.80000","1.99637","996.10229","0.00634","0.00325","32.23632"
"57.90000","1.99981","997.53656","0.00636","0.00329","32.28274"
"58.00000","2.00295","998.95465","0.00632","0.00322","32.32863"
"58.10000","2.00646","1,000.54218","0.00632","0.00323","32.38000"
"58.20000","2.00997","1,001.98267","0.00637","0.00326","32.42662"
"58.30000","2.01304","1,002.51178","0.00637","0.00322","32.44375"
"58.40000","2.01648","1,004.98236","0.00641","0.00324","32.52370"
"58.50000","2.01984","1,006.02527","0.00639","0.00322","32.55745"
"58.60000","2.02305","1,007.29492","0.00640","0.00322","32.59854"
"58.70000","2.02649","1,008.77124","0.00643","0.00327","32.64632"
"58.80000","2.02978","1,010.41125","0.00640","0.00323","32.69939"
"58.90000","2.03314","1,011.57556","0.00645","0.00330","32.73707"
"59.00000","2.03658","1,013.68066","0.00644","0.00339","32.80520"
"59.10000","2.03987","1,014.79291","0.00647","0.00349","32.84119"
"59.20000","2.04316","1,016.23425","0.00645","0.00336","32.88784"
"59.30000","2.04637","1,017.07672","0.00648","0.00359","32.91510"
"59.40000","2.04981","1,018.09027","0.00662","0.00365","32.94791"
"59.50000","2.05317","1,020.34778","0.00665","0.00349","33.02097"
"59.60000","2.05631","1,022.23914","0.00667","0.00346","33.08217"
"59.70000","2.05990","1,023.30853","0.00671","0.00348","33.11678"
"59.80000","2.06319","1,023.75507","0.00669","0.00356","33.13123"
"59.90000","2.06633","1,025.68176","0.00669","0.00349","33.19358"
"60.00000","2.06984","1,027.48584","0.00671","0.00358","33.25197"
"60.10000","2.07305","1,029.19556","0.00670","0.00364","33.30730"
"60.20000","2.07634","1,030.04639","0.00673","0.00364","33.33484"
"60.30000","2.07978","1,032.00769","0.00675","0.00365","33.39831"
"60.40000","2.08322","1,032.60291","0.00670","0.00372","33.41757"
"60.50000","2.08650","1,034.57239","0.00670","0.00382","33.48131"
"60.60000","2.08964","1,036.72327","0.00669","0.00381","33.55091"
"60.70000","2.09316","1,036.18201","0.00674","0.00379","33.53340"
"60.80000","2.09652","1,038.47229","0.00672","0.00355","33.60752"
"60.90000","2.09966","1,039.94910","0.00674","0.00337","33.65531"
"61.00000","2.10325","1,041.21289","0.00677","0.00330","33.69621"
"61.10000","2.10661","1,043.32898","0.00674","0.00331","33.76469"
"61.20000","2.10975","1,043.68176","0.00676","0.00338","33.77611"
"61.30000","2.11319","1,045.23999","0.00679","0.00342","33.82654"
"61.40000","2.11640","1,047.17615","0.00680","0.00340","33.88919"
"61.50000","2.11976","1,048.50293","0.00678","0.00339","33.93213"
"61.60000","2.12305","1,049.80957","0.00681","0.00332","33.97442"
"61.70000","2.12649","1,051.17993","0.00684","0.00345","34.01877"
"61.80000","2.12985","1,052.98206","0.00679","0.00337","34.07709"
"61.90000","2.13307","1,054.14001","0.00683","0.00343","34.11456"
"62.00000","2.13643","1,055.38770","0.00683","0.00364","34.15494"
"62.10000","2.13979","1,057.28406","0.00685","0.00354","34.21631"
"62.20000","2.14301","1,057.24353","0.00703","0.00363","34.21500"
"62.30000","2.14644","1,059.39136","0.00700","0.00371","34.28451"
"62.40000","2.14988","1,061.39661","0.00704","0.00377","34.34940"
"62.50000","2.15310","1,062.70044","0.00705","0.00383","34.39160"
"62.60000","2.15653","1,063.73145","0.00705","0.00350","34.42496"
"62.70000","2.15982","1,065.91931","0.00710","0.00380","34.49577"
"62.80000","2.16304","1,066.57544","0.00706","0.00367","34.51701"
"62.90000","2.16640","1,067.99902","0.00712","0.00368","34.56308"
"63.00000","2.16984","1,069.33044","0.00713","0.00383","34.60616"
"63.10000","2.17312","1,071.09583","0.00710","0.00367","34.66330"
"63.20000","2.17641","1,072.48450","0.00709","0.00368","34.70824"
"63.30000","2.17993","1,073.67578","0.00709","0.00378","34.74679"
"63.40000","2.18314","1,074.79602","0.00713","0.00391","34.78304"
"63.50000","2.18635","1,076.72107","0.00712","0.00382","34.84534"
"63.60000","2.18979","1,077.78833","0.00713","0.00392","34.87988"
"63.70000","2.19315","1,078.65967","0.00712","0.00399","34.90808"
"63.80000","2.19637","1,080.73462","0.00714","0.00391","34.97523"
"63.90000","2.19988","1,082.13147","0.00715","0.00376","35.02044"
"64.00000","2.20332","1,083.68005","0.00716","0.00363","35.07055"
"64.10000","2.20638","1,084.28491","0.00714","0.00360","35.09013"
"64.20000","2.20975","1,085.88086","0.00717","0.00354","35.14178"
"64.30000","2.21318","1,087.69470","0.00719","0.00353","35.20048"
"64.40000","2.21632","1,089.07007","0.00718","0.00353","35.24499"
"64.50000","2.21969","1,089.68298","0.00721","0.00354","35.26482"
"64.60000","2.22320","1,091.67346","0.00723","0.00354","35.32924"
"64.70000","2.22649","1,092.18457","0.00723","0.00358","35.34578"
"64.80000","2.22977","1,093.89612","0.00719","0.00356","35.40117"
"64.90000","2.23314","1,095.62939","0.00721","0.00362","35.45726"
"65.00000","2.23643","1,096.98804","0.00726","0.00368","35.50123"
"65.10000","2.23972","1,098.59558","0.00729","0.00370","35.55325"
"65.20000","2.24315","1,099.72437","0.00725","0.00372","35.58979"
"65.30000","2.24659","1,100.46777","0.00735","0.00380","35.61384"
"65.40000","2.24973","1,102.07837","0.00745","0.00392","35.66597"
"65.50000","2.25317","1,103.57153","0.00755","0.00395","35.71429"
"65.60000","2.25661","1,105.41235","0.00754","0.00392","35.77386"
"65.70000","2.25967","1,106.81360","0.00755","0.00401","35.81921"
"65.80000","2.26311","1,107.88379","0.00756","0.00403","35.85384"
"65.90000","2.26655","1,109.57397","0.00756","0.00414","35.90854"
"66.00000","2.26976","1,110.49451","0.00758","0.00418","35.93834"
"66.10000","2.27320","1,112.53589","0.00758","0.00425","36.00440"
"66.20000","2.27649","1,114.66907","0.00756","0.00411","36.07343"
"66.30000","2.27977","1,114.46191","0.00754","0.00402","36.06673"
"66.40000","2.28306","1,116.51917","0.00754","0.00412","36.13330"
"66.50000","2.28635","1,118.07263","0.00757","0.00444","36.18358"
"66.60000","2.28979","1,119.01514","0.00752","0.00416","36.21408"
"66.70000","2.29300","1,120.62378","0.00759","0.00448","36.26614"
"66.80000","2.29652","1,121.79126","0.00756","0.00413","36.30392"
"66.90000","2.29995","1,122.91516","0.00754","0.00414","36.34030"
"67.00000","2.30302","1,124.76440","0.00757","0.00435","36.40014"
"67.10000","2.30646","1,125.57959","0.00756","0.00415","36.42653"
"67.20000","2.30982","1,127.07153","0.00760","0.00372","36.47481"
"67.30000","2.31303","1,128.63037","0.00757","0.00409","36.52525"
"67.40000","2.31654","1,130.37512","0.00760","0.00394","36.58172"
"67.50000","2.31983","1,132.04907","0.00765","0.00388","36.63589"
"67.60000","2.32320","1,132.97620","0.00761","0.00374","36.66590"
"67.70000","2.32641","1,133.09448","0.00763","0.00374","36.66972"
"67.80000","2.32977","1,135.43262","0.00767","0.00377","36.74539"
"67.90000","2.33321","1,137.19360","0.00771","0.00390","36.80238"
"68.00000","2.33635","1,138.55139","0.00770","0.00378","36.84632"
"68.10000","2.33979","1,139.32483","0.00770","0.00375","36.87135"
"68.20000","2.34323","1,140.80273","0.00771","0.00406","36.91918"
"68.30000","2.34644","1,142.84448","0.00805","0.00384","36.98526"
"68.40000","2.34988","1,143.40942","0.00810","0.00411","37.00354"
"68.50000","2.35317","1,144.38867","0.00805","0.00404","37.03523"
"68.60000","2.35630","1,146.55933","0.00801","0.00390","37.10548"
"68.70000","2.35982","1,147.62744","0.00859","0.00389","37.14005"
"68.80000","2.36311","1,148.96582","0.00856","0.00391","37.18336"
"68.90000","2.36647","1,150.25330","0.00861","0.00395","37.22503"
"69.00000","2.36976","1,151.26392","0.00863","0.00401","37.25773"
"69.10000","2.37312","1,152.95862","0.00860","0.00399","37.31258"
"69.20000","2.37648","1,154.43494","0.00862","0.00392","37.36036"
"69.30000","2.37962","1,155.66345","0.00864","0.00381","37.40011"
"69.40000","2.38314","1,157.30579","0.00864","0.00416","37.45326"
"69.50000","2.38657","1,158.95837","0.00862","0.00419","37.50674"
"69.60000","2.38971","1,159.23938","0.00864","0.00417","37.51584"
"69.70000","2.39322","1,161.01257","0.00862","0.00383","37.57322"
"69.80000","2.39659","1,162.75916","0.00860","0.00399","37.62975"
"69.90000","2.39965","1,164.27148","0.00865","0.00390","37.67869"
"70.00000","2.40316","1,165.22559","0.00866","0.00403","37.70956"
"70.10000","2.40645","1,166.70203","0.00863","0.00398","37.75735"
"70.20000","2.40982","1,167.87109","0.00870","0.00384","37.79518"
"70.30000","2.41310","1,169.50745","0.00867","0.00385","37.84814"
"70.40000","2.41647","1,170.49170","0.00870","0.00391","37.87999"
"70.50000","2.41991","1,172.14197","0.00871","0.00389","37.93340"
"70.60000","2.42304","1,173.29651","0.00872","0.00400","37.97076"
"70.70000","2.42641","1,174.71484","0.00870","0.00396","38.01666"
"70.80000","2.42977","1,176.39453","0.00883","0.00397","38.07102"
"70.90000","2.43291","1,176.69922","0.00866","0.00393","38.08088"
"71.00000","2.43650","1,178.43530","0.00859","0.00403","38.13707"
"71.10000","2.43986","1,180.25146","0.00866","0.00398","38.19584"
"71.20000","2.44315","1,181.16760","0.00882","0.00379","38.22549"
"71.30000","2.44651","1,182.13782","0.00869","0.00397","38.25689"
"71.40000","2.44980","1,184.15527","0.00879","0.00400","38.32218"
"71.50000","2.45301","1,185.95129","0.00869","0.00407","38.38030"
"71.60000","2.45645","1,187.22717","0.00897","0.00399","38.42159"
"71.70000","2.45982","1,188.11853","0.00896","0.00404","38.45044"
"71.80000","2.46318","1,189.96460","0.00899","0.00410","38.51018"
"71.90000","2.46639","1,190.39075","0.00899","0.00404","38.52397"
"72.00000","2.46983","1,191.66125","0.00902","0.00416","38.56509"
"72.10000","2.47312","1,193.81006","0.00899","0.00423","38.63463"
"72.20000","2.47633","1,194.74658","0.00904","0.00421","38.66494"
"72.30000","2.47984","1,196.56384","0.00903","0.00416","38.72375"
"72.40000","2.48321","1,197.30713","0.00901","0.00413","38.74780"
"72.50000","2.48642","1,198.79333","0.00901","0.00420","38.79590"
"72.60000","2.48986","1,199.91833","0.00901","0.00446","38.83231"
"72.70000","2.49330","1,200.40381","0.00901","0.00436","38.84802"
"72.80000","2.49636","1,202.96240","0.00903","0.00442","38.93082"
"72.90000","2.49972","1,204.13989","0.00901","0.00418","38.96893"
"73.00000","2.50316","1,204.95154","0.00903","0.00428","38.99520"
"73.10000","2.50638","1,206.22632","0.00902","0.00415","39.03645"
"73.20000","2.50974","1,207.49536","0.00906","0.00411","39.07752"
"73.30000","2.51325","1,209.07886","0.00905","0.00413","39.12877"
"73.40000","2.51647","1,210.68652","0.00907","0.00404","39.18079"
"73.50000","2.51968","1,212.46399","0.00910","0.00407","39.23832"
"73.60000","2.52312","1,212.88892","0.00908","0.00410","39.25207"
"73.70000","2.52648","1,214.25708","0.00888","0.00419","39.29634"
"73.80000","2.52969","1,215.97742","0.00883","0.00414","39.35202"
"73.90000","2.53313","1,216.99756","0.00880","0.00420","39.38503"
"74.00000","2.53664","1,218.22351","0.00885","0.00428","39.42471"
"74.10000","2.53978","1,219.59290","0.00898","0.00424","39.46902"
"74.20000","2.54315","1,221.36255","0.00892","0.00426","39.52629"
"74.30000","2.54651","1,223.05811","0.00896","0.00418","39.58117"
"74.40000","2.54972","1,223.80457","0.00897","0.00433","39.60533"
"74.50000","2.55309","1,225.42847","0.00895","0.00444","39.65788"
"74.60000","2.55652","1,226.10547","0.00900","0.00428","39.67979"
"74.70000","2.55974","1,227.04761","0.00898","0.00437","39.71028"
"74.80000","2.56310","1,228.70374","0.00914","0.00429","39.76387"
"74.90000","2.56646","1,229.95923","0.00904","0.00428","39.80450"
"75.00000","2.56975","1,231.62451","0.00913","0.00434","39.85840"
"75.10000","2.57304","1,232.69067","0.00915","0.00441","39.89290"
"75.20000","2.57641","1,234.06042","0.00930","0.00432","39.93723"
"75.30000","2.57984","1,235.76685","0.00931","0.00436","39.99245"
"75.40000","2.58306","1,236.13293","0.00935","0.00431","40.00430"
"75.50000","2.58649","1,237.56775","0.00937","0.00440","40.05074"
"75.60000","2.58993","1,238.95874","0.00937","0.00455","40.09575"
"75.70000","2.59300","1,240.54529","0.00935","0.00448","40.14710"
"75.80000","2.59643","1,241.62329","0.00935","0.00458","40.18198"
"75.90000","2.59980","1,243.10706","0.00934","0.00460","40.23000"
"76.00000","2.60309","1,243.94446","0.00939","0.00468","40.25710"
"76.10000","2.60652","1,246.50256","0.00902","0.00418","40.33989"
"76.20000","2.60981","1,247.01587","0.00913","0.00451","40.35650"
"76.30000","2.61318","1,247.78394","0.00927","0.00449","40.38136"
"76.40000","2.61639","1,249.83679","0.00899","0.00434","40.44779"
"76.50000","2.61975","1,251.30945","0.00905","0.00427","40.49545"
"76.60000","2.62312","1,252.50415","0.00899","0.00433","40.53411"
"76.70000","2.62633","1,253.26355","0.00926","0.00433","40.55869"
"76.80000","2.62984","1,255.00452","0.00903","0.00437","40.61503"
"76.90000","2.63328","1,256.52673","0.00904","0.00446","40.66430"
"77.00000","2.63642","1,256.67419","0.00904","0.00443","40.66907"
"77.10000","2.63978","1,258.15527","0.00905","0.00447","40.71700"
"77.20000","2.64314","1,259.46448","0.00932","0.00449","40.75937"
"77.30000","2.64628","1,260.80823","0.00932","0.00439","40.80286"
"77.40000","2.64980","1,262.37415","0.00931","0.00455","40.85353"
"77.50000","2.65316","1,263.69739","0.00939","0.00450","40.89635"
"77.60000","2.65652","1,264.92371","0.00931","0.00462","40.93604"
"77.70000","2.65981","1,266.04834","0.00934","0.00461","40.97244"
"77.80000","2.66310","1,267.05664","0.00935","0.00455","41.00507"
"77.90000","2.66646","1,269.62805","0.00934","0.00455","41.08829"
"78.00000","2.66960","1,270.14233","0.00933","0.00457","41.10493"
"78.10000","2.67311","1,271.11609","0.00936","0.00451","41.13644"
"78.20000","2.67663","1,272.52515","0.00934","0.00456","41.18204"
"78.30000","2.67977","1,273.76770","0.00932","0.00466","41.22226"
"78.40000","2.68320","1,275.51343","0.00935","0.00454","41.27875"
"78.50000","2.68657","1,275.89258","0.00936","0.00468","41.29102"
"78.60000","2.68971","1,277.12476","0.00934","0.00465","41.33090"
"78.70000","2.69314","1,279.05664","0.00940","0.00476","41.39342"
"78.80000","2.69643","1,280.07629","0.00951","0.00482","41.42642"
"78.90000","2.69980","1,281.72241","0.00940","0.00465","41.47969"
"79.00000","2.70316","1,282.26746","0.00938","0.00488","41.49733"
"79.10000","2.70652","1,284.47278","0.00932","0.00492","41.56870"
"79.20000","2.70989","1,284.64771","0.00938","0.00470","41.57436"
"79.30000","2.71295","1,286.60034","0.00938","0.00472","41.63755"
"79.40000","2.71639","1,287.24390","0.00932","0.00454","41.65838"
"79.50000","2.71983","1,288.80396","0.00935","0.00468","41.70887"
"79.60000","2.72296","1,290.61206","0.00943","0.00467","41.76738"
"79.70000","2.72655","1,291.44519","0.00942","0.00466","41.79434"
"79.80000","2.72991","1,293.16650","0.00940","0.00456","41.85005"
"79.90000","2.73305","1,293.96423","0.00940","0.00463","41.87587"
"80.00000","2.73642","1,295.66492","0.00942","0.00467","41.93090"
"80.10000","2.73978","1,296.68689","0.00943","0.00463","41.96398"
"80.20000","2.74299","1,297.86047","0.00947","0.00467","42.00196"
"80.30000","2.74643","1,299.46887","0.00965","0.00467","42.05401"
"80.40000","2.74987","1,300.18445","0.00965","0.00473","42.07717"
"80.50000","2.75323","1,301.77625","0.00969","0.00473","42.12868"
"80.60000","2.75637","1,302.88770","0.00970","0.00472","42.16465"
"80.70000","2.75981","1,304.02979","0.00970","0.00477","42.20161"
"80.80000","2.76317","1,305.13025","0.00975","0.00472","42.23722"
"80.90000","2.76631","1,306.91443","0.00971","0.00474","42.29496"
"81.00000","2.76990","1,308.05908","0.00970","0.00497","42.33201"
"81.10000","2.77326","1,309.35962","0.00978","0.00471","42.37410"
"81.20000","2.77648","1,310.66248","0.00972","0.00473","42.41626"
"81.30000","2.77984","1,311.73499","0.00972","0.00484","42.45097"
"81.40000","2.78320","1,312.69373","0.00971","0.00485","42.48200"
"81.50000","2.78642","1,314.50964","0.00970","0.00482","42.54076"
"81.60000","2.78970","1,315.12280","0.00975","0.00477","42.56061"
"81.70000","2.79314","1,316.72168","0.00972","0.00480","42.61235"
"81.80000","2.79651","1,317.43945","0.00974","0.00476","42.63558"
"81.90000","2.79972","1,319.44849","0.00972","0.00479","42.70060"
"82.00000","2.80323","1,320.33887","0.00974","0.00486","42.72941"
"82.10000","2.80645","1,321.59094","0.00974","0.00485","42.76993"
"82.20000","2.80966","1,323.37634","0.00978","0.00505","42.82771"
"82.30000","2.81317","1,324.68604","0.00978","0.00480","42.87010"
"82.40000","2.81646","1,326.41467","0.00973","0.00472","42.92604"
"82.50000","2.81975","1,326.84387","0.00978","0.00470","42.93993"
"82.60000","2.82319","1,327.53333","0.00980","0.00473","42.96224"
"82.70000","2.82662","1,329.43433","0.00979","0.00476","43.02377"
"82.80000","2.82976","1,329.93030","0.00978","0.00481","43.03981"
"82.90000","2.83305","1,331.55664","0.00980","0.00476","43.09245"
"83.00000","2.83649","1,332.59265","0.00981","0.00473","43.12598"
"83.10000","2.83978","1,333.80774","0.00983","0.00481","43.16530"
"83.20000","2.84314","1,335.85498","0.00984","0.00483","43.23155"
"83.30000","2.84658","1,336.61133","0.00983","0.00484","43.25603"
"83.40000","2.84979","1,337.43225","0.00996","0.00488","43.28260"
"83.50000","2.85308","1,339.03247","0.01002","0.00480","43.33438"
"83.60000","2.85644","1,340.33948","0.01002","0.00486","43.37668"
"83.70000","2.85981","1,341.34949","0.01001","0.00495","43.40937"
"83.80000","2.86302","1,342.13330","0.01001","0.00488","43.43473"
"83.90000","2.86646","1,343.60291","0.01003","0.00493","43.48230"
"84.00000","2.86990","1,345.29248","0.01008","0.00497","43.53697"
"84.10000","2.87311","1,345.77063","0.01004","0.00494","43.55245"
"84.20000","2.87647","1,347.27295","0.01005","0.00519","43.60107"
"84.30000","2.87984","1,348.65295","0.01002","0.00485","43.64573"
"84.40000","2.88305","1,349.57593","0.01006","0.00491","43.67560"
"84.50000","2.88641","1,351.17700","0.01010","0.00495","43.72741"
"84.60000","2.88985","1,352.04578","0.01007","0.00498","43.75553"
"84.70000","2.89314","1,353.18884","0.01006","0.00507","43.79252"
"84.80000","2.89650","1,353.69165","0.01005","0.00498","43.80879"
"84.90000","2.89979","1,355.25916","0.01002","0.00494","43.85952"
"85.00000","2.90315","1,356.26782","0.01007","0.00496","43.89216"
"85.10000","2.90637","1,357.67810","0.01010","0.00495","43.93780"
"85.20000","2.90973","1,359.35168","0.01006","0.00481","43.99196"
"85.30000","2.91317","1,361.00208","0.01004","0.00492","44.04538"
"85.40000","2.91638","1,361.40869","0.01006","0.00483","44.05853"
"85.50000","2.91982","1,362.75146","0.01001","0.00482","44.10199"
"85.60000","2.92318","1,364.07471","0.01009","0.00480","44.14481"
"85.70000","2.92640","1,365.20947","0.01010","0.00490","44.18154"
"85.80000","2.92984","1,366.80225","0.01010","0.00486","44.23308"
"85.90000","2.93312","1,367.12952","0.01012","0.00492","44.24368"
"86.00000","2.93641","1,368.98279","0.01014","0.00490","44.30365"
"86.10000","2.93985","1,370.28235","0.01013","0.00489","44.34571"
"86.20000","2.94314","1,370.72974","0.01016","0.00502","44.36019"
"86.30000","2.94658","1,371.98987","0.01017","0.00491","44.40097"
"86.40000","2.94972","1,373.46387","0.01026","0.00491","44.44867"
"86.50000","2.95300","1,374.32910","0.01036","0.00497","44.47667"
"86.60000","2.95652","1,375.49219","0.01031","0.00500","44.51431"
"86.70000","2.95966","1,376.81274","0.01038","0.00504","44.55704"
"86.80000","2.96317","1,378.01953","0.01037","0.00486","44.59610"
"86.90000","2.96661","1,379.50903","0.01032","0.00501","44.64431"
"87.00000","2.96975","1,380.07507","0.01037","0.00500","44.66262"
"87.10000","2.97318","1,381.34485","0.01041","0.00506","44.70372"
"87.20000","2.97647","1,382.37268","0.01037","0.00506","44.73698"
"87.30000","2.97976","1,383.59875","0.01038","0.00505","44.77666"
"87.40000","2.98312","1,384.44580","0.01039","0.00503","44.80407"
"87.50000","2.98649","1,385.93115","0.01034","0.00504","44.85214"
"87.60000","2.98992","1,386.52319","0.01037","0.00500","44.87130"
"87.70000","2.99314","1,387.68604","0.01037","0.00508","44.90893"
"87.80000","2.99650","1,388.81787","0.01039","0.00509","44.94556"
"87.90000","2.99986","1,390.13367","0.01034","0.00517","44.98814"
"88.00000","3.00300","1,391.25098","0.01026","0.00493","45.02430"
"88.10000","3.00644","1,392.02454","0.01026","0.00488","45.04934"
"88.20000","3.00988","1,391.84924","0.01031","0.00510","45.04366"
"88.25000","3.01145","1,075.58948","0.01027","0.00505","34.80872"
"88.25800","3.01175","764.15900","0.01027","0.00505","24.73006"
