Modulus (Segment 0.001 mm/mm - 0.008 mm/mm) : Modulus (Segment 0.001 mm/mm - 0.008 mm/mm),"6,828.44536",MPa
Poisson's ratio (Least squares fit) : Poisson's ratio (Least squares fit),"0.09429"
Specimen properties : Gauge length,"15.34000",mm
Specimen properties : Gauge length transverse,"5.00800",mm
Specimen properties : Thickness,"1.57000",mm
Specimen properties : Width,"15.01000",mm

Time,Extension,Load,Video axial strain,Video transverse strain,Calculated Stress
(s),(mm),(N),(mm/mm),(mm/mm),(MPa)
"0.00000","0.00000","61.98312","0.00006","-0.00006","2.63023"
"0.10000","0.00142","62.42022","0.00001","0.00001","2.64877"
"0.20000","0.00568","62.42091","-0.00013","-0.00006","2.64880"
"0.30000","0.00979","62.56200","-0.00038","0.00021","2.65479"
"0.40000","0.01330","62.79814","-0.00058","0.00033","2.66481"
"0.50000","0.01659","63.28033","-0.00072","0.00092","2.68527"
"0.60000","0.02010","64.20066","-0.00091","0.00113","2.72433"
"0.70000","0.02354","64.25824","-0.00112","0.00137","2.72677"
"0.80000","0.02668","64.14529","-0.00127","0.00160","2.72198"
"0.90000","0.03012","65.22909","-0.00151","0.00180","2.76797"
"1.00000","0.03348","66.31289","-0.00172","0.00195","2.81396"
"1.10000","0.03662","65.95610","-0.00185","0.00212","2.79882"
"1.20000","0.04006","67.61559","-0.00206","0.00224","2.86924"
"1.30000","0.04342","68.40723","-0.00232","0.00245","2.90283"
"1.40000","0.04671","69.76227","-0.00255","0.00255","2.96033"
"1.50000","0.05007","71.87181","-0.00277","0.00269","3.04985"
"1.60000","0.05344","74.29957","-0.00300","0.00267","3.15287"
"1.70000","0.05665","77.07291","-0.00317","0.00283","3.27055"
"1.80000","0.05994","80.04015","-0.00333","0.00296","3.39647"
"1.90000","0.06345","84.39153","-0.00350","0.00311","3.58112"
"2.00000","0.06681","87.92000","-0.00363","0.00322","3.73085"
"2.10000","0.07003","92.14050","-0.00371","0.00329","3.90994"
"2.20000","0.07339","96.95172","-0.00383","0.00348","4.11410"
"2.30000","0.07690","101.33000","-0.00387","0.00342","4.29989"
"2.40000","0.07997","105.34214","-0.00392","0.00344","4.47015"
"2.50000","0.08333","110.03909","-0.00392","0.00374","4.66946"
"2.60000","0.08677","114.20494","-0.00402","0.00365","4.84624"
"2.70000","0.08998","118.84544","-0.00400","0.00399","5.04315"
"2.80000","0.09342","123.58160","-0.00405","0.00401","5.24413"
"2.90000","0.09686","128.09769","-0.00403","0.00408","5.43577"
"3.00000","0.10007","132.05003","-0.00401","0.00419","5.60348"
"3.10000","0.10336","137.06625","-0.00401","0.00420","5.81635"
"3.20000","0.10672","142.03511","-0.00400","0.00420","6.02720"
"3.30000","0.11009","146.00806","-0.00409","0.00421","6.19579"
"3.40000","0.11330","150.83290","-0.00406","0.00424","6.40053"
"3.50000","0.11674","154.93690","-0.00401","0.00421","6.57468"
"3.60000","0.12018","160.80200","-0.00396","0.00422","6.82356"
"3.70000","0.12332","164.80104","-0.00401","0.00404","6.99326"
"3.80000","0.12668","169.42140","-0.00403","0.00388","7.18932"
"3.90000","0.13012","174.24181","-0.00404","0.00394","7.39387"
"4.00000","0.13326","178.69855","-0.00398","0.00388","7.58299"
"4.10000","0.13677","183.62621","-0.00397","0.00395","7.79210"
"4.20000","0.14013","188.76732","-0.00396","0.00393","8.01026"
"4.30000","0.14342","192.50699","-0.00397","0.00397","8.16895"
"4.40000","0.14678","197.23323","-0.00403","0.00396","8.36950"
"4.50000","0.15007","201.59528","-0.00403","0.00391","8.55461"
"4.60000","0.15336","206.73476","-0.00397","0.00391","8.77270"
"4.70000","0.15657","210.72905","-0.00392","0.00398","8.94219"
"4.80000","0.16001","215.08960","-0.00393","0.00396","9.12723"
"4.90000","0.16352","219.85231","-0.00400","0.00396","9.32934"
"5.00000","0.16666","224.90921","-0.00397","0.00397","9.54392"
"5.10000","0.17010","229.18526","-0.00395","0.00402","9.72537"
"5.20000","0.17354","233.95288","-0.00391","0.00405","9.92769"
"5.30000","0.17660","237.97821","-0.00389","0.00410","10.09850"
"5.40000","0.18004","242.28052","-0.00391","0.00412","10.28107"
"5.50000","0.18348","246.49843","-0.00392","0.00401","10.46005"
"5.60000","0.18677","251.54613","-0.00389","0.00415","10.67425"
"5.70000","0.19013","255.94060","-0.00388","0.00426","10.86073"
"5.80000","0.19349","259.94098","-0.00382","0.00438","11.03048"
"5.90000","0.19678","264.51184","-0.00383","0.00439","11.22444"
"6.00000","0.20000","268.66345","-0.00382","0.00446","11.40061"
"6.10000","0.20328","272.86584","-0.00381","0.00444","11.57894"
"6.20000","0.20680","277.63437","-0.00377","0.00444","11.78129"
"6.30000","0.20994","281.60425","-0.00376","0.00447","11.94975"
"6.40000","0.21345","285.36154","-0.00371","0.00447","12.10919"
"6.50000","0.21689","290.06445","-0.00377","0.00443","12.30876"
"6.60000","0.21995","294.22040","-0.00368","0.00445","12.48511"
"6.70000","0.22346","298.40268","-0.00370","0.00442","12.66259"
"6.80000","0.22675","302.53506","-0.00363","0.00439","12.83794"
"6.90000","0.22997","306.19974","-0.00365","0.00410","12.99345"
"7.00000","0.23348","310.54306","-0.00369","0.00407","13.17776"
"7.10000","0.23677","314.41708","-0.00363","0.00413","13.34215"
"7.20000","0.24013","317.82581","-0.00358","0.00411","13.48680"
"7.30000","0.24342","322.52655","-0.00357","0.00414","13.68627"
"7.40000","0.24671","325.60257","-0.00359","0.00413","13.81680"
"7.50000","0.25014","329.92471","-0.00361","0.00409","14.00021"
"7.60000","0.25328","333.72723","-0.00360","0.00411","14.16157"
"7.70000","0.25680","337.60202","-0.00350","0.00411","14.32599"
"7.80000","0.26023","341.87894","-0.00351","0.00411","14.50748"
"7.90000","0.26330","345.47183","-0.00351","0.00411","14.65994"
"8.00000","0.26681","349.01410","-0.00351","0.00409","14.81026"
"8.10000","0.27017","353.30789","-0.00353","0.00406","14.99246"
"8.20000","0.27331","357.48346","-0.00351","0.00411","15.16965"
"8.30000","0.27668","360.44547","-0.00349","0.00417","15.29534"
"8.40000","0.28004","364.59503","-0.00340","0.00421","15.47143"
"8.50000","0.28340","368.40518","-0.00347","0.00421","15.63311"
"8.60000","0.28669","372.37772","-0.00345","0.00421","15.80168"
"8.70000","0.29013","375.61328","-0.00342","0.00439","15.93898"
"8.80000","0.29342","379.88855","-0.00342","0.00439","16.12040"
"8.90000","0.29656","383.76871","-0.00340","0.00448","16.28506"
"9.00000","0.30007","387.42859","-0.00337","0.00450","16.44036"
"9.10000","0.30343","390.74500","-0.00338","0.00450","16.58109"
"9.20000","0.30665","394.66690","-0.00336","0.00456","16.74751"
"9.30000","0.31016","397.70752","-0.00332","0.00451","16.87654"
"9.40000","0.31352","401.71506","-0.00333","0.00453","17.04660"
"9.50000","0.31666","405.08810","-0.00331","0.00453","17.18973"
"9.60000","0.32002","408.12933","-0.00328","0.00452","17.31879"
"9.70000","0.32339","411.74362","-0.00326","0.00455","17.47216"
"9.80000","0.32667","415.52493","-0.00321","0.00455","17.63262"
"9.90000","0.33004","419.32947","-0.00318","0.00447","17.79406"
"10.00000","0.33348","423.16965","-0.00318","0.00423","17.95702"
"10.10000","0.33676","426.68832","-0.00315","0.00421","18.10633"
"10.20000","0.33998","430.30341","-0.00317","0.00420","18.25973"
"10.30000","0.34342","433.46127","-0.00313","0.00419","18.39374"
"10.40000","0.34678","436.61563","-0.00310","0.00421","18.52759"
"10.50000","0.34999","439.88898","-0.00306","0.00419","18.66649"
"10.60000","0.35351","444.17059","-0.00305","0.00420","18.84818"
"10.70000","0.35679","447.30670","-0.00308","0.00415","18.98126"
"10.80000","0.36001","450.85489","-0.00307","0.00419","19.13183"
"10.90000","0.36345","454.72891","-0.00305","0.00420","19.29622"
"11.00000","0.36673","458.25104","-0.00302","0.00414","19.44568"
"11.10000","0.36995","460.84503","-0.00301","0.00417","19.55575"
"11.20000","0.37331","464.54630","-0.00302","0.00413","19.71282"
"11.30000","0.37682","468.27365","-0.00301","0.00419","19.87099"
"11.40000","0.38004","471.58426","-0.00303","0.00425","20.01147"
"11.50000","0.38340","475.21350","-0.00300","0.00427","20.16547"
"11.60000","0.38684","478.58142","-0.00298","0.00425","20.30839"
"11.70000","0.39005","482.00934","-0.00295","0.00428","20.45385"
"11.80000","0.39334","484.89041","-0.00296","0.00434","20.57611"
"11.90000","0.39670","489.46613","-0.00293","0.00451","20.77028"
"12.00000","0.40007","492.68771","-0.00291","0.00451","20.90698"
"12.10000","0.40336","496.27005","-0.00289","0.00460","21.05900"
"12.20000","0.40679","499.22079","-0.00287","0.00463","21.18421"
"12.30000","0.41023","502.86084","-0.00288","0.00471","21.33868"
"12.40000","0.41337","506.14975","-0.00286","0.00468","21.47824"
"12.50000","0.41666","509.28775","-0.00282","0.00462","21.61140"
"12.60000","0.42010","512.15894","-0.00282","0.00460","21.73324"
"12.70000","0.42331","515.71338","-0.00279","0.00459","21.88407"
"12.80000","0.42675","519.36993","-0.00278","0.00458","22.03923"
"12.90000","0.43011","522.36395","-0.00277","0.00461","22.16628"
"13.00000","0.43340","526.13312","-0.00274","0.00459","22.32623"
"13.10000","0.43669","529.13434","-0.00272","0.00448","22.45358"
"13.20000","0.43998","532.72717","-0.00265","0.00456","22.60604"
"13.30000","0.44341","535.36774","-0.00266","0.00433","22.71809"
"13.40000","0.44663","539.48486","-0.00267","0.00425","22.89280"
"13.50000","0.45007","542.41986","-0.00263","0.00425","23.01735"
"13.60000","0.45358","545.51831","-0.00260","0.00426","23.14883"
"13.70000","0.45672","549.71375","-0.00255","0.00422","23.32686"
"13.80000","0.46008","552.24420","-0.00256","0.00420","23.43424"
"13.90000","0.46344","556.31891","-0.00255","0.00425","23.60715"
"14.00000","0.46658","559.86328","-0.00249","0.00420","23.75755"
"14.10000","0.47010","562.77875","-0.00251","0.00420","23.88127"
"14.20000","0.47346","565.31335","-0.00245","0.00420","23.98882"
"14.30000","0.47675","569.13550","-0.00252","0.00417","24.15101"
"14.40000","0.48011","572.55804","-0.00252","0.00423","24.29625"
"14.50000","0.48340","575.38000","-0.00250","0.00431","24.41599"
"14.60000","0.48676","579.35718","-0.00243","0.00431","24.58476"
"14.70000","0.48998","581.95746","-0.00247","0.00428","24.69511"
"14.80000","0.49334","585.69739","-0.00245","0.00418","24.85381"
"14.90000","0.49693","589.23633","-0.00245","0.00437","25.00398"
"15.00000","0.49999","592.18298","-0.00244","0.00448","25.12902"
"15.10000","0.50343","596.33496","-0.00241","0.00455","25.30521"
"15.20000","0.50687","599.20264","-0.00237","0.00462","25.42690"
"15.30000","0.50993","602.28937","-0.00237","0.00471","25.55788"
"15.40000","0.51337","605.96924","-0.00233","0.00475","25.71404"
"15.50000","0.51673","609.17053","-0.00232","0.00468","25.84988"
"15.60000","0.52002","612.31262","-0.00229","0.00471","25.98321"
"15.70000","0.52338","615.85138","-0.00230","0.00463","26.13338"
"15.80000","0.52682","619.02448","-0.00229","0.00465","26.26803"
"15.90000","0.53018","622.70953","-0.00221","0.00464","26.42440"
"16.00000","0.53332","625.54327","-0.00222","0.00462","26.54465"
"16.10000","0.53669","628.57867","-0.00222","0.00466","26.67346"
"16.20000","0.54012","631.81488","-0.00218","0.00460","26.81078"
"16.30000","0.54326","634.85010","-0.00222","0.00464","26.93958"
"16.40000","0.54678","638.56873","-0.00212","0.00458","27.09738"
"16.50000","0.55021","642.16138","-0.00215","0.00453","27.24983"
"16.60000","0.55328","644.15918","-0.00213","0.00434","27.33461"
"16.70000","0.55679","648.49371","-0.00215","0.00425","27.51854"
"16.80000","0.56015","650.87781","-0.00208","0.00425","27.61971"
"16.90000","0.56337","654.67053","-0.00204","0.00424","27.78065"
"17.00000","0.56673","657.24005","-0.00203","0.00425","27.88969"
"17.10000","0.57009","660.72931","-0.00202","0.00420","28.03775"
"17.20000","0.57346","663.98975","-0.00205","0.00422","28.17611"
"17.30000","0.57674","666.97040","-0.00196","0.00424","28.30259"
"17.40000","0.58003","670.36835","-0.00195","0.00426","28.44678"
"17.50000","0.58347","673.17126","-0.00194","0.00424","28.56572"
"17.60000","0.58654","676.51483","-0.00194","0.00434","28.70761"
"17.70000","0.59012","679.89337","-0.00196","0.00420","28.85097"
"17.80000","0.59349","682.49542","-0.00190","0.00411","28.96139"
"17.90000","0.59662","685.50885","-0.00186","0.00446","29.08926"
"18.00000","0.60021","688.31476","-0.00183","0.00437","29.20833"
"18.10000","0.60350","692.39258","-0.00190","0.00452","29.38137"
"18.20000","0.60664","695.10492","-0.00189","0.00457","29.49647"
"18.30000","0.61008","698.29279","-0.00185","0.00464","29.63174"
"18.40000","0.61337","700.71680","-0.00180","0.00470","29.73461"
"18.50000","0.61673","705.03430","-0.00185","0.00481","29.91782"
"18.60000","0.62009","707.47357","-0.00183","0.00478","30.02133"
"18.70000","0.62353","710.40454","-0.00182","0.00472","30.14570"
"18.80000","0.62682","713.75482","-0.00181","0.00473","30.28787"
"18.90000","0.62996","716.87720","-0.00178","0.00467","30.42036"
"19.00000","0.63340","719.82904","-0.00177","0.00470","30.54563"
"19.10000","0.63676","722.81836","-0.00175","0.00471","30.67248"
"19.20000","0.63990","726.05865","-0.00174","0.00468","30.80998"
"19.30000","0.64356","728.97815","-0.00174","0.00470","30.93386"
"19.40000","0.64685","732.40442","-0.00171","0.00467","31.07926"
"19.50000","0.64999","735.81122","-0.00170","0.00471","31.22382"
"19.60000","0.65335","738.31317","-0.00163","0.00469","31.32999"
"19.70000","0.65664","741.42664","-0.00163","0.00432","31.46211"
"19.80000","0.66000","743.67938","-0.00165","0.00428","31.55770"
"19.90000","0.66336","747.22955","-0.00161","0.00430","31.70835"
"20.00000","0.66680","750.22467","-0.00155","0.00426","31.83545"
"20.10000","0.67009","753.96704","-0.00151","0.00432","31.99426"
"20.20000","0.67330","756.92450","-0.00157","0.00427","32.11975"
"20.30000","0.67674","760.02905","-0.00151","0.00426","32.25150"
"20.40000","0.68011","762.45441","-0.00147","0.00424","32.35441"
"20.50000","0.68332","765.76978","-0.00144","0.00428","32.49510"
"20.60000","0.68676","769.16956","-0.00147","0.00429","32.63937"
"20.70000","0.69020","771.52161","-0.00147","0.00436","32.73918"
"20.80000","0.69341","774.73230","-0.00142","0.00436","32.87542"
"20.90000","0.69677","778.56708","-0.00139","0.00431","33.03815"
"21.00000","0.70014","780.56366","-0.00137","0.00437","33.12287"
"21.10000","0.70335","784.02728","-0.00141","0.00435","33.26985"
"21.20000","0.70671","787.37305","-0.00139","0.00446","33.41182"
"21.30000","0.71015","791.01465","-0.00139","0.00461","33.56636"
"21.40000","0.71336","793.38660","-0.00130","0.00468","33.66701"
"21.50000","0.71665","795.86151","-0.00129","0.00471","33.77203"
"21.60000","0.72016","799.42664","-0.00135","0.00480","33.92331"
"21.70000","0.72338","802.56519","-0.00131","0.00481","34.05650"
"21.80000","0.72667","805.88562","-0.00127","0.00480","34.19740"
"21.90000","0.73003","808.39685","-0.00127","0.00480","34.30396"
"22.00000","0.73339","811.03333","-0.00125","0.00477","34.41584"
"22.10000","0.73668","814.68561","-0.00126","0.00476","34.57082"
"22.20000","0.74004","817.98279","-0.00124","0.00472","34.71074"
"22.30000","0.74356","820.84229","-0.00124","0.00473","34.83208"
"22.40000","0.74662","824.03729","-0.00118","0.00476","34.96766"
"22.50000","0.74998","826.70435","-0.00119","0.00470","35.08083"
"22.60000","0.75342","830.20160","-0.00119","0.00471","35.22924"
"22.70000","0.75664","832.85046","-0.00114","0.00472","35.34164"
"22.80000","0.76000","836.02460","-0.00115","0.00466","35.47633"
"22.90000","0.76351","838.66699","-0.00112","0.00473","35.58846"
"23.00000","0.76680","841.84082","-0.00107","0.00448","35.72314"
"23.10000","0.77009","844.95532","-0.00109","0.00431","35.85530"
"23.20000","0.77338","847.45959","-0.00100","0.00439","35.96157"
"23.30000","0.77674","850.93073","-0.00106","0.00429","36.10887"
"23.40000","0.77995","853.04889","-0.00098","0.00431","36.19875"
"23.50000","0.78332","856.07751","-0.00099","0.00429","36.32727"
"23.60000","0.78683","859.42877","-0.00099","0.00435","36.46948"
"23.70000","0.78997","862.04755","-0.00093","0.00432","36.58060"
"23.80000","0.79341","866.22388","-0.00089","0.00433","36.75782"
"23.90000","0.79684","868.39392","-0.00088","0.00442","36.84991"
"24.00000","0.79998","870.93695","-0.00089","0.00439","36.95782"
"24.10000","0.80335","874.12335","-0.00085","0.00429","37.09304"
"24.20000","0.80678","877.18073","-0.00088","0.00433","37.22277"
"24.30000","0.81007","880.37799","-0.00087","0.00442","37.35845"
"24.40000","0.81344","882.76825","-0.00085","0.00463","37.45988"
"24.50000","0.81680","886.20081","-0.00083","0.00471","37.60554"
"24.60000","0.82009","889.01508","-0.00081","0.00479","37.72496"
"24.70000","0.82330","891.06897","-0.00082","0.00488","37.81211"
"24.80000","0.82666","894.28796","-0.00079","0.00487","37.94871"
"24.90000","0.83018","897.49078","-0.00078","0.00486","38.08462"
"25.00000","0.83332","900.29437","-0.00071","0.00486","38.20359"
"25.10000","0.83675","903.07434","-0.00073","0.00488","38.32156"
"25.20000","0.84027","906.13354","-0.00074","0.00482","38.45137"
"25.30000","0.84333","909.10004","-0.00067","0.00478","38.57726"
"25.40000","0.84677","912.16846","-0.00068","0.00475","38.70746"
"25.50000","0.85006","914.55170","-0.00068","0.00476","38.80859"
"25.60000","0.85342","917.85156","-0.00069","0.00478","38.94862"
"25.70000","0.85671","920.48767","-0.00065","0.00477","39.06049"
"25.80000","0.86007","923.41125","-0.00063","0.00473","39.18455"
"25.90000","0.86351","926.21735","-0.00060","0.00471","39.30362"
"26.00000","0.86665","929.07764","-0.00062","0.00471","39.42500"
"26.10000","0.87001","931.79840","-0.00061","0.00460","39.54045"
"26.20000","0.87345","935.19513","-0.00060","0.00443","39.68459"
"26.30000","0.87659","937.18506","-0.00058","0.00437","39.76903"
"26.40000","0.88010","939.91541","-0.00055","0.00439","39.88489"
"26.50000","0.88354","943.18762","-0.00050","0.00437","40.02375"
"26.60000","0.88668","945.99237","-0.00050","0.00437","40.14277"
"26.70000","0.89012","948.68494","-0.00046","0.00436","40.25702"
"26.80000","0.89340","951.23865","-0.00048","0.00435","40.36539"
"26.90000","0.89662","955.12158","-0.00046","0.00440","40.53016"
"27.00000","0.90006","957.39142","-0.00038","0.00442","40.62648"
"27.10000","0.90342","960.56226","-0.00041","0.00446","40.76103"
"27.20000","0.90678","963.37653","-0.00041","0.00441","40.88046"
"27.30000","0.91000","965.55792","-0.00038","0.00427","40.97302"
"27.40000","0.91343","969.12085","-0.00029","0.00441","41.12421"
"27.50000","0.91680","971.86957","-0.00033","0.00458","41.24085"
"27.60000","0.91994","973.62219","-0.00027","0.00472","41.31522"
"27.70000","0.92337","977.43573","-0.00031","0.00475","41.47705"
"27.80000","0.92681","980.43549","-0.00025","0.00485","41.60434"
"27.90000","0.92995","982.59497","-0.00031","0.00493","41.69598"
"28.00000","0.93346","985.79254","-0.00021","0.00491","41.83167"
"28.10000","0.93683","988.66040","-0.00028","0.00493","41.95337"
"28.20000","0.93997","990.84869","-0.00026","0.00485","42.04622"
"28.30000","0.94340","993.59955","-0.00023","0.00487","42.16296"
"28.40000","0.94669","997.43561","-0.00018","0.00481","42.32574"
"28.50000","0.95006","999.75012","-0.00020","0.00481","42.42395"
"28.60000","0.95334","1,002.23090","-0.00021","0.00482","42.52922"
"28.70000","0.95678","1,005.51227","-0.00016","0.00481","42.66846"
"28.80000","0.96014","1,007.44220","-0.00016","0.00480","42.75036"
"28.90000","0.96328","1,010.37433","-0.00012","0.00483","42.87479"
"29.00000","0.96672","1,013.96338","-0.00012","0.00482","43.02708"
"29.10000","0.97008","1,015.57129","-0.00010","0.00478","43.09532"
"29.20000","0.97330","1,019.32355","-0.00011","0.00476","43.25454"
"29.30000","0.97681","1,021.69012","-0.00004","0.00477","43.35497"
"29.40000","0.98017","1,025.58069","-0.00002","0.00468","43.52006"
"29.50000","0.98339","1,027.77051","0.00000","0.00441","43.61298"
"29.60000","0.98675","1,030.66052","-0.00001","0.00439","43.73562"
"29.70000","0.99004","1,033.31921","-0.00001","0.00439","43.84844"
"29.80000","0.99333","1,036.03955","0.00004","0.00439","43.96388"
"29.90000","0.99669","1,038.21936","0.00005","0.00437","44.05638"
"30.00000","1.00013","1,042.23926","0.00006","0.00441","44.22696"
"30.10000","1.00349","1,045.30420","0.00010","0.00446","44.35702"
"30.20000","1.00671","1,046.14392","0.00011","0.00448","44.39265"
"30.30000","1.01014","1,049.62329","0.00017","0.00446","44.54030"
"30.40000","1.01336","1,052.60083","0.00017","0.00446","44.66665"
"30.50000","1.01657","1,055.58875","0.00016","0.00436","44.79344"
"30.60000","1.02008","1,057.98438","0.00020","0.00458","44.89510"
"30.70000","1.02345","1,061.57458","0.00023","0.00474","45.04745"
"30.80000","1.02666","1,063.46667","0.00025","0.00478","45.12774"
"30.90000","1.03010","1,066.16772","0.00023","0.00484","45.24235"
"31.00000","1.03346","1,069.19702","0.00021","0.00493","45.37090"
"31.10000","1.03668","1,072.12463","0.00026","0.00496","45.49513"
"31.20000","1.03996","1,074.20178","0.00032","0.00495","45.58327"
"31.30000","1.04340","1,077.31787","0.00026","0.00490","45.71550"
"31.40000","1.04676","1,079.73535","0.00029","0.00495","45.81809"
"31.50000","1.04998","1,082.38818","0.00031","0.00492","45.93066"
"31.60000","1.05349","1,085.25659","0.00032","0.00490","46.05238"
"31.70000","1.05678","1,088.31335","0.00033","0.00488","46.18209"
"31.80000","1.05999","1,091.46655","0.00034","0.00484","46.31590"
"31.90000","1.06343","1,094.06274","0.00034","0.00485","46.42607"
"32.00000","1.06679","1,096.88074","0.00036","0.00488","46.54565"
"32.10000","1.07001","1,099.16663","0.00040","0.00481","46.64265"
"32.20000","1.07337","1,101.61792","0.00039","0.00482","46.74667"
"32.30000","1.07688","1,104.31421","0.00042","0.00481","46.86108"
"32.40000","1.08002","1,107.21741","0.00043","0.00480","46.98428"
"32.50000","1.08331","1,110.01941","0.00044","0.00482","47.10318"
"32.60000","1.08675","1,112.27319","0.00047","0.00455","47.19882"
"32.70000","1.08996","1,114.83777","0.00047","0.00440","47.30764"
"32.80000","1.09333","1,118.04395","0.00050","0.00441","47.44370"
"32.90000","1.09676","1,121.19116","0.00052","0.00441","47.57725"
"33.00000","1.10013","1,123.53259","0.00058","0.00441","47.67661"
"33.10000","1.10334","1,126.40100","0.00054","0.00444","47.79832"
"33.20000","1.10670","1,128.99304","0.00055","0.00446","47.90832"
"33.30000","1.11007","1,131.48926","0.00063","0.00453","48.01424"
"33.40000","1.11328","1,134.66113","0.00062","0.00450","48.14884"
"33.50000","1.11672","1,136.37048","0.00065","0.00446","48.22137"
"33.60000","1.12023","1,139.84229","0.00069","0.00432","48.36870"
"33.70000","1.12337","1,142.66895","0.00071","0.00454","48.48865"
"33.80000","1.12681","1,145.19470","0.00072","0.00467","48.59583"
"33.90000","1.13017","1,148.18359","0.00073","0.00480","48.72266"
"34.00000","1.13324","1,150.43274","0.00075","0.00482","48.81810"
"34.10000","1.13667","1,153.15918","0.00079","0.00496","48.93380"
"34.20000","1.14011","1,155.89758","0.00079","0.00495","49.05000"
"34.30000","1.14340","1,158.62561","0.00076","0.00499","49.16576"
"34.40000","1.14676","1,160.99451","0.00081","0.00499","49.26628"
"34.50000","1.15013","1,164.30542","0.00082","0.00497","49.40678"
"34.60000","1.15356","1,166.83496","0.00088","0.00496","49.51412"
"34.70000","1.15663","1,169.87231","0.00084","0.00489","49.64301"
"34.80000","1.15999","1,171.86426","0.00086","0.00493","49.72754"
"34.90000","1.16350","1,175.12451","0.00086","0.00489","49.86589"
"35.00000","1.16657","1,177.76465","0.00094","0.00493","49.97792"
"35.10000","1.17016","1,180.50684","0.00096","0.00489","50.09428"
"35.20000","1.17352","1,183.21082","0.00090","0.00489","50.20903"
"35.30000","1.17666","1,185.64148","0.00098","0.00485","50.31217"
"35.40000","1.18002","1,187.91321","0.00101","0.00483","50.40857"
"35.50000","1.18338","1,191.42053","0.00096","0.00485","50.55740"
"35.60000","1.18667","1,193.57202","0.00104","0.00481","50.64870"
"35.70000","1.19004","1,196.53516","0.00096","0.00477","50.77444"
"35.80000","1.19340","1,199.07532","0.00103","0.00475","50.88223"
"35.90000","1.19684","1,202.16150","0.00104","0.00464","51.01319"
"36.00000","1.20005","1,205.60547","0.00106","0.00446","51.15933"
"36.10000","1.20341","1,206.99048","0.00103","0.00443","51.21811"
"36.20000","1.20678","1,210.22046","0.00105","0.00443","51.35517"
"36.30000","1.20992","1,212.27136","0.00109","0.00447","51.44220"
"36.40000","1.21350","1,214.72144","0.00114","0.00450","51.54617"
"36.50000","1.21687","1,218.80640","0.00113","0.00457","51.71951"
"36.60000","1.21993","1,220.34717","0.00114","0.00452","51.78489"
"36.70000","1.22352","1,222.95996","0.00117","0.00442","51.89576"
"36.80000","1.22673","1,226.48242","0.00124","0.00455","52.04523"
"36.90000","1.23002","1,228.72302","0.00122","0.00475","52.14032"
"37.00000","1.23338","1,231.49548","0.00124","0.00479","52.25797"
"37.10000","1.23675","1,233.77759","0.00122","0.00488","52.35480"
"37.20000","1.24011","1,236.54858","0.00131","0.00499","52.47239"
"37.30000","1.24340","1,239.26685","0.00131","0.00497","52.58774"
"37.40000","1.24676","1,242.02051","0.00133","0.00505","52.70459"
"37.50000","1.25012","1,244.48682","0.00133","0.00501","52.80925"
"37.60000","1.25319","1,247.33936","0.00138","0.00502","52.93029"
"37.70000","1.25670","1,249.58777","0.00139","0.00497","53.02570"
"37.80000","1.26006","1,252.82520","0.00141","0.00503","53.16308"
"37.90000","1.26328","1,255.00769","0.00142","0.00502","53.25569"
"38.00000","1.26687","1,257.05627","0.00140","0.00497","53.34262"
"38.10000","1.27015","1,260.04272","0.00146","0.00496","53.46935"
"38.20000","1.27337","1,263.28723","0.00147","0.00494","53.60703"
"38.30000","1.27673","1,265.90369","0.00149","0.00494","53.71806"
"38.40000","1.28002","1,268.05005","0.00150","0.00493","53.80914"
"38.50000","1.28338","1,270.47888","0.00152","0.00491","53.91220"
"38.60000","1.28667","1,272.70703","0.00153","0.00486","54.00676"
"38.70000","1.29011","1,275.91675","0.00147","0.00489","54.14296"
"38.80000","1.29347","1,278.80542","0.00152","0.00482","54.26554"
"38.90000","1.29661","1,280.36816","0.00157","0.00481","54.33185"
"39.00000","1.30005","1,283.55420","0.00158","0.00478","54.46705"
"39.10000","1.30341","1,285.90796","0.00153","0.00479","54.56693"
"39.20000","1.30663","1,289.18250","0.00156","0.00466","54.70589"
"39.30000","1.31006","1,291.17334","0.00157","0.00449","54.79037"
"39.40000","1.31343","1,293.81165","0.00161","0.00451","54.90232"
"39.50000","1.31671","1,295.99194","0.00166","0.00443","54.99484"
"39.60000","1.32015","1,298.88599","0.00165","0.00457","55.11765"
"39.70000","1.32344","1,301.83533","0.00164","0.00456","55.24280"
"39.80000","1.32673","1,304.47180","0.00170","0.00456","55.35468"
"39.90000","1.32994","1,306.50977","0.00169","0.00468","55.44116"
"40.00000","1.33346","1,309.00781","0.00174","0.00471","55.54716"
"40.10000","1.33682","1,311.88440","0.00175","0.00478","55.66923"
"40.20000","1.34003","1,314.38940","0.00173","0.00492","55.77553"
"40.30000","1.34347","1,316.71790","0.00179","0.00496","55.87434"
"40.40000","1.34683","1,319.09509","0.00179","0.00507","55.97521"
"40.50000","1.34997","1,322.42688","0.00183","0.00502","56.11660"
"40.60000","1.35341","1,324.91125","0.00184","0.00507","56.22202"
"40.70000","1.35677","1,326.84814","0.00186","0.00506","56.30421"
"40.80000","1.36006","1,330.17139","0.00186","0.00509","56.44523"
"40.90000","1.36343","1,332.81738","0.00191","0.00503","56.55751"
"41.00000","1.36686","1,334.72607","0.00191","0.00504","56.63851"
"41.10000","1.37000","1,338.25452","0.00193","0.00500","56.78823"
"41.20000","1.37329","1,340.07861","0.00193","0.00503","56.86564"
"41.30000","1.37673","1,342.14111","0.00197","0.00496","56.95316"
"41.40000","1.38002","1,345.47717","0.00198","0.00498","57.09473"
"41.50000","1.38331","1,347.76807","0.00198","0.00497","57.19194"
"41.60000","1.38682","1,349.88806","0.00202","0.00492","57.28190"
"41.70000","1.39018","1,352.74402","0.00205","0.00494","57.40309"
"41.80000","1.39332","1,355.41113","0.00203","0.00492","57.51627"
"41.90000","1.39676","1,357.52100","0.00205","0.00487","57.60580"
"42.00000","1.40012","1,360.44897","0.00206","0.00490","57.73005"
"42.10000","1.40326","1,362.65918","0.00206","0.00486","57.82384"
"42.20000","1.40677","1,365.50989","0.00209","0.00483","57.94481"
"42.30000","1.41021","1,368.38354","0.00209","0.00486","58.06675"
"42.40000","1.41342","1,370.66467","0.00209","0.00475","58.16355"
"42.50000","1.41671","1,372.67908","0.00212","0.00452","58.24903"
"42.60000","1.42015","1,376.44092","0.00214","0.00458","58.40866"
"42.70000","1.42336","1,378.61975","0.00213","0.00456","58.50112"
"42.80000","1.42665","1,380.62427","0.00219","0.00449","58.58618"
"42.90000","1.43009","1,383.91931","0.00218","0.00455","58.72600"
"43.00000","1.43353","1,386.54456","0.00223","0.00471","58.83740"
"43.10000","1.43674","1,388.62427","0.00216","0.00483","58.92565"
"43.20000","1.44011","1,391.42139","0.00221","0.00487","59.04435"
"43.30000","1.44347","1,393.94080","0.00221","0.00494","59.15126"
"43.40000","1.44661","1,396.86768","0.00229","0.00502","59.27546"
"43.50000","1.44997","1,398.67542","0.00226","0.00506","59.35217"
"43.60000","1.45348","1,402.48779","0.00226","0.00510","59.51395"
"43.70000","1.45662","1,404.59216","0.00226","0.00505","59.60324"
"43.80000","1.46006","1,406.69617","0.00231","0.00507","59.69253"
"43.90000","1.46350","1,410.09619","0.00236","0.00508","59.83680"
"44.00000","1.46664","1,412.54089","0.00237","0.00506","59.94054"
"44.10000","1.47000","1,414.74951","0.00231","0.00508","60.03427"
"44.20000","1.47344","1,417.78149","0.00238","0.00508","60.16293"
"44.30000","1.47673","1,419.81335","0.00237","0.00505","60.24915"
"44.40000","1.48001","1,421.88379","0.00244","0.00507","60.33701"
"44.50000","1.48345","1,425.32397","0.00242","0.00502","60.48299"
"44.60000","1.48689","1,428.01868","0.00244","0.00502","60.59734"
"44.70000","1.48995","1,429.83496","0.00247","0.00499","60.67441"
"44.80000","1.49339","1,432.85962","0.00249","0.00493","60.80276"
"44.90000","1.49683","1,435.46643","0.00254","0.00501","60.91338"
"45.00000","1.49997","1,437.60059","0.00256","0.00487","61.00394"
"45.10000","1.50348","1,440.47412","0.00257","0.00487","61.12588"
"45.20000","1.50685","1,443.05896","0.00259","0.00484","61.23557"
"45.30000","1.50998","1,446.06226","0.00257","0.00492","61.36301"
"45.40000","1.51342","1,447.88672","0.00257","0.00488","61.44043"
"45.50000","1.51671","1,450.16833","0.00257","0.00482","61.53725"
"45.60000","1.52000","1,453.72876","0.00259","0.00482","61.68833"
"45.70000","1.52329","1,455.98999","0.00267","0.00481","61.78429"
"45.80000","1.52673","1,457.30981","0.00265","0.00475","61.84029"
"45.90000","1.53016","1,461.23462","0.00268","0.00446","62.00684"
"46.00000","1.53338","1,463.03638","0.00268","0.00452","62.08330"
"46.10000","1.53674","1,465.95215","0.00267","0.00460","62.20703"
"46.20000","1.54010","1,468.63782","0.00269","0.00480","62.32099"
"46.30000","1.54324","1,470.52380","0.00267","0.00484","62.40102"
"46.40000","1.54675","1,473.93506","0.00268","0.00499","62.54578"
"46.50000","1.55012","1,476.26624","0.00269","0.00504","62.64470"
"46.60000","1.55333","1,478.70349","0.00272","0.00505","62.74813"
"46.70000","1.55684","1,481.27710","0.00273","0.00509","62.85733"
"46.80000","1.56013","1,483.99426","0.00277","0.00512","62.97264"
"46.90000","1.56342","1,486.27930","0.00276","0.00514","63.06960"
"47.00000","1.56671","1,489.22302","0.00277","0.00514","63.19452"
"47.10000","1.57000","1,491.41626","0.00285","0.00515","63.28759"
"47.20000","1.57344","1,493.35583","0.00279","0.00511","63.36989"
"47.30000","1.57672","1,496.28394","0.00288","0.00513","63.49414"
"47.40000","1.58009","1,498.52454","0.00291","0.00512","63.58922"
"47.50000","1.58353","1,501.09509","0.00289","0.00509","63.69830"
"47.60000","1.58659","1,502.94263","0.00290","0.00508","63.77670"
"47.70000","1.59010","1,505.86719","0.00295","0.00506","63.90080"
"47.80000","1.59347","1,509.06226","0.00294","0.00504","64.03638"
"47.90000","1.59660","1,511.24072","0.00299","0.00498","64.12883"
"48.00000","1.60019","1,513.63354","0.00302","0.00496","64.23037"
"48.10000","1.60348","1,515.64905","0.00299","0.00493","64.31590"
"48.20000","1.60677","1,518.61914","0.00299","0.00490","64.44193"
"48.30000","1.61006","1,520.49756","0.00303","0.00487","64.52164"
"48.40000","1.61335","1,523.72827","0.00302","0.00491","64.65873"
"48.50000","1.61671","1,526.50537","0.00304","0.00489","64.77657"
"48.60000","1.61992","1,528.31116","0.00305","0.00487","64.85320"
"48.70000","1.62343","1,531.22754","0.00311","0.00485","64.97696"
"48.80000","1.62680","1,533.91577","0.00310","0.00488","65.09103"
"48.90000","1.63001","1,535.82043","0.00313","0.00488","65.17186"
"49.00000","1.63345","1,537.91431","0.00314","0.00482","65.26071"
"49.10000","1.63681","1,541.03101","0.00314","0.00443","65.39297"
"49.20000","1.63995","1,542.61365","0.00317","0.00459","65.46012"
"49.30000","1.64346","1,546.38977","0.00318","0.00481","65.62036"
"49.40000","1.64683","1,547.97473","0.00318","0.00491","65.68762"
"49.50000","1.65012","1,550.14429","0.00317","0.00506","65.77969"
"49.60000","1.65340","1,553.43518","0.00323","0.00507","65.91933"
"49.70000","1.65677","1,555.49902","0.00322","0.00512","66.00691"
"49.80000","1.66006","1,558.30518","0.00328","0.00513","66.12598"
"49.90000","1.66327","1,560.03662","0.00328","0.00512","66.19946"
"50.00000","1.66678","1,562.70251","0.00334","0.00516","66.31258"
"50.10000","1.67015","1,565.87292","0.00330","0.00515","66.44712"
"50.20000","1.67328","1,567.78748","0.00328","0.00515","66.52837"
"50.30000","1.67680","1,570.51221","0.00329","0.00517","66.64399"
"50.40000","1.68016","1,572.67249","0.00335","0.00515","66.73566"
"50.50000","1.68330","1,575.51562","0.00336","0.00515","66.85631"
"50.60000","1.68674","1,577.01208","0.00335","0.00510","66.91981"
"50.70000","1.69003","1,579.54602","0.00336","0.00512","67.02734"
"50.80000","1.69331","1,582.70020","0.00337","0.00514","67.16118"
"50.90000","1.69675","1,585.32153","0.00340","0.00513","67.27242"
"51.00000","1.70019","1,587.51306","0.00342","0.00509","67.36541"
"51.10000","1.70340","1,589.95020","0.00347","0.00505","67.46883"
"51.20000","1.70669","1,592.06396","0.00347","0.00509","67.55853"
"51.30000","1.71013","1,595.69714","0.00351","0.00506","67.71270"
"51.40000","1.71342","1,597.78967","0.00349","0.00493","67.80149"
"51.50000","1.71671","1,600.08179","0.00352","0.00496","67.89876"
"51.60000","1.72014","1,602.90845","0.00354","0.00495","68.01871"
"51.70000","1.72351","1,605.60144","0.00357","0.00496","68.13298"
"51.80000","1.72665","1,607.50317","0.00358","0.00494","68.21368"
"51.90000","1.73001","1,609.46399","0.00358","0.00493","68.29689"
"52.00000","1.73337","1,612.14307","0.00360","0.00488","68.41058"
"52.10000","1.73659","1,614.80566","0.00364","0.00492","68.52356"
"52.20000","1.74002","1,617.08496","0.00365","0.00490","68.62028"
"52.30000","1.74354","1,620.14453","0.00369","0.00485","68.75011"
"52.40000","1.74668","1,622.36975","0.00366","0.00483","68.84454"
"52.50000","1.75004","1,624.51917","0.00367","0.00493","68.93575"
"52.60000","1.75348","1,627.11328","0.00371","0.00498","69.04583"
"52.70000","1.75669","1,629.88135","0.00374","0.00506","69.16329"
"52.80000","1.75998","1,631.99292","0.00375","0.00515","69.25289"
"52.90000","1.76342","1,633.85645","0.00373","0.00517","69.33197"
"53.00000","1.76678","1,637.07935","0.00381","0.00515","69.46873"
"53.10000","1.77014","1,639.16479","0.00376","0.00520","69.55723"
"53.20000","1.77351","1,642.32104","0.00383","0.00522","69.69116"
"53.30000","1.77679","1,643.78821","0.00379","0.00517","69.75342"
"53.40000","1.77993","1,647.09888","0.00380","0.00520","69.89391"
"53.50000","1.78337","1,649.61560","0.00383","0.00518","70.00070"
"53.60000","1.78688","1,651.39233","0.00383","0.00516","70.07610"
"53.70000","1.78995","1,654.60522","0.00385","0.00517","70.21244"
"53.80000","1.79346","1,655.81445","0.00385","0.00516","70.26375"
"53.90000","1.79690","1,659.41321","0.00388","0.00518","70.41646"
"54.00000","1.79996","1,661.10522","0.00389","0.00516","70.48826"
"54.10000","1.80340","1,663.76062","0.00392","0.00511","70.60094"
"54.20000","1.80669","1,666.73218","0.00392","0.00512","70.72704"
"54.30000","1.81005","1,668.72180","0.00396","0.00511","70.81147"
"54.40000","1.81334","1,671.88855","0.00396","0.00506","70.94585"
"54.50000","1.81678","1,673.35999","0.00400","0.00501","71.00829"
"54.60000","1.82022","1,676.60522","0.00400","0.00499","71.14600"
"54.70000","1.82328","1,678.60803","0.00404","0.00504","71.23099"
"54.80000","1.82672","1,681.74707","0.00405","0.00499","71.36419"
"54.90000","1.83008","1,683.34058","0.00408","0.00497","71.43181"
"55.00000","1.83322","1,686.45886","0.00412","0.00500","71.56413"
"55.10000","1.83681","1,688.47815","0.00411","0.00502","71.64982"
"55.20000","1.84017","1,691.50684","0.00413","0.00499","71.77834"
"55.30000","1.84339","1,692.60852","0.00418","0.00490","71.82509"
"55.40000","1.84682","1,696.00903","0.00417","0.00489","71.96939"
"55.50000","1.85011","1,698.53235","0.00420","0.00507","72.07646"
"55.60000","1.85333","1,700.25903","0.00421","0.00511","72.14973"
"55.70000","1.85669","1,702.84644","0.00420","0.00505","72.25953"
"55.80000","1.86005","1,705.22607","0.00425","0.00511","72.36051"
"55.90000","1.86349","1,708.34546","0.00421","0.00519","72.49288"
"56.00000","1.86670","1,709.56201","0.00425","0.00517","72.54450"
"56.10000","1.87007","1,712.84790","0.00427","0.00520","72.68394"
"56.20000","1.87350","1,715.45227","0.00429","0.00523","72.79446"
"56.30000","1.87657","1,717.82275","0.00431","0.00523","72.89504"
"56.40000","1.88008","1,720.47815","0.00429","0.00520","73.00773"
"56.50000","1.88344","1,722.29358","0.00434","0.00523","73.08476"
"56.60000","1.88666","1,725.54382","0.00431","0.00523","73.22269"
"56.70000","1.89017","1,727.59595","0.00433","0.00524","73.30977"
"56.80000","1.89346","1,729.70447","0.00434","0.00524","73.39924"
"56.90000","1.89667","1,731.60376","0.00438","0.00525","73.47984"
"57.00000","1.90004","1,734.17688","0.00438","0.00523","73.58903"
"57.10000","1.90332","1,737.21521","0.00439","0.00518","73.71796"
"57.20000","1.90676","1,739.91064","0.00439","0.00523","73.83234"
"57.30000","1.90998","1,741.45227","0.00444","0.00520","73.89775"
"57.40000","1.91341","1,743.93823","0.00446","0.00521","74.00324"
"57.50000","1.91685","1,747.46545","0.00447","0.00516","74.15292"
"57.60000","1.91992","1,748.97815","0.00450","0.00508","74.21711"
"57.70000","1.92343","1,751.25232","0.00452","0.00509","74.31361"
"57.80000","1.92679","1,753.62085","0.00453","0.00506","74.41412"
"57.90000","1.92993","1,755.92603","0.00455","0.00501","74.51194"
"58.00000","1.93352","1,758.54004","0.00459","0.00502","74.62286"
"58.10000","1.93681","1,760.79614","0.00460","0.00508","74.71861"
"58.20000","1.94010","1,763.55835","0.00464","0.00511","74.83582"
"58.30000","1.94338","1,765.50464","0.00463","0.00511","74.91840"
"58.40000","1.94667","1,768.14197","0.00464","0.00501","75.03032"
"58.50000","1.95011","1,770.79272","0.00465","0.00503","75.14280"
"58.60000","1.95325","1,771.97339","0.00469","0.00495","75.19290"
"58.70000","1.95676","1,774.82776","0.00470","0.00524","75.31403"
"58.80000","1.96020","1,778.01379","0.00475","0.00519","75.44923"
"58.90000","1.96334","1,779.83691","0.00472","0.00512","75.52659"
"59.00000","1.96678","1,782.51392","0.00473","0.00521","75.64018"
"59.10000","1.97014","1,784.75757","0.00473","0.00524","75.73540"
"59.20000","1.97328","1,786.64734","0.00478","0.00527","75.81558"
"59.30000","1.97672","1,789.75952","0.00479","0.00529","75.94765"
"59.40000","1.98015","1,791.77014","0.00479","0.00531","76.03297"
"59.50000","1.98337","1,794.32910","0.00479","0.00528","76.14156"
"59.60000","1.98673","1,796.27112","0.00482","0.00531","76.22397"
"59.70000","1.99017","1,799.16431","0.00485","0.00529","76.34674"
"59.80000","1.99338","1,801.97864","0.00487","0.00530","76.46616"
"59.90000","1.99660","1,803.61719","0.00486","0.00529","76.53569"
"60.00000","2.00003","1,806.35083","0.00486","0.00527","76.65170"
"60.10000","2.00340","1,808.10205","0.00490","0.00526","76.72601"
"60.20000","2.00669","1,810.61719","0.00492","0.00521","76.83273"
"60.30000","2.01020","1,813.42444","0.00493","0.00524","76.95186"
"60.40000","2.01349","1,815.44495","0.00494","0.00522","77.03760"
"60.50000","2.01663","1,818.40417","0.00495","0.00521","77.16317"
"60.60000","2.02006","1,820.25073","0.00497","0.00523","77.24153"
"60.70000","2.02343","1,823.05237","0.00499","0.00525","77.36042"
"60.80000","2.02664","1,825.11194","0.00502","0.00510","77.44781"
"60.90000","2.03000","1,827.40747","0.00503","0.00508","77.54523"
"61.00000","2.03352","1,830.14856","0.00503","0.00512","77.66154"
"61.10000","2.03673","1,832.41333","0.00506","0.00511","77.75764"
"61.20000","2.04002","1,834.55872","0.00509","0.00509","77.84869"
"61.30000","2.04346","1,836.85864","0.00511","0.00511","77.94628"
"61.40000","2.04667","1,839.36633","0.00510","0.00507","78.05269"
"61.50000","2.05003","1,841.77808","0.00513","0.00510","78.15504"
"61.60000","2.05347","1,844.08777","0.00515","0.00503","78.25304"
"61.70000","2.05683","1,846.50269","0.00515","0.00515","78.35552"
"61.80000","2.06005","1,848.12354","0.00522","0.00521","78.42430"
"61.90000","2.06341","1,850.71606","0.00523","0.00534","78.53431"
"62.00000","2.06685","1,854.52625","0.00523","0.00538","78.69600"
"62.10000","2.06999","1,855.03906","0.00524","0.00542","78.71776"
"62.20000","2.07343","1,858.10083","0.00524","0.00523","78.84768"
"62.30000","2.07686","1,860.52112","0.00528","0.00530","78.95039"
"62.40000","2.08008","1,862.83276","0.00529","0.00529","79.04848"
"62.50000","2.08344","1,865.61035","0.00531","0.00534","79.16634"
"62.60000","2.08680","1,867.61731","0.00531","0.00534","79.25151"
"62.70000","2.08994","1,869.75537","0.00532","0.00531","79.34224"
"62.80000","2.09331","1,871.65845","0.00531","0.00532","79.42300"
"62.90000","2.09674","1,874.32043","0.00532","0.00533","79.53596"
"63.00000","2.10011","1,876.30688","0.00536","0.00533","79.62025"
"63.10000","2.10339","1,878.91943","0.00538","0.00536","79.73111"
"63.20000","2.10676","1,881.02795","0.00541","0.00530","79.82059"
"63.30000","2.11020","1,883.45740","0.00541","0.00535","79.92368"
"63.40000","2.11326","1,886.25330","0.00542","0.00534","80.04232"
"63.50000","2.11670","1,888.48730","0.00545","0.00529","80.13712"
"63.60000","2.12014","1,890.45593","0.00547","0.00528","80.22066"
"63.70000","2.12328","1,892.45422","0.00546","0.00528","80.30545"
"63.80000","2.12679","1,895.08630","0.00548","0.00528","80.41714"
"63.90000","2.13023","1,898.08386","0.00551","0.00521","80.54434"
"64.00000","2.13336","1,899.18652","0.00552","0.00519","80.59113"
"64.10000","2.13673","1,902.73523","0.00554","0.00516","80.74172"
"64.20000","2.14002","1,904.24438","0.00556","0.00512","80.80576"
"64.30000","2.14338","1,906.43982","0.00558","0.00514","80.89893"
"64.40000","2.14667","1,908.17468","0.00557","0.00509","80.97254"
"64.50000","2.15003","1,910.80676","0.00561","0.00526","81.08424"
"64.60000","2.15354","1,914.09387","0.00563","0.00513","81.22372"
"64.70000","2.15668","1,915.86353","0.00565","0.00504","81.29882"
"64.80000","2.16005","1,917.21240","0.00566","0.00515","81.35606"
"64.90000","2.16341","1,921.78784","0.00566","0.00521","81.55021"
"65.00000","2.16662","1,922.38220","0.00568","0.00537","81.57543"
"65.10000","2.17014","1,924.89099","0.00570","0.00542","81.68189"
"65.20000","2.17350","1,927.30432","0.00569","0.00553","81.78430"
"65.30000","2.17671","1,929.09802","0.00571","0.00537","81.86042"
"65.40000","2.18015","1,931.62207","0.00574","0.00532","81.96752"
"65.50000","2.18336","1,933.96265","0.00576","0.00548","82.06684"
"65.60000","2.18673","1,937.27405","0.00578","0.00537","82.20736"
"65.70000","2.19002","1,938.32056","0.00581","0.00537","82.25177"
"65.80000","2.19330","1,940.39124","0.00582","0.00534","82.33964"
"65.90000","2.19682","1,943.40735","0.00584","0.00540","82.46763"
"66.00000","2.20003","1,945.90247","0.00586","0.00537","82.57351"
"66.10000","2.20347","1,947.76001","0.00586","0.00540","82.65233"
"66.20000","2.20691","1,949.85925","0.00586","0.00538","82.74141"
"66.30000","2.20990","1,951.90479","0.00590","0.00532","82.82821"
"66.40000","2.21348","1,954.70288","0.00588","0.00536","82.94695"
"66.50000","2.21677","1,957.16101","0.00595","0.00533","83.05125"
"66.60000","2.22006","1,958.95190","0.00593","0.00535","83.12725"
"66.70000","2.22350","1,961.90234","0.00595","0.00531","83.25246"
"66.80000","2.22679","1,964.18970","0.00597","0.00531","83.34952"
"66.90000","2.23007","1,966.57068","0.00597","0.00531","83.45055"
"67.00000","2.23336","1,968.28845","0.00600","0.00522","83.52345"
"67.10000","2.23665","1,970.52209","0.00606","0.00531","83.61823"
"67.20000","2.24009","1,973.65918","0.00603","0.00522","83.75135"
"67.30000","2.24323","1,975.17896","0.00603","0.00518","83.81584"
"67.40000","2.24674","1,977.93140","0.00604","0.00516","83.93264"
"67.50000","2.25018","1,980.11047","0.00607","0.00518","84.02511"
"67.60000","2.25324","1,981.58545","0.00609","0.00516","84.08770"
"67.70000","2.25676","1,984.04919","0.00610","0.00518","84.19225"
"67.80000","2.26004","1,986.31116","0.00611","0.00510","84.28823"
"67.90000","2.26326","1,988.75830","0.00613","0.00515","84.39207"
"68.00000","2.26677","1,991.59180","0.00615","0.00525","84.51231"
"68.10000","2.27013","1,993.16406","0.00616","0.00534","84.57903"
"68.20000","2.27342","1,996.14783","0.00619","0.00542","84.70564"
"68.30000","2.27671","1,998.14172","0.00616","0.00554","84.79025"
"68.40000","2.28007","1,999.99902","0.00621","0.00557","84.86907"
"68.50000","2.28344","2,002.14551","0.00623","0.00561","84.96015"
"68.60000","2.28658","2,005.03003","0.00624","0.00541","85.08256"
"68.70000","2.29016","2,007.62524","0.00626","0.00534","85.19269"
"68.80000","2.29345","2,009.80151","0.00626","0.00535","85.28503"
"68.90000","2.29666","2,011.72656","0.00630","0.00539","85.36672"
"69.00000","2.30010","2,013.63818","0.00629","0.00535","85.44784"
"69.10000","2.30347","2,016.02466","0.00631","0.00533","85.54911"
"69.20000","2.30660","2,018.86707","0.00636","0.00535","85.66972"
"69.30000","2.31004","2,021.49658","0.00637","0.00534","85.78131"
"69.40000","2.31341","2,023.20630","0.00638","0.00537","85.85386"
"69.50000","2.31677","2,025.53906","0.00641","0.00535","85.95285"
"69.60000","2.32006","2,028.52502","0.00644","0.00537","86.07956"
"69.70000","2.32350","2,030.80994","0.00642","0.00536","86.17651"
"69.80000","2.32671","2,032.64258","0.00644","0.00532","86.25428"
"69.90000","2.32992","2,034.87634","0.00647","0.00533","86.34908"
"70.00000","2.33344","2,037.36401","0.00650","0.00528","86.45464"
"70.10000","2.33680","2,039.66858","0.00650","0.00526","86.55243"
"70.20000","2.34001","2,041.18396","0.00652","0.00524","86.61674"
"70.30000","2.34352","2,044.01746","0.00652","0.00521","86.73697"
"70.40000","2.34681","2,046.33716","0.00653","0.00521","86.83541"
"70.50000","2.34995","2,049.14331","0.00654","0.00518","86.95448"
"70.60000","2.35339","2,051.36938","0.00657","0.00517","87.04895"
"70.70000","2.35675","2,053.57764","0.00656","0.00517","87.14265"
"70.80000","2.35997","2,056.15576","0.00657","0.00521","87.25205"
"70.90000","2.36340","2,057.60156","0.00660","0.00507","87.31341"
"71.00000","2.36692","2,060.99561","0.00660","0.00501","87.45744"
"71.10000","2.37006","2,062.46558","0.00658","0.00520","87.51981"
"71.20000","2.37334","2,064.15381","0.00662","0.00531","87.59145"
"71.30000","2.37678","2,066.71753","0.00665","0.00539","87.70024"
"71.40000","2.38000","2,069.51416","0.00665","0.00551","87.81892"
"71.50000","2.38328","2,070.94653","0.00667","0.00555","87.87969"
"71.60000","2.38680","2,074.48950","0.00668","0.00560","88.03004"
"71.70000","2.39016","2,075.96143","0.00672","0.00555","88.09250"
"71.80000","2.39337","2,077.51099","0.00675","0.00540","88.15826"
"71.90000","2.39674","2,080.88843","0.00674","0.00534","88.30157"
"72.00000","2.40018","2,082.65063","0.00677","0.00533","88.37635"
"72.10000","2.40331","2,084.94409","0.00678","0.00535","88.47368"
"72.20000","2.40675","2,087.58936","0.00682","0.00538","88.58592"
"72.30000","2.41019","2,089.34497","0.00683","0.00536","88.66042"
"72.40000","2.41333","2,092.84399","0.00684","0.00532","88.80891"
"72.50000","2.41669","2,094.23901","0.00687","0.00535","88.86810"
"72.60000","2.42013","2,096.36011","0.00689","0.00531","88.95811"
"72.70000","2.42342","2,098.27441","0.00690","0.00538","89.03934"
"72.80000","2.42671","2,101.41748","0.00692","0.00536","89.17271"
"72.90000","2.43007","2,103.12842","0.00692","0.00534","89.24532"
"73.00000","2.43343","2,105.89258","0.00693","0.00532","89.36262"
"73.10000","2.43672","2,107.95654","0.00698","0.00534","89.45020"
"73.20000","2.44008","2,109.52002","0.00699","0.00532","89.51654"
"73.30000","2.44352","2,112.97900","0.00699","0.00526","89.66332"
"73.40000","2.44666","2,114.20068","0.00699","0.00524","89.71516"
"73.50000","2.45002","2,116.43701","0.00701","0.00515","89.81007"
"73.60000","2.45339","2,119.12280","0.00699","0.00520","89.92403"
"73.70000","2.45660","2,121.99487","0.00705","0.00519","90.04591"
"73.80000","2.46011","2,123.16479","0.00704","0.00519","90.09555"
"73.90000","2.46348","2,125.89233","0.00706","0.00520","90.21130"
"74.00000","2.46669","2,128.73901","0.00707","0.00507","90.33209"
"74.10000","2.47005","2,130.16699","0.00708","0.00502","90.39269"
"74.20000","2.47327","2,132.51367","0.00710","0.00498","90.49227"
"74.30000","2.47671","2,134.98413","0.00710","0.00514","90.59710"
"74.40000","2.47999","2,136.28564","0.00713","0.00543","90.65233"
"74.50000","2.48343","2,139.58105","0.00717","0.00548","90.79217"
"74.60000","2.48694","2,141.92554","0.00720","0.00553","90.89165"
"74.70000","2.49001","2,143.51953","0.00717","0.00560","90.95930"
"74.80000","2.49345","2,146.07178","0.00719","0.00560","91.06760"
"74.90000","2.49688","2,148.27441","0.00723","0.00561","91.16107"
"75.00000","2.49995","2,150.00220","0.00726","0.00550","91.23439"
"75.10000","2.50346","2,152.43652","0.00728","0.00533","91.33768"
"75.20000","2.50682","2,154.66211","0.00726","0.00537","91.43213"
"75.30000","2.51004","2,157.54980","0.00731","0.00540","91.55466"
"75.40000","2.51348","2,159.59863","0.00730","0.00531","91.64161"
"75.50000","2.51676","2,161.38550","0.00735","0.00539","91.71743"
"75.60000","2.52013","2,163.59131","0.00735","0.00539","91.81104"
"75.70000","2.52334","2,165.74097","0.00738","0.00538","91.90225"
"75.80000","2.52663","2,168.52466","0.00741","0.00536","92.02038"
"75.90000","2.53022","2,170.32373","0.00740","0.00537","92.09673"
"76.00000","2.53328","2,173.67578","0.00746","0.00536","92.23897"
"76.10000","2.53679","2,175.81421","0.00748","0.00536","92.32971"
"76.20000","2.54023","2,177.15332","0.00748","0.00535","92.38654"
"76.30000","2.54322","2,179.30469","0.00746","0.00532","92.47783"
"76.40000","2.54673","2,181.70166","0.00747","0.00526","92.57954"
"76.50000","2.55010","2,184.56860","0.00748","0.00526","92.70119"
"76.60000","2.55331","2,186.02490","0.00753","0.00523","92.76299"
"76.70000","2.55682","2,188.68701","0.00752","0.00518","92.87596"
"76.80000","2.56011","2,191.44922","0.00754","0.00518","92.99317"
"76.90000","2.56348","2,193.38696","0.00755","0.00514","93.07540"
"77.00000","2.56669","2,195.61914","0.00758","0.00523","93.17012"
"77.10000","2.56998","2,196.76880","0.00756","0.00516","93.21891"
"77.20000","2.57349","2,200.26782","0.00756","0.00507","93.36739"
"77.30000","2.57663","2,202.76221","0.00761","0.00508","93.47324"
"77.40000","2.58014","2,204.07666","0.00761","0.00509","93.52901"
"77.50000","2.58350","2,207.27222","0.00764","0.00539","93.66461"
"77.60000","2.58664","2,208.95142","0.00762","0.00551","93.73587"
"77.70000","2.59016","2,211.35400","0.00765","0.00556","93.83782"
"77.80000","2.59344","2,213.90454","0.00767","0.00562","93.94605"
"77.90000","2.59666","2,216.17212","0.00768","0.00563","94.04228"
"78.00000","2.60002","2,217.92358","0.00769","0.00563","94.11660"
"78.10000","2.60346","2,219.88965","0.00773","0.00563","94.20003"
"78.20000","2.60682","2,223.49731","0.00774","0.00553","94.35312"
"78.30000","2.61004","2,225.01196","0.00777","0.00547","94.41740"
"78.40000","2.61332","2,227.14380","0.00779","0.00539","94.50786"
"78.50000","2.61669","2,229.66724","0.00780","0.00533","94.61494"
"78.60000","2.61990","2,232.10278","0.00781","0.00536","94.71829"
"78.70000","2.62341","2,234.57080","0.00784","0.00536","94.82302"
"78.80000","2.62678","2,236.44849","0.00789","0.00539","94.90269"
"78.90000","2.62999","2,238.54175","0.00791","0.00537","94.99152"
"79.00000","2.63350","2,240.81494","0.00792","0.00540","95.08798"
"79.10000","2.63679","2,242.90967","0.00794","0.00536","95.17687"
"79.20000","2.64001","2,245.33350","0.00795","0.00535","95.27973"
"79.30000","2.64337","2,247.49219","0.00793","0.00536","95.37133"
"79.40000","2.64681","2,250.10596","0.00798","0.00530","95.48225"
"79.50000","2.65010","2,251.67529","0.00799","0.00536","95.54884"
"79.60000","2.65346","2,254.15967","0.00796","0.00525","95.65427"
"79.70000","2.65682","2,256.89697","0.00800","0.00522","95.77042"
"79.80000","2.66011","2,259.25806","0.00796","0.00522","95.87061"
"79.90000","2.66325","2,261.33179","0.00801","0.00518","95.95861"
"80.00000","2.66676","2,263.66577","0.00805","0.00517","96.05765"
"80.10000","2.67012","2,265.63745","0.00805","0.00526","96.14132"
"80.20000","2.67326","2,267.75806","0.00805","0.00519","96.23131"
"80.30000","2.67685","2,270.36987","0.00807","0.00513","96.34213"
"80.40000","2.68014","2,273.04297","0.00807","0.00509","96.45557"
"80.50000","2.68335","2,274.48511","0.00808","0.00531","96.51676"
"80.60000","2.68672","2,277.16211","0.00811","0.00542","96.63036"
"80.70000","2.69000","2,279.45825","0.00813","0.00547","96.72780"
"80.80000","2.69329","2,281.94531","0.00816","0.00556","96.83334"
"80.90000","2.69673","2,283.95801","0.00815","0.00564","96.91874"
"81.00000","2.70017","2,286.25732","0.00820","0.00562","97.01631"
"81.10000","2.70346","2,288.32666","0.00820","0.00566","97.10413"
"81.20000","2.70667","2,290.46729","0.00821","0.00563","97.19496"
"81.30000","2.71011","2,292.87720","0.00824","0.00565","97.29723"
"81.40000","2.71340","2,295.61450","0.00828","0.00534","97.41338"
"81.50000","2.71661","2,298.11475","0.00829","0.00538","97.51948"
"81.60000","2.72005","2,299.77124","0.00831","0.00533","97.58977"
"81.70000","2.72349","2,302.18433","0.00834","0.00536","97.69217"
"81.80000","2.72670","2,303.75854","0.00833","0.00539","97.75897"
"81.90000","2.73014","2,307.14648","0.00838","0.00540","97.90273"
"82.00000","2.73350","2,309.48755","0.00836","0.00536","98.00208"
"82.10000","2.73664","2,311.42310","0.00841","0.00535","98.08421"
"82.20000","2.74000","2,313.92969","0.00838","0.00536","98.19057"
"82.30000","2.74344","2,315.94580","0.00842","0.00534","98.27613"
"82.40000","2.74673","2,318.75732","0.00843","0.00533","98.39544"
"82.50000","2.75009","2,320.17163","0.00844","0.00535","98.45545"
"82.60000","2.75346","2,323.01440","0.00847","0.00528","98.57608"
"82.70000","2.75675","2,325.30371","0.00849","0.00526","98.67323"
"82.80000","2.76003","2,326.79614","0.00851","0.00525","98.73656"
"82.90000","2.76332","2,329.26294","0.00853","0.00519","98.84124"
"83.00000","2.76668","2,331.76855","0.00852","0.00516","98.94756"
"83.10000","2.76997","2,333.31934","0.00856","0.00517","99.01337"
"83.20000","2.77341","2,336.21021","0.00855","0.00521","99.13604"
"83.30000","2.77685","2,338.18579","0.00856","0.00519","99.21987"
"83.40000","2.77999","2,340.08569","0.00859","0.00514","99.30050"
"83.50000","2.78335","2,343.09302","0.00858","0.00508","99.42811"
"83.60000","2.78679","2,345.59204","0.00860","0.00524","99.53416"
"83.70000","2.79000","2,347.57422","0.00862","0.00536","99.61827"
"83.80000","2.79344","2,349.54614","0.00866","0.00547","99.70194"
"83.90000","2.79688","2,351.99072","0.00866","0.00553","99.80568"
"84.00000","2.80009","2,353.87036","0.00864","0.00559","99.88544"
"84.10000","2.80338","2,356.24805","0.00866","0.00560","99.98634"
"84.20000","2.80674","2,358.41943","0.00869","0.00563","100.07848"
"84.30000","2.81011","2,361.44360","0.00869","0.00566","100.20681"
"84.40000","2.81332","2,363.02734","0.00873","0.00563","100.27402"
"84.50000","2.81668","2,366.04688","0.00876","0.00563","100.40215"
"84.60000","2.82020","2,367.40796","0.00876","0.00564","100.45991"
"84.70000","2.82334","2,369.62061","0.00882","0.00550","100.55379"
"84.80000","2.82677","2,371.55566","0.00880","0.00530","100.63591"
"84.90000","2.83014","2,374.25708","0.00884","0.00528","100.75054"
"85.00000","2.83328","2,376.22998","0.00886","0.00532","100.83426"
"85.10000","2.83671","2,378.12598","0.00885","0.00533","100.91472"
"85.20000","2.84008","2,381.03296","0.00886","0.00533","101.03808"
"85.30000","2.84337","2,383.29834","0.00887","0.00535","101.13421"
"85.40000","2.84680","2,385.82642","0.00890","0.00536","101.24149"
"85.50000","2.85009","2,388.30176","0.00891","0.00535","101.34652"
"85.60000","2.85345","2,389.92822","0.00892","0.00537","101.41554"
"85.70000","2.85667","2,392.17798","0.00893","0.00532","101.51101"
"85.80000","2.86003","2,394.12915","0.00898","0.00530","101.59380"
"85.90000","2.86354","2,397.14819","0.00900","0.00530","101.72192"
"86.00000","2.86661","2,398.10376","0.00897","0.00523","101.76247"
"86.10000","2.87012","2,401.54883","0.00901","0.00520","101.90865"
"86.20000","2.87356","2,404.01538","0.00901","0.00517","102.01332"
"86.30000","2.87662","2,405.85083","0.00905","0.00521","102.09121"
"86.40000","2.88006","2,407.55444","0.00906","0.00527","102.16351"
"86.50000","2.88342","2,410.82178","0.00906","0.00504","102.30215"
"86.60000","2.88664","2,412.70142","0.00909","0.00506","102.38191"
"86.70000","2.89008","2,414.32495","0.00911","0.00511","102.45081"
"86.80000","2.89344","2,416.75830","0.00915","0.00532","102.55406"
"86.90000","2.89680","2,419.00635","0.00914","0.00545","102.64946"
"87.00000","2.89994","2,421.26514","0.00914","0.00552","102.74531"
"87.10000","2.90338","2,423.95532","0.00917","0.00561","102.85947"
"87.20000","2.90674","2,425.99854","0.00919","0.00562","102.94617"
"87.30000","2.90988","2,428.46533","0.00925","0.00564","103.05085"
"87.40000","2.91347","2,430.36841","0.00921","0.00563","103.13160"
"87.50000","2.91683","2,433.11328","0.00923","0.00566","103.24808"
"87.60000","2.91997","2,434.15210","0.00925","0.00564","103.29216"
"87.70000","2.92348","2,437.20728","0.00929","0.00566","103.42181"
"87.80000","2.92677","2,439.72607","0.00928","0.00536","103.52869"
"87.90000","2.92999","2,441.23999","0.00930","0.00537","103.59293"
"88.00000","2.93342","2,443.76440","0.00933","0.00532","103.70006"
"88.10000","2.93679","2,445.95288","0.00935","0.00533","103.79292"
"88.20000","2.94007","2,448.44189","0.00936","0.00537","103.89854"
"88.30000","2.94336","2,450.68188","0.00937","0.00533","103.99360"
"88.40000","2.94680","2,452.81177","0.00937","0.00536","104.08398"
"88.50000","2.95009","2,455.46680","0.00942","0.00532","104.19664"
"88.60000","2.95323","2,456.96729","0.00943","0.00534","104.26031"
"88.70000","2.95674","2,458.98950","0.00940","0.00535","104.34612"
"88.80000","2.96018","2,461.83423","0.00945","0.00535","104.46684"
"88.90000","2.96332","2,463.71997","0.00946","0.00532","104.54686"
"89.00000","2.96683","2,466.49561","0.00947","0.00528","104.66464"
"89.10000","2.97012","2,468.29004","0.00947","0.00526","104.74079"
"89.20000","2.97326","2,470.40820","0.00951","0.00516","104.83067"
"89.30000","2.97670","2,473.30225","0.00951","0.00521","104.95348"
"89.40000","2.97998","2,475.78394","0.00953","0.00523","105.05879"
"89.50000","2.98335","2,478.18799","0.00955","0.00514","105.16080"
"89.60000","2.98671","2,479.68848","0.00955","0.00510","105.22448"
"89.70000","2.99015","2,482.04321","0.00959","0.00506","105.32440"
"89.80000","2.99344","2,484.83447","0.00959","0.00518","105.44285"
"89.90000","2.99665","2,487.07153","0.00959","0.00535","105.53777"
"90.00000","3.00009","2,489.03027","0.00962","0.00553","105.62090"
"90.10000","3.00338","2,491.32153","0.00968","0.00550","105.71812"
"90.20000","3.00667","2,494.06396","0.00965","0.00569","105.83450"
"90.30000","3.01018","2,495.93994","0.00970","0.00563","105.91410"
"90.40000","3.01347","2,498.88550","0.00968","0.00568","106.03909"
"90.50000","3.01668","2,500.44116","0.00969","0.00569","106.10511"
"90.60000","3.02012","2,502.38599","0.00975","0.00566","106.18764"
"90.70000","3.02348","2,505.23926","0.00973","0.00566","106.30872"
"90.80000","3.02669","2,507.65576","0.00977","0.00570","106.41125"
"90.90000","3.03006","2,509.45068","0.00979","0.00541","106.48743"
"91.00000","3.03342","2,512.58374","0.00980","0.00550","106.62038"
"91.10000","3.03678","2,514.10132","0.00981","0.00535","106.68477"
"91.20000","3.04007","2,516.85693","0.00981","0.00542","106.80170"
"91.30000","3.04344","2,518.58960","0.00983","0.00537","106.87523"
"91.40000","3.04665","2,520.88599","0.00986","0.00535","106.97268"
"91.50000","3.04994","2,522.64917","0.00986","0.00539","107.04749"
"91.60000","3.05338","2,525.77466","0.00987","0.00541","107.18012"
"91.70000","3.05681","2,528.14087","0.00988","0.00539","107.28053"
"91.80000","3.06003","2,529.98682","0.00991","0.00538","107.35886"
"91.90000","3.06339","2,532.12207","0.00993","0.00539","107.44947"
"92.00000","3.06683","2,534.26318","0.00993","0.00537","107.54033"
"92.10000","3.06997","2,536.26025","0.00997","0.00536","107.62508"
"92.20000","3.07333","2,538.85645","0.00999","0.00531","107.73524"
"92.30000","3.07677","2,540.79614","0.00997","0.00528","107.81755"
"92.40000","3.08006","2,543.41064","0.01000","0.00526","107.92850"
"92.50000","3.08342","2,545.44604","0.01005","0.00525","108.01487"
"92.60000","3.08686","2,548.57568","0.01005","0.00533","108.14767"
"92.70000","3.09007","2,550.05347","0.01005","0.00513","108.21039"
"92.80000","3.09336","2,552.59399","0.01008","0.00507","108.31819"
"92.90000","3.09672","2,554.68823","0.01011","0.00522","108.40706"
"93.00000","3.10009","2,556.47290","0.01012","0.00545","108.48279"
"93.10000","3.10330","2,559.21680","0.01016","0.00552","108.59923"
"93.20000","3.10674","2,561.78711","0.01017","0.00557","108.70830"
"93.30000","3.11025","2,563.99658","0.01020","0.00568","108.80206"
"93.40000","3.11331","2,565.75122","0.01019","0.00571","108.87651"
"93.50000","3.11668","2,568.77637","0.01020","0.00571","109.00488"
"93.60000","3.12012","2,570.29932","0.01022","0.00571","109.06951"
"93.70000","3.12325","2,573.54590","0.01025","0.00572","109.20728"
"93.80000","3.12677","2,575.19824","0.01026","0.00573","109.27739"
"93.90000","3.13013","2,577.66821","0.01025","0.00574","109.38220"
"94.00000","3.13342","2,579.95752","0.01028","0.00568","109.47935"
"94.10000","3.13678","2,581.53125","0.01030","0.00547","109.54613"
"94.20000","3.14007","2,584.37329","0.01035","0.00556","109.66673"
"94.30000","3.14343","2,587.35767","0.01031","0.00548","109.79337"
"94.40000","3.14665","2,588.85791","0.01034","0.00541","109.85703"
"94.50000","3.15009","2,590.67480","0.01033","0.00542","109.93414"
"94.60000","3.15360","2,593.73047","0.01036","0.00543","110.06380"
"94.70000","3.15666","2,595.91699","0.01039","0.00543","110.15659"
"94.80000","3.16010","2,597.87598","0.01042","0.00543","110.23972"
"94.90000","3.16354","2,600.81934","0.01039","0.00545","110.36461"
"95.00000","3.16660","2,602.14941","0.01045","0.00542","110.42105"
"95.10000","3.17011","2,604.17749","0.01045","0.00542","110.50711"
"95.20000","3.17348","2,607.22607","0.01048","0.00538","110.63648"
"95.30000","3.17677","2,609.69067","0.01048","0.00535","110.74107"
"95.40000","3.18013","2,611.38208","0.01048","0.00538","110.81284"
"95.50000","3.18349","2,613.99731","0.01053","0.00531","110.92381"
"95.60000","3.18678","2,616.68701","0.01051","0.00535","111.03795"
"95.70000","3.18992","2,618.37964","0.01055","0.00538","111.10978"
"95.80000","3.19336","2,621.28516","0.01055","0.00520","111.23307"
"95.90000","3.19680","2,623.47266","0.01059","0.00513","111.32590"
"96.00000","3.19993","2,625.05566","0.01062","0.00514","111.39307"
"96.10000","3.20352","2,627.75146","0.01062","0.00541","111.50746"
"96.20000","3.20689","2,630.07153","0.01063","0.00558","111.60592"
"96.30000","3.20995","2,632.11255","0.01068","0.00566","111.69253"
"96.40000","3.21346","2,634.74658","0.01068","0.00570","111.80430"
"96.50000","3.21675","2,637.06934","0.01069","0.00578","111.90286"
"96.60000","3.21996","2,639.65137","0.01072","0.00575","112.01243"
"96.70000","3.22340","2,641.63306","0.01075","0.00577","112.09653"
"96.80000","3.22677","2,644.54907","0.01076","0.00577","112.22026"
"96.90000","3.23013","2,646.23584","0.01077","0.00573","112.29184"
"97.00000","3.23334","2,648.66772","0.01078","0.00573","112.39503"
"97.10000","3.23678","2,651.47729","0.01077","0.00577","112.51426"
"97.20000","3.24007","2,653.98901","0.01079","0.00561","112.62084"
"97.30000","3.24321","2,654.94116","0.01081","0.00573","112.66125"
"97.40000","3.24679","2,657.55591","0.01083","0.00545","112.77220"
"97.50000","3.25016","2,660.61475","0.01084","0.00545","112.90200"
"97.60000","3.25330","2,662.75269","0.01084","0.00544","112.99273"
"97.70000","3.25681","2,665.49072","0.01086","0.00547","113.10892"
"97.80000","3.26010","2,666.86816","0.01088","0.00543","113.16737"
"97.90000","3.26324","2,668.50244","0.01090","0.00546","113.23672"
"98.00000","3.26675","2,671.92114","0.01092","0.00547","113.38178"
"98.10000","3.27004","2,673.52344","0.01093","0.00548","113.44978"
"98.20000","3.27340","2,676.86499","0.01095","0.00543","113.59158"
"98.30000","3.27669","2,678.42065","0.01097","0.00540","113.65759"
"98.40000","3.28013","2,681.03369","0.01098","0.00543","113.76847"
"98.50000","3.28342","2,684.03345","0.01100","0.00542","113.89577"
"98.60000","3.28655","2,685.43359","0.01102","0.00540","113.95518"
"98.70000","3.29007","2,688.06470","0.01105","0.00538","114.06683"
"98.80000","3.29343","2,690.28589","0.01104","0.00544","114.16109"
"98.90000","3.29664","2,691.93604","0.01106","0.00527","114.23111"
"99.00000","3.30016","2,694.86035","0.01109","0.00523","114.35520"
"99.10000","3.30352","2,696.97827","0.01112","0.00518","114.44508"
"99.20000","3.30666","2,699.61890","0.01113","0.00555","114.55713"
"99.30000","3.31002","2,701.72681","0.01117","0.00567","114.64658"
"99.40000","3.31339","2,704.17456","0.01120","0.00571","114.75044"
"99.50000","3.31667","2,706.81201","0.01118","0.00578","114.86237"
"99.60000","3.32004","2,708.49414","0.01121","0.00580","114.93375"
"99.70000","3.32347","2,711.47998","0.01123","0.00579","115.06045"
"99.80000","3.32676","2,713.69458","0.01121","0.00578","115.15442"
"99.90000","3.32998","2,715.22144","0.01122","0.00577","115.21922"
"100.00000","3.33341","2,717.79272","0.01126","0.00576","115.32832"
"100.10000","3.33670","2,720.17114","0.01127","0.00577","115.42925"
"100.20000","3.33992","2,721.70020","0.01125","0.00583","115.49414"
"100.30000","3.34343","2,725.54053","0.01127","0.00566","115.65710"
"100.40000","3.34679","2,727.65747","0.01131","0.00574","115.74693"
"100.50000","3.35008","2,729.81421","0.01133","0.00555","115.83846"
"100.60000","3.35344","2,731.13159","0.01134","0.00551","115.89436"
"100.70000","3.35681","2,733.50146","0.01134","0.00552","115.99492"
"100.80000","3.35995","2,735.50391","0.01133","0.00553","116.07990"
"100.90000","3.36338","2,738.67871","0.01136","0.00549","116.21461"
"101.00000","3.36682","2,740.36157","0.01142","0.00549","116.28603"
"101.10000","3.37004","2,742.38770","0.01142","0.00554","116.37200"
"101.20000","3.37340","2,744.65063","0.01143","0.00553","116.46803"
"101.30000","3.37684","2,747.12451","0.01148","0.00546","116.57301"
"101.40000","3.38013","2,749.48535","0.01146","0.00544","116.67319"
"101.50000","3.38334","2,751.30200","0.01150","0.00546","116.75027"
"101.60000","3.38670","2,753.96997","0.01154","0.00544","116.86349"
"101.70000","3.39014","2,756.25732","0.01153","0.00538","116.96056"
"101.80000","3.39335","2,758.49390","0.01157","0.00538","117.05546"
"101.90000","3.39672","2,760.15454","0.01159","0.00540","117.12593"
"102.00000","3.40023","2,762.87915","0.01158","0.00530","117.24155"
"102.10000","3.40329","2,765.02344","0.01157","0.00520","117.33254"
"102.20000","3.40666","2,767.21289","0.01162","0.00532","117.42545"
"102.30000","3.41009","2,769.91968","0.01164","0.00543","117.54031"
"102.40000","3.41331","2,772.29102","0.01165","0.00560","117.64094"
"102.50000","3.41675","2,774.24072","0.01169","0.00572","117.72367"
"102.60000","3.42011","2,776.43921","0.01167","0.00582","117.81696"
"102.70000","3.42347","2,778.39697","0.01171","0.00578","117.90004"
"102.80000","3.42669","2,781.19922","0.01172","0.00579","118.01895"
"102.90000","3.42997","2,783.97046","0.01172","0.00581","118.13655"
"103.00000","3.43341","2,785.05786","0.01170","0.00587","118.18269"
"103.10000","3.43663","2,786.99683","0.01174","0.00583","118.26497"
"103.20000","3.44006","2,789.80908","0.01168","0.00585","118.38431"
"103.30000","3.44365","2,792.79712","0.01171","0.00586","118.51110"
"103.40000","3.44664","2,794.20239","0.01175","0.00587","118.57074"
"103.50000","3.45008","2,797.00098","0.01173","0.00576","118.68949"
"103.60000","3.45352","2,799.79150","0.01182","0.00583","118.80791"
"103.70000","3.45666","2,801.47656","0.01181","0.00558","118.87941"
"103.80000","3.46009","2,803.24121","0.01187","0.00564","118.95429"
"103.90000","3.46346","2,806.78711","0.01183","0.00553","119.10476"
"104.00000","3.46675","2,808.33691","0.01186","0.00551","119.17052"
"104.10000","3.47011","2,810.31738","0.01188","0.00546","119.25457"
"104.20000","3.47340","2,813.18018","0.01191","0.00552","119.37605"
"104.30000","3.47683","2,815.67285","0.01192","0.00549","119.48183"
"104.40000","3.47997","2,817.33667","0.01193","0.00556","119.55243"
"104.50000","3.48334","2,819.61011","0.01197","0.00548","119.64890"
"104.60000","3.48685","2,822.37549","0.01199","0.00553","119.76625"
"104.70000","3.48999","2,823.98706","0.01199","0.00549","119.83463"
"104.80000","3.49343","2,826.53369","0.01202","0.00547","119.94270"
"104.90000","3.49686","2,828.89062","0.01202","0.00546","120.04272"
"105.00000","3.49993","2,830.86328","0.01206","0.00546","120.12643"
"105.10000","3.50344","2,832.89502","0.01206","0.00547","120.21264"
"105.20000","3.50673","2,836.15576","0.01212","0.00523","120.35101"
"105.30000","3.51009","2,837.30835","0.01209","0.00544","120.39992"
"105.40000","3.51346","2,840.51709","0.01207","0.00545","120.53608"
"105.50000","3.51682","2,843.25024","0.01216","0.00535","120.65206"
"105.60000","3.52018","2,845.08813","0.01215","0.00548","120.73005"
"105.70000","3.52332","2,847.49756","0.01218","0.00570","120.83229"
"105.80000","3.52668","2,850.02222","0.01220","0.00576","120.93942"
"105.90000","3.53012","2,852.02368","0.01222","0.00579","121.02435"
"106.00000","3.53334","2,854.65430","0.01223","0.00592","121.13599"
"106.10000","3.53677","2,856.86597","0.01222","0.00592","121.22984"
"106.20000","3.54021","2,859.42090","0.01222","0.00591","121.33826"
"106.30000","3.54328","2,860.87524","0.01222","0.00595","121.39997"
"106.40000","3.54679","2,863.45166","0.01221","0.00586","121.50930"
"106.50000","3.55008","2,865.44312","0.01224","0.00585","121.59380"
"106.60000","3.55329","2,868.21191","0.01229","0.00595","121.71130"
"106.70000","3.55673","2,870.41772","0.01224","0.00574","121.80490"
"106.80000","3.56009","2,872.58301","0.01226","0.00572","121.89678"
"106.90000","3.56345","2,875.87622","0.01230","0.00555","122.03653"
"107.00000","3.56667","2,877.54199","0.01234","0.00564","122.10722"
"107.10000","3.57011","2,879.25000","0.01236","0.00557","122.17970"
"107.20000","3.57340","2,881.20117","0.01235","0.00551","122.26249"
"107.30000","3.57653","2,884.22021","0.01237","0.00558","122.39060"
"107.40000","3.58012","2,886.96509","0.01240","0.00561","122.50708"
"107.50000","3.58348","2,888.82080","0.01242","0.00552","122.58582"
"107.60000","3.58670","2,891.27856","0.01245","0.00557","122.69012"
"107.70000","3.59014","2,893.75610","0.01246","0.00555","122.79525"
"107.80000","3.59342","2,896.26147","0.01247","0.00551","122.90157"
"107.90000","3.59664","2,898.35400","0.01245","0.00550","122.99036"
"108.00000","3.60000","2,900.19238","0.01254","0.00546","123.06837"
"108.10000","3.60336","2,903.03125","0.01255","0.00549","123.18884"
"108.20000","3.60673","2,905.50049","0.01255","0.00549","123.29362"
"108.30000","3.61002","2,907.18066","0.01255","0.00555","123.36492"
"108.40000","3.61345","2,909.99292","0.01256","0.00547","123.48425"
"108.50000","3.61674","2,911.74707","0.01263","0.00539","123.55869"
"108.60000","3.61996","2,914.45605","0.01267","0.00537","123.67365"
"108.70000","3.62339","2,916.81812","0.01266","0.00559","123.77388"
"108.80000","3.62676","2,918.33203","0.01265","0.00566","123.83812"
"108.90000","3.62997","2,920.24048","0.01271","0.00573","123.91911"
"109.00000","3.63348","2,923.03369","0.01270","0.00580","124.03764"
"109.10000","3.63677","2,925.00806","0.01268","0.00591","124.12141"
"109.20000","3.64006","2,928.32690","0.01272","0.00593","124.26225"
"109.30000","3.64335","2,930.05469","0.01271","0.00595","124.33557"
"109.40000","3.64671","2,932.44507","0.01275","0.00598","124.43700"
"109.50000","3.65000","2,935.35767","0.01274","0.00592","124.56060"
"109.60000","3.65336","2,937.51147","0.01275","0.00597","124.65199"
"109.70000","3.65680","2,939.64600","0.01278","0.00594","124.74257"
"109.80000","3.66009","2,942.48486","0.01278","0.00595","124.86304"
"109.90000","3.66338","2,943.75757","0.01282","0.00591","124.91705"
"110.00000","3.66674","2,946.41919","0.01280","0.00583","125.02999"
"110.10000","3.67010","2,949.27686","0.01281","0.00565","125.15125"
"110.20000","3.67332","2,950.71069","0.01284","0.00569","125.21210"
"110.30000","3.67676","2,953.21411","0.01286","0.00566","125.31833"
"110.40000","3.68019","2,955.76611","0.01289","0.00564","125.42662"
"110.50000","3.68341","2,957.31812","0.01291","0.00561","125.49248"
"110.60000","3.68677","2,960.17236","0.01293","0.00560","125.61359"
"110.70000","3.69013","2,961.77319","0.01291","0.00558","125.68153"
"110.80000","3.69335","2,963.78052","0.01293","0.00562","125.76671"
"110.90000","3.69664","2,967.27515","0.01295","0.00551","125.91500"
"111.00000","3.70015","2,968.80298","0.01302","0.00551","125.97984"
"111.10000","3.70336","2,971.67603","0.01296","0.00553","126.10175"
"111.20000","3.70673","2,973.79297","0.01299","0.00551","126.19158"
"111.30000","3.71016","2,976.20532","0.01308","0.00556","126.29395"
"111.40000","3.71345","2,978.66528","0.01306","0.00545","126.39834"
"111.50000","3.71667","2,980.48340","0.01310","0.00537","126.47549"
"111.60000","3.72003","2,982.91211","0.01308","0.00552","126.57855"
"111.70000","3.72347","2,985.04395","0.01310","0.00539","126.66901"
"111.80000","3.72668","2,987.08447","0.01316","0.00561","126.75560"
"111.90000","3.73012","2,989.94458","0.01317","0.00573","126.87697"
"112.00000","3.73363","2,992.04590","0.01316","0.00569","126.96614"
"112.10000","3.73670","2,994.16113","0.01318","0.00587","127.05589"
"112.20000","3.74006","2,996.79248","0.01321","0.00593","127.16756"
"112.30000","3.74350","2,998.59180","0.01323","0.00598","127.24391"
"112.40000","3.74663","3,001.23682","0.01323","0.00601","127.35615"
"112.50000","3.75007","3,003.07617","0.01325","0.00593","127.43420"
"112.60000","3.75351","3,006.00195","0.01328","0.00600","127.55836"
"112.70000","3.75680","3,007.89624","0.01328","0.00602","127.63874"
"112.80000","3.76001","3,010.07812","0.01328","0.00601","127.73132"
"112.90000","3.76338","3,012.62036","0.01329","0.00600","127.83920"
"113.00000","3.76674","3,014.49268","0.01330","0.00598","127.91866"
"113.10000","3.76995","3,017.38135","0.01334","0.00588","128.04123"
"113.20000","3.77339","3,020.57446","0.01333","0.00571","128.17673"
"113.30000","3.77690","3,021.49268","0.01334","0.00566","128.21570"
"113.40000","3.77997","3,023.71436","0.01338","0.00565","128.30997"
"113.50000","3.78341","3,026.33838","0.01337","0.00565","128.42133"
"113.60000","3.78677","3,028.43018","0.01339","0.00567","128.51009"
"113.70000","3.78998","3,030.43213","0.01344","0.00558","128.59505"
"113.80000","3.79342","3,033.11255","0.01347","0.00563","128.70879"
"113.90000","3.79678","3,035.12915","0.01345","0.00559","128.79436"
"114.00000","3.80015","3,038.48999","0.01352","0.00564","128.93697"
"114.10000","3.80344","3,040.03052","0.01351","0.00554","129.00235"
"114.20000","3.80680","3,042.17725","0.01351","0.00555","129.09344"
"114.30000","3.81016","3,044.78296","0.01355","0.00555","129.20401"
"114.40000","3.81330","3,046.19067","0.01353","0.00549","129.26375"
"114.50000","3.81674","3,049.12988","0.01357","0.00562","129.38847"
"114.60000","3.82018","3,052.30762","0.01356","0.00553","129.52332"
"114.70000","3.82332","3,052.81616","0.01359","0.00556","129.54489"
"114.80000","3.82683","3,055.57544","0.01357","0.00543","129.66199"
"114.90000","3.83019","3,058.53442","0.01363","0.00550","129.78755"
"115.00000","3.83326","3,060.41724","0.01366","0.00572","129.86745"
"115.10000","3.83677","3,062.73584","0.01374","0.00580","129.96584"
"115.20000","3.84006","3,065.39917","0.01369","0.00581","130.07886"
"115.30000","3.84334","3,067.48755","0.01371","0.00589","130.16747"
"115.40000","3.84671","3,069.69019","0.01377","0.00594","130.26094"
"115.50000","3.85007","3,072.22412","0.01375","0.00591","130.36847"
"115.60000","3.85351","3,074.54565","0.01374","0.00598","130.46698"
"115.70000","3.85665","3,077.02173","0.01378","0.00601","130.57205"
"115.80000","3.86009","3,079.54761","0.01380","0.00600","130.67923"
"115.90000","3.86345","3,082.39697","0.01376","0.00601","130.80014"
"116.00000","3.86651","3,083.70825","0.01383","0.00599","130.85579"
"116.10000","3.87010","3,086.02734","0.01385","0.00598","130.95419"
"116.20000","3.87354","3,088.17969","0.01386","0.00600","131.04553"
"116.30000","3.87668","3,091.02734","0.01379","0.00596","131.16637"
"116.40000","3.88012","3,093.41260","0.01390","0.00574","131.26759"
"116.50000","3.88340","3,095.57544","0.01388","0.00581","131.35936"
"116.60000","3.88669","3,097.13696","0.01388","0.00563","131.42563"
"116.70000","3.89006","3,099.72900","0.01389","0.00561","131.53563"
"116.80000","3.89342","3,102.94629","0.01397","0.00559","131.67215"
"116.90000","3.89678","3,105.27734","0.01399","0.00560","131.77106"
"117.00000","3.90000","3,107.62964","0.01397","0.00559","131.87088"
"117.10000","3.90343","3,109.58179","0.01398","0.00557","131.95372"
"117.20000","3.90680","3,111.57617","0.01400","0.00559","132.03835"
"117.30000","3.90994","3,113.82544","0.01402","0.00555","132.13380"
"117.40000","3.91345","3,115.44873","0.01406","0.00554","132.20268"
"117.50000","3.91681","3,119.49414","0.01408","0.00556","132.37434"
"117.60000","3.92002","3,120.77539","0.01410","0.00554","132.42871"
"117.70000","3.92346","3,123.11230","0.01411","0.00558","132.52788"
"117.80000","3.92675","3,125.83179","0.01408","0.00561","132.64328"
"117.90000","3.93004","3,127.52344","0.01412","0.00549","132.71507"
"118.00000","3.93333","3,130.12671","0.01418","0.00535","132.82553"
"118.10000","3.93669","3,132.62451","0.01421","0.00563","132.93153"
"118.20000","3.94005","3,135.15991","0.01420","0.00570","133.03912"
"118.30000","3.94327","3,136.50366","0.01415","0.00579","133.09615"
"118.40000","3.94678","3,138.76123","0.01420","0.00586","133.19194"
"118.50000","3.95022","3,141.93750","0.01425","0.00595","133.32672"
"118.60000","3.95328","3,143.57031","0.01432","0.00599","133.39601"
"118.70000","3.95672","3,145.88354","0.01429","0.00600","133.49417"
"118.80000","3.96008","3,148.33594","0.01425","0.00600","133.59824"
"118.90000","3.96330","3,151.35645","0.01431","0.00599","133.72641"
"119.00000","3.96681","3,153.89600","0.01433","0.00596","133.83417"
"119.10000","3.97017","3,155.58936","0.01434","0.00599","133.90604"
"119.20000","3.97346","3,157.47754","0.01434","0.00601","133.98616"
"119.30000","3.97675","3,160.14551","0.01438","0.00596","134.09937"
"119.40000","3.98004","3,162.30518","0.01440","0.00600","134.19101"
"119.50000","3.98333","3,163.91846","0.01437","0.00561","134.25948"
"119.60000","3.98662","3,166.69458","0.01442","0.00577","134.37727"
"119.70000","3.99013","3,169.07715","0.01443","0.00562","134.47838"
"119.80000","3.99342","3,171.54858","0.01442","0.00561","134.58325"
"119.90000","3.99663","3,172.62476","0.01445","0.00561","134.62892"
"120.00000","4.00007","3,175.86841","0.01445","0.00563","134.76657"
"120.10000","4.00343","3,178.20386","0.01448","0.00559","134.86566"
"120.20000","4.00664","3,179.88062","0.01446","0.00558","134.93681"
"120.30000","4.01008","3,183.17529","0.01454","0.00562","135.07663"
"120.40000","4.01352","3,184.86133","0.01456","0.00555","135.14818"
"120.50000","4.01673","3,187.42310","0.01454","0.00557","135.25688"
"120.60000","4.02010","3,189.27319","0.01455","0.00556","135.33539"
"120.70000","4.02346","3,191.29419","0.01459","0.00552","135.42114"
"120.80000","4.02667","3,194.57764","0.01459","0.00558","135.56049"
"120.90000","4.02996","3,196.13062","0.01464","0.00563","135.62639"
"121.00000","4.03340","3,198.01538","0.01462","0.00552","135.70636"
"121.10000","4.03676","3,200.31079","0.01466","0.00536","135.80377"
"121.20000","4.04005","3,203.61475","0.01465","0.00545","135.94397"
"121.30000","4.04349","3,205.24170","0.01470","0.00571","136.01300"
"121.40000","4.04678","3,207.23242","0.01473","0.00577","136.09749"
"121.50000","4.04999","3,209.63330","0.01473","0.00585","136.19936"
"121.60000","4.05336","3,212.50659","0.01473","0.00592","136.32129"
"121.70000","4.05679","3,214.33398","0.01479","0.00600","136.39883"
"121.80000","4.06001","3,216.41675","0.01479","0.00596","136.48721"
"121.90000","4.06337","3,219.34937","0.01478","0.00599","136.61166"
"122.00000","4.06681","3,221.50366","0.01479","0.00598","136.70308"
"122.10000","4.06995","3,223.71509","0.01480","0.00596","136.79692"
"122.20000","4.07338","3,225.61230","0.01484","0.00597","136.87743"
"122.30000","4.07675","3,228.41455","0.01485","0.00595","136.99634"
"122.40000","4.08004","3,230.83032","0.01483","0.00601","137.09885"
"122.50000","4.08340","3,232.21533","0.01487","0.00599","137.15762"
"122.60000","4.08684","3,235.94922","0.01488","0.00599","137.31607"
"122.70000","4.09013","3,237.13989","0.01493","0.00597","137.36659"
"122.80000","4.09334","3,239.73511","0.01498","0.00594","137.47672"
"122.90000","4.09670","3,241.94141","0.01495","0.00576","137.57034"
"123.00000","4.10014","3,244.12549","0.01500","0.00558","137.66302"
"123.10000","4.10328","3,246.46802","0.01496","0.00557","137.76242"
"123.20000","4.10672","3,248.75195","0.01504","0.00559","137.85934"
"123.30000","4.11016","3,251.32715","0.01506","0.00555","137.96863"
"123.40000","4.11329","3,253.54639","0.01508","0.00553","138.06279"
"123.50000","4.11673","3,255.41675","0.01509","0.00553","138.14217"
"123.60000","4.12017","3,258.62915","0.01511","0.00551","138.27847"
"123.70000","4.12331","3,260.42969","0.01515","0.00552","138.35489"
"123.80000","4.12675","3,261.65063","0.01512","0.00559","138.40669"
"123.90000","4.13011","3,265.03394","0.01517","0.00562","138.55026"
"124.00000","4.13340","3,266.86279","0.01518","0.00555","138.62787"
"124.10000","4.13669","3,269.22974","0.01520","0.00547","138.72832"
"124.20000","4.14005","3,271.56641","0.01525","0.00533","138.82747"
"124.30000","4.14349","3,274.01538","0.01524","0.00541","138.93138"
"124.40000","4.14655","3,276.75781","0.01520","0.00571","139.04776"
"124.50000","4.15006","3,278.83765","0.01526","0.00578","139.13602"
"124.60000","4.15343","3,280.64673","0.01529","0.00582","139.21278"
"124.70000","4.15664","3,283.23535","0.01531","0.00590","139.32263"
"124.80000","4.16015","3,286.00342","0.01532","0.00592","139.44009"
"124.90000","4.16352","3,288.41333","0.01535","0.00594","139.54236"
"125.00000","4.16666","3,291.07129","0.01534","0.00590","139.65515"
"125.10000","4.17009","3,292.67603","0.01537","0.00597","139.72324"
"125.20000","4.17338","3,294.56470","0.01536","0.00597","139.80339"
"125.30000","4.17675","3,297.76172","0.01541","0.00593","139.93906"
"125.40000","4.18003","3,299.69531","0.01541","0.00596","140.02110"
"125.50000","4.18340","3,302.72998","0.01543","0.00594","140.14987"
"125.60000","4.18684","3,305.31592","0.01543","0.00600","140.25961"
"125.70000","4.18997","3,306.87305","0.01542","0.00594","140.32568"
"125.80000","4.19341","3,309.25928","0.01547","0.00595","140.42694"
"125.90000","4.19677","3,311.31177","0.01548","0.00591","140.51404"
"126.00000","4.19991","3,313.39795","0.01551","0.00593","140.60257"
"126.10000","4.20350","3,316.51001","0.01553","0.00590","140.73463"
"126.20000","4.20686","3,318.23315","0.01552","0.00556","140.80775"
"126.30000","4.21000","3,320.64917","0.01555","0.00556","140.91028"
"126.40000","4.21344","3,322.76123","0.01558","0.00565","140.99989"
"126.50000","4.21673","3,325.35547","0.01560","0.00549","141.10999"
"126.60000","4.22002","3,327.36035","0.01561","0.00557","141.19505"
"126.70000","4.22331","3,331.03198","0.01559","0.00550","141.35086"
"126.80000","4.22674","3,331.56909","0.01559","0.00553","141.37366"
"126.90000","4.23011","3,335.08594","0.01564","0.00555","141.52289"
"127.00000","4.23332","3,337.53052","0.01568","0.00558","141.62662"
"127.10000","4.23676","3,339.71729","0.01571","0.00559","141.71942"
"127.20000","4.24020","3,342.37061","0.01568","0.00549","141.83202"
"127.30000","4.24319","3,343.71509","0.01571","0.00538","141.88907"
"127.40000","4.24677","3,345.97852","0.01572","0.00542","141.98511"
"127.50000","4.25014","3,348.16431","0.01574","0.00566","142.07787"
"127.60000","4.25335","3,351.41235","0.01577","0.00571","142.21570"
"127.70000","4.25679","3,352.73828","0.01578","0.00577","142.27196"
"127.80000","4.26015","3,355.31641","0.01581","0.00588","142.38136"
"127.90000","4.26337","3,358.00317","0.01583","0.00587","142.49538"
"128.00000","4.26665","3,359.47119","0.01583","0.00591","142.55766"
"128.10000","4.27002","3,361.91016","0.01585","0.00594","142.66116"
"128.20000","4.27338","3,363.96533","0.01587","0.00593","142.74837"
"128.30000","4.27667","3,366.51172","0.01590","0.00591","142.85643"
"128.40000","4.28011","3,369.17163","0.01590","0.00597","142.96930"
"128.50000","4.28347","3,371.24512","0.01588","0.00597","143.05728"
"128.60000","4.28661","3,373.59717","0.01588","0.00596","143.15709"
"128.70000","4.29005","3,376.56958","0.01594","0.00596","143.28323"
"128.80000","4.29341","3,377.90991","0.01596","0.00594","143.34010"
"128.90000","4.29662","3,380.15601","0.01596","0.00597","143.43541"
"129.00000","4.30006","3,382.41455","0.01601","0.00591","143.53125"
"129.10000","4.30343","3,384.59497","0.01599","0.00592","143.62378"
"129.20000","4.30671","3,386.57471","0.01602","0.00593","143.70779"
"129.30000","4.31008","3,389.25806","0.01605","0.00589","143.82166"
"129.40000","4.31344","3,391.27222","0.01606","0.00585","143.90714"
"129.50000","4.31673","3,393.48022","0.01609","0.00566","144.00082"
"129.60000","4.31994","3,396.81836","0.01608","0.00568","144.14247"
"129.70000","4.32345","3,398.56714","0.01613","0.00559","144.21669"
"129.80000","4.32682","3,401.46313","0.01614","0.00552","144.33957"
"129.90000","4.33003","3,403.31226","0.01613","0.00556","144.41805"
"130.00000","4.33347","3,405.12402","0.01618","0.00558","144.49492"
"130.10000","4.33676","3,407.79346","0.01616","0.00555","144.60820"
"130.20000","4.33997","3,410.14893","0.01620","0.00554","144.70816"
"130.30000","4.34341","3,412.77417","0.01621","0.00541","144.81955"
"130.40000","4.34677","3,414.57886","0.01621","0.00524","144.89613"
"130.50000","4.35006","3,417.04858","0.01625","0.00533","145.00093"
"130.60000","4.35342","3,419.49463","0.01625","0.00564","145.10474"
"130.70000","4.35686","3,421.68945","0.01627","0.00568","145.19788"
"130.80000","4.36000","3,424.19897","0.01629","0.00579","145.30437"
"130.90000","4.36329","3,425.27515","0.01631","0.00586","145.35002"
"131.00000","4.36680","3,428.76831","0.01630","0.00587","145.49826"
"131.10000","4.37009","3,430.35156","0.01632","0.00588","145.56544"
"131.20000","4.37338","3,432.86060","0.01634","0.00587","145.67191"
"131.30000","4.37682","3,435.50269","0.01636","0.00594","145.78403"
"131.40000","4.38011","3,437.58691","0.01637","0.00591","145.87247"
"131.50000","4.38332","3,439.66406","0.01641","0.00597","145.96062"
"131.60000","4.38676","3,442.05005","0.01642","0.00590","146.06186"
"131.70000","4.39012","3,444.83691","0.01643","0.00595","146.18013"
"131.80000","4.39333","3,447.04199","0.01643","0.00589","146.27370"
"131.90000","4.39677","3,449.26050","0.01645","0.00594","146.36783"
"132.00000","4.40028","3,451.58716","0.01647","0.00591","146.46657"
"132.10000","4.40342","3,453.89648","0.01648","0.00589","146.56456"
"132.20000","4.40671","3,455.96533","0.01650","0.00592","146.65236"
"132.30000","4.41015","3,457.82910","0.01652","0.00590","146.73145"
"132.40000","4.41329","3,460.32275","0.01655","0.00594","146.83725"
"132.50000","4.41673","3,462.86182","0.01655","0.00589","146.94501"
"132.60000","4.42009","3,465.13306","0.01655","0.00585","147.04138"
"132.70000","4.42345","3,467.64185","0.01659","0.00589","147.14784"
"132.80000","4.42674","3,470.76538","0.01660","0.00582","147.28038"
"132.90000","4.43003","3,472.00269","0.01664","0.00578","147.33289"
"133.00000","4.43347","3,474.54443","0.01663","0.00569","147.44075"
"133.10000","4.43661","3,476.95435","0.01664","0.00559","147.54301"
"133.20000","4.44004","3,479.51318","0.01665","0.00553","147.65160"
"133.30000","4.44356","3,481.80542","0.01666","0.00559","147.74887"
"133.40000","4.44670","3,484.05640","0.01669","0.00532","147.84439"
"133.50000","4.45013","3,485.54224","0.01671","0.00530","147.90744"
"133.60000","4.45350","3,488.98364","0.01672","0.00530","148.05347"
"133.70000","4.45664","3,490.95215","0.01674","0.00562","148.13701"
"133.80000","4.46007","3,492.33008","0.01674","0.00574","148.19548"
"133.90000","4.46336","3,495.10620","0.01677","0.00584","148.31328"
"134.00000","4.46672","3,497.48145","0.01679","0.00586","148.41406"
"134.10000","4.47009","3,499.48511","0.01680","0.00587","148.49910"
"134.20000","4.47345","3,502.09253","0.01682","0.00589","148.60974"
"134.30000","4.47689","3,505.31274","0.01683","0.00591","148.74638"
"134.40000","4.47995","3,506.69629","0.01686","0.00589","148.80510"
"134.50000","4.48339","3,509.29883","0.01687","0.00591","148.91554"
"134.60000","4.48683","3,511.36060","0.01690","0.00591","149.00302"
"134.70000","4.48997","3,513.78394","0.01690","0.00595","149.10587"
"134.80000","4.49348","3,515.56323","0.01693","0.00590","149.18137"
"134.90000","4.49684","3,518.78247","0.01694","0.00598","149.31796"
"135.00000","4.49998","3,520.17139","0.01698","0.00594","149.37691"
"135.10000","4.50342","3,522.28320","0.01701","0.00593","149.46652"
"135.20000","4.50671","3,525.43823","0.01699","0.00593","149.60040"
"135.30000","4.51007","3,527.37939","0.01699","0.00591","149.68277"
"135.40000","4.51336","3,529.84448","0.01703","0.00589","149.78738"
"135.50000","4.51672","3,532.10840","0.01702","0.00593","149.88345"
"135.60000","4.52016","3,534.23315","0.01703","0.00592","149.97362"
"135.70000","4.52330","3,536.80225","0.01701","0.00589","150.08263"
"135.80000","4.52674","3,538.70020","0.01705","0.00587","150.16316"
"135.90000","4.53018","3,541.37280","0.01708","0.00581","150.27658"
"136.00000","4.53324","3,543.06836","0.01710","0.00585","150.34853"
"136.10000","4.53683","3,546.12549","0.01710","0.00581","150.47826"
"136.20000","4.54019","3,548.01270","0.01711","0.00579","150.55833"
"136.30000","4.54341","3,550.18677","0.01710","0.00568","150.65060"
"136.40000","4.54684","3,552.28271","0.01717","0.00556","150.73953"
"136.50000","4.55013","3,554.61719","0.01717","0.00541","150.83859"
"136.60000","4.55342","3,556.83716","0.01717","0.00529","150.93280"
"136.70000","4.55663","3,559.20044","0.01718","0.00541","151.03308"
"136.80000","4.56000","3,560.77368","0.01721","0.00562","151.09985"
"136.90000","4.56351","3,564.83911","0.01725","0.00578","151.27237"
"137.00000","4.56665","3,565.70996","0.01725","0.00585","151.30931"
"137.10000","4.57009","3,567.93848","0.01727","0.00586","151.40388"
"137.20000","4.57352","3,571.30249","0.01730","0.00591","151.54663"
"137.30000","4.57651","3,572.64795","0.01731","0.00593","151.60373"
"137.40000","4.58010","3,574.66943","0.01731","0.00596","151.68951"
"137.50000","4.58346","3,577.34424","0.01733","0.00592","151.80301"
"137.60000","4.58668","3,579.35913","0.01736","0.00591","151.88852"
"137.70000","4.59012","3,581.66284","0.01736","0.00594","151.98627"
"137.80000","4.59348","3,583.93164","0.01740","0.00597","152.08255"
"137.90000","4.59677","3,585.86157","0.01741","0.00593","152.16444"
"138.00000","4.59998","3,588.99976","0.01743","0.00594","152.29761"
"138.10000","4.60334","3,590.82812","0.01744","0.00595","152.37520"
"138.20000","4.60678","3,593.41455","0.01748","0.00597","152.48495"
"138.30000","4.61000","3,595.32495","0.01744","0.00596","152.56601"
"138.40000","4.61351","3,597.42578","0.01746","0.00595","152.65517"
"138.50000","4.61687","3,599.86279","0.01747","0.00595","152.75858"
"138.60000","4.62001","3,601.55786","0.01751","0.00595","152.83051"
"138.70000","4.62345","3,604.89014","0.01753","0.00593","152.97191"
"138.80000","4.62681","3,605.85034","0.01753","0.00593","153.01265"
"138.90000","4.62995","3,608.28979","0.01753","0.00592","153.11618"
"139.00000","4.63339","3,610.19043","0.01755","0.00590","153.19682"
"139.10000","4.63683","3,612.78247","0.01757","0.00588","153.30682"
"139.20000","4.64004","3,615.39648","0.01758","0.00588","153.41774"
"139.30000","4.64333","3,616.75146","0.01757","0.00589","153.47523"
"139.40000","4.64669","3,618.51465","0.01763","0.00585","153.55006"
"139.50000","4.65005","3,621.04028","0.01764","0.00555","153.65723"
"139.60000","4.65327","3,622.49121","0.01766","0.00540","153.71881"
"139.68600","4.65641","3,304.40967","0.01769","0.00536","140.22116"
"139.69000","4.65656","2,968.40796","0.01769","0.00536","125.96307"
"139.69400","4.65678","2,579.15063","0.01769","0.00536","109.44511"
"139.69800","4.65693","2,174.02393","0.01769","0.00536","92.25374"
"139.70000","4.65701","1,973.78040","0.01769","0.00536","83.75649"
