Modulus (Segment 0.001 mm/mm - 0.008 mm/mm) : Modulus (Segment 0.001 mm/mm - 0.008 mm/mm),"6,611.65047",MPa
Poisson's ratio (Least squares fit) : Poisson's ratio (Least squares fit),"0.17838"
Specimen properties : Gauge length,"15.89000",mm
Specimen properties : Gauge length transverse,"5.17700",mm
Specimen properties : Thickness,"1.55000",mm
Specimen properties : Width,"15.03000",mm

Time,Extension,Load,Video axial strain,Video transverse strain,Calculated Stress
(s),(mm),(N),(mm/mm),(mm/mm),(MPa)
"0.00000","0.00000","59.59961","0.00005","-0.00003","2.55831"
"0.10000","0.00142","59.15941","0.00002","0.00001","2.53941"
"0.20000","0.00568","60.65587","-0.00014","0.00028","2.60365"
"0.30000","0.00979","61.61643","-0.00038","0.00043","2.64488"
"0.40000","0.01330","60.04034","-0.00050","0.00068","2.57723"
"0.50000","0.01659","61.33579","-0.00061","0.00091","2.63283"
"0.60000","0.02010","61.49113","-0.00080","0.00130","2.63950"
"0.70000","0.02354","61.43389","-0.00103","0.00151","2.63704"
"0.80000","0.02668","61.26625","-0.00120","0.00153","2.62985"
"0.90000","0.03012","62.18467","-0.00138","0.00175","2.66927"
"1.00000","0.03348","63.12592","-0.00156","0.00192","2.70967"
"1.10000","0.03662","63.10814","-0.00176","0.00208","2.70891"
"1.20000","0.04006","63.63830","-0.00196","0.00206","2.73167"
"1.30000","0.04350","64.35943","-0.00215","0.00222","2.76262"
"1.40000","0.04671","64.45470","-0.00239","0.00238","2.76671"
"1.50000","0.05007","66.35694","-0.00267","0.00255","2.84837"
"1.60000","0.05351","67.89124","-0.00287","0.00269","2.91422"
"1.70000","0.05673","68.56537","-0.00305","0.00282","2.94316"
"1.80000","0.05994","70.82555","-0.00333","0.00301","3.04018"
"1.90000","0.06345","71.63973","-0.00349","0.00321","3.07513"
"2.00000","0.06681","74.90462","-0.00378","0.00346","3.21527"
"2.10000","0.07003","77.56770","-0.00401","0.00350","3.32959"
"2.20000","0.07339","81.36739","-0.00413","0.00366","3.49269"
"2.30000","0.07683","84.57460","-0.00427","0.00380","3.63036"
"2.40000","0.07989","88.80206","-0.00440","0.00395","3.81182"
"2.50000","0.08341","92.81493","-0.00447","0.00406","3.98407"
"2.60000","0.08677","97.56010","-0.00456","0.00413","4.18776"
"2.70000","0.08998","101.62555","-0.00461","0.00413","4.36227"
"2.80000","0.09342","106.30814","-0.00464","0.00429","4.56327"
"2.90000","0.09686","111.40094","-0.00470","0.00449","4.78187"
"3.00000","0.10007","115.34854","-0.00472","0.00454","4.95132"
"3.10000","0.10336","119.22488","-0.00472","0.00454","5.11772"
"3.20000","0.10672","124.94619","-0.00477","0.00459","5.36330"
"3.30000","0.11009","129.64232","-0.00474","0.00467","5.56488"
"3.40000","0.11330","134.43541","-0.00475","0.00467","5.77063"
"3.50000","0.11674","138.12878","-0.00478","0.00472","5.92916"
"3.60000","0.12018","143.92546","-0.00474","0.00480","6.17799"
"3.70000","0.12332","148.33080","-0.00475","0.00475","6.36708"
"3.80000","0.12675","152.93777","-0.00475","0.00468","6.56484"
"3.90000","0.13012","157.19777","-0.00471","0.00463","6.74770"
"4.00000","0.13326","161.79967","-0.00474","0.00458","6.94523"
"4.10000","0.13677","167.01094","-0.00472","0.00456","7.16893"
"4.20000","0.14013","171.31229","-0.00474","0.00457","7.35356"
"4.30000","0.14342","176.96417","-0.00475","0.00456","7.59617"
"4.40000","0.14678","181.19246","-0.00475","0.00449","7.77767"
"4.50000","0.15007","186.17520","-0.00474","0.00449","7.99155"
"4.60000","0.15343","190.93767","-0.00474","0.00450","8.19598"
"4.70000","0.15665","195.87762","-0.00472","0.00452","8.40803"
"4.80000","0.16001","200.12807","-0.00471","0.00460","8.59048"
"4.90000","0.16352","205.38173","-0.00472","0.00463","8.81599"
"5.00000","0.16666","210.01308","-0.00468","0.00469","9.01479"
"5.10000","0.17010","214.88359","-0.00471","0.00479","9.22386"
"5.20000","0.17354","219.53105","-0.00469","0.00488","9.42335"
"5.30000","0.17660","224.79153","-0.00468","0.00492","9.64915"
"5.40000","0.18004","228.50299","-0.00466","0.00469","9.80847"
"5.50000","0.18348","233.52660","-0.00461","0.00469","10.02411"
"5.60000","0.18677","238.35239","-0.00455","0.00467","10.23125"
"5.70000","0.19013","242.85733","-0.00453","0.00466","10.42463"
"5.80000","0.19349","246.91823","-0.00451","0.00464","10.59894"
"5.90000","0.19678","251.58960","-0.00444","0.00465","10.79946"
"6.00000","0.20000","256.27185","-0.00443","0.00500","11.00044"
"6.10000","0.20328","260.55338","-0.00458","0.00492","11.18423"
"6.20000","0.20680","265.33960","-0.00458","0.00489","11.38968"
"6.30000","0.20994","268.76495","-0.00451","0.00499","11.53671"
"6.40000","0.21345","274.42175","-0.00452","0.00505","11.77953"
"6.50000","0.21689","278.67987","-0.00451","0.00508","11.96231"
"6.60000","0.21995","282.57617","-0.00447","0.00507","12.12955"
"6.70000","0.22339","286.57211","-0.00448","0.00513","12.30108"
"6.80000","0.22675","290.86130","-0.00447","0.00508","12.48519"
"6.90000","0.22997","295.43250","-0.00446","0.00505","12.68141"
"7.00000","0.23340","299.55276","-0.00445","0.00495","12.85827"
"7.10000","0.23677","304.05203","-0.00440","0.00490","13.05140"
"7.20000","0.24013","307.67242","-0.00439","0.00485","13.20681"
"7.30000","0.24342","311.90970","-0.00442","0.00483","13.38869"
"7.40000","0.24671","316.18622","-0.00437","0.00481","13.57226"
"7.50000","0.25014","320.46640","-0.00438","0.00481","13.75599"
"7.60000","0.25328","323.75150","-0.00436","0.00477","13.89700"
"7.70000","0.25680","328.94058","-0.00430","0.00477","14.11974"
"7.80000","0.26023","332.93097","-0.00429","0.00476","14.29103"
"7.90000","0.26330","336.45483","-0.00431","0.00481","14.44229"
"8.00000","0.26681","340.11871","-0.00433","0.00475","14.59956"
"8.10000","0.27017","344.69550","-0.00425","0.00480","14.79602"
"8.20000","0.27331","348.60977","-0.00427","0.00486","14.96404"
"8.30000","0.27675","352.43094","-0.00424","0.00499","15.12806"
"8.40000","0.28004","356.21677","-0.00419","0.00494","15.29057"
"8.50000","0.28340","360.72968","-0.00421","0.00506","15.48429"
"8.60000","0.28669","364.14835","-0.00422","0.00509","15.63103"
"8.70000","0.29013","368.22604","-0.00412","0.00484","15.80607"
"8.80000","0.29342","372.38464","-0.00398","0.00493","15.98457"
"8.90000","0.29656","374.86179","-0.00401","0.00490","16.09091"
"9.00000","0.30007","379.99796","-0.00404","0.00499","16.31137"
"9.10000","0.30343","383.18570","-0.00399","0.00501","16.44821"
"9.20000","0.30665","387.41855","-0.00406","0.00519","16.62990"
"9.30000","0.31016","390.84027","-0.00396","0.00511","16.77678"
"9.40000","0.31352","394.44049","-0.00395","0.00512","16.93132"
"9.50000","0.31666","398.33383","-0.00400","0.00515","17.09844"
"9.60000","0.32002","402.47064","-0.00404","0.00523","17.27601"
"9.70000","0.32339","405.39792","-0.00402","0.00528","17.40167"
"9.80000","0.32667","409.68173","-0.00398","0.00522","17.58555"
"9.90000","0.33004","413.51736","-0.00399","0.00528","17.75019"
"10.00000","0.33348","416.82269","-0.00397","0.00517","17.89207"
"10.10000","0.33676","420.26929","-0.00400","0.00522","18.04002"
"10.20000","0.33998","424.39383","-0.00392","0.00514","18.21706"
"10.30000","0.34342","427.81024","-0.00395","0.00510","18.36371"
"10.40000","0.34678","431.71597","-0.00394","0.00502","18.53137"
"10.50000","0.34999","434.32172","-0.00392","0.00502","18.64322"
"10.60000","0.35351","438.78104","-0.00391","0.00497","18.83463"
"10.70000","0.35679","442.23328","-0.00388","0.00494","18.98282"
"10.80000","0.36001","446.21243","-0.00391","0.00491","19.15363"
"10.90000","0.36345","449.47867","-0.00374","0.00488","19.29383"
"11.00000","0.36673","453.08795","-0.00382","0.00485","19.44876"
"11.10000","0.36995","456.67770","-0.00379","0.00489","19.60285"
"11.20000","0.37331","460.16089","-0.00376","0.00494","19.75236"
"11.30000","0.37675","464.17844","-0.00367","0.00493","19.92481"
"11.40000","0.38004","467.65543","-0.00365","0.00501","20.07406"
"11.50000","0.38340","470.94449","-0.00366","0.00503","20.21525"
"11.60000","0.38684","474.80524","-0.00362","0.00511","20.38097"
"11.70000","0.39005","478.28186","-0.00355","0.00514","20.53020"
"11.80000","0.39334","481.14941","-0.00357","0.00526","20.65329"
"11.90000","0.39670","485.01996","-0.00355","0.00520","20.81944"
"12.00000","0.40007","489.14178","-0.00349","0.00508","20.99636"
"12.10000","0.40336","493.13446","-0.00348","0.00495","21.16775"
"12.20000","0.40679","495.69992","-0.00344","0.00501","21.27787"
"12.30000","0.41023","499.50140","-0.00348","0.00520","21.44105"
"12.40000","0.41337","503.65619","-0.00349","0.00527","21.61939"
"12.50000","0.41666","506.26804","-0.00345","0.00522","21.73151"
"12.60000","0.42010","509.59058","-0.00357","0.00532","21.87413"
"12.70000","0.42331","513.49176","-0.00350","0.00522","22.04158"
"12.80000","0.42667","516.70453","-0.00354","0.00530","22.17949"
"12.90000","0.43011","520.38416","-0.00346","0.00528","22.33744"
"13.00000","0.43340","523.93158","-0.00352","0.00537","22.48971"
"13.10000","0.43676","526.69830","-0.00349","0.00542","22.60847"
"13.20000","0.43998","530.23004","-0.00348","0.00534","22.76007"
"13.30000","0.44341","534.26776","-0.00347","0.00529","22.93339"
"13.40000","0.44663","536.91003","-0.00350","0.00523","23.04681"
"13.50000","0.45007","541.63251","-0.00345","0.00517","23.24952"
"13.60000","0.45358","544.67566","-0.00342","0.00520","23.38015"
"13.70000","0.45664","547.86072","-0.00336","0.00517","23.51687"
"13.80000","0.46008","551.57263","-0.00338","0.00512","23.67620"
"13.90000","0.46344","554.64868","-0.00334","0.00506","23.80824"
"14.00000","0.46658","559.12006","-0.00330","0.00506","24.00017"
"14.10000","0.47010","561.72205","-0.00327","0.00501","24.11186"
"14.20000","0.47346","565.08514","-0.00321","0.00501","24.25623"
"14.30000","0.47675","569.15637","-0.00322","0.00499","24.43098"
"14.40000","0.48011","572.12732","-0.00322","0.00497","24.55851"
"14.50000","0.48340","575.58881","-0.00310","0.00509","24.70709"
"14.60000","0.48676","578.90497","-0.00306","0.00504","24.84944"
"14.70000","0.48998","582.21655","-0.00303","0.00518","24.99159"
"14.80000","0.49334","585.68079","-0.00309","0.00522","25.14029"
"14.90000","0.49685","590.46545","-0.00304","0.00525","25.34567"
"15.00000","0.49999","592.85059","-0.00311","0.00537","25.44805"
"15.10000","0.50343","596.49457","-0.00301","0.00534","25.60447"
"15.20000","0.50687","599.47766","-0.00295","0.00507","25.73252"
"15.30000","0.50993","603.19489","-0.00300","0.00503","25.89208"
"15.40000","0.51337","606.33191","-0.00298","0.00514","26.02674"
"15.50000","0.51673","609.84918","-0.00293","0.00539","26.17772"
"15.60000","0.52002","613.25287","-0.00294","0.00539","26.32382"
"15.70000","0.52346","616.38684","-0.00290","0.00538","26.45835"
"15.80000","0.52682","619.58954","-0.00291","0.00542","26.59582"
"15.90000","0.53018","623.81384","-0.00295","0.00539","26.77715"
"16.00000","0.53332","626.27271","-0.00301","0.00545","26.88269"
"16.10000","0.53669","630.03705","-0.00300","0.00544","27.04428"
"16.20000","0.54012","633.58759","-0.00299","0.00552","27.19669"
"16.30000","0.54326","636.68646","-0.00298","0.00550","27.32970"
"16.40000","0.54678","640.29791","-0.00298","0.00540","27.48473"
"16.50000","0.55021","644.52832","-0.00293","0.00536","27.66632"
"16.60000","0.55328","647.36780","-0.00288","0.00534","27.78820"
"16.70000","0.55679","650.39221","-0.00290","0.00532","27.91802"
"16.80000","0.56008","653.88971","-0.00288","0.00525","28.06815"
"16.90000","0.56337","657.47064","-0.00284","0.00521","28.22186"
"17.00000","0.56673","659.82306","-0.00275","0.00520","28.32284"
"17.10000","0.57009","663.83685","-0.00270","0.00528","28.49513"
"17.20000","0.57346","666.74683","-0.00266","0.00517","28.62004"
"17.30000","0.57667","669.96149","-0.00267","0.00508","28.75803"
"17.40000","0.58003","673.72821","-0.00260","0.00511","28.91972"
"17.50000","0.58347","676.78400","-0.00259","0.00508","29.05089"
"17.60000","0.58654","678.87695","-0.00256","0.00512","29.14073"
"17.70000","0.59012","682.96674","-0.00254","0.00513","29.31628"
"17.80000","0.59349","685.93970","-0.00252","0.00517","29.44390"
"17.90000","0.59662","689.75671","-0.00252","0.00517","29.60774"
"18.00000","0.60021","692.31635","-0.00250","0.00535","29.71761"
"18.10000","0.60350","695.72266","-0.00251","0.00542","29.86383"
"18.20000","0.60664","698.81195","-0.00242","0.00516","29.99644"
"18.30000","0.61008","702.68518","-0.00247","0.00543","30.16269"
"18.40000","0.61337","705.25854","-0.00248","0.00539","30.27316"
"18.50000","0.61673","709.42212","-0.00241","0.00521","30.45188"
"18.60000","0.62002","712.04498","-0.00249","0.00519","30.56446"
"18.70000","0.62353","715.24139","-0.00246","0.00535","30.70167"
"18.80000","0.62682","718.41370","-0.00244","0.00544","30.83784"
"18.90000","0.62996","721.55939","-0.00248","0.00544","30.97287"
"19.00000","0.63340","724.84253","-0.00248","0.00551","31.11379"
"19.10000","0.63676","728.36798","-0.00245","0.00549","31.26513"
"19.20000","0.63990","731.10687","-0.00246","0.00550","31.38269"
"19.30000","0.64356","734.59723","-0.00244","0.00552","31.53251"
"19.40000","0.64685","737.61432","-0.00241","0.00559","31.66202"
"19.50000","0.64999","741.46991","-0.00234","0.00563","31.82752"
"19.60000","0.65335","744.25531","-0.00235","0.00555","31.94709"
"19.70000","0.65664","746.92590","-0.00241","0.00546","32.06172"
"19.80000","0.66000","750.26569","-0.00227","0.00539","32.20508"
"19.90000","0.66329","753.70435","-0.00229","0.00539","32.35268"
"20.00000","0.66680","756.91461","-0.00223","0.00538","32.49049"
"20.10000","0.67009","760.19482","-0.00221","0.00533","32.63129"
"20.20000","0.67330","762.89478","-0.00215","0.00529","32.74718"
"20.30000","0.67674","765.51123","-0.00211","0.00528","32.85950"
"20.40000","0.68011","770.30249","-0.00211","0.00519","33.06516"
"20.50000","0.68332","772.95911","-0.00209","0.00518","33.17920"
"20.60000","0.68676","775.20966","-0.00213","0.00521","33.27580"
"20.70000","0.69020","779.23712","-0.00213","0.00523","33.44868"
"20.80000","0.69341","782.31891","-0.00200","0.00519","33.58096"
"20.90000","0.69677","785.95074","-0.00201","0.00527","33.73686"
"21.00000","0.70014","788.58685","-0.00200","0.00527","33.85001"
"21.10000","0.70335","791.21942","-0.00199","0.00526","33.96302"
"21.20000","0.70671","794.27039","-0.00195","0.00528","34.09398"
"21.30000","0.71008","798.36798","-0.00197","0.00551","34.26987"
"21.40000","0.71336","801.18671","-0.00192","0.00559","34.39086"
"21.50000","0.71665","804.78491","-0.00194","0.00558","34.54531"
"21.60000","0.72016","807.71326","-0.00189","0.00548","34.67101"
"21.70000","0.72338","811.57385","-0.00188","0.00543","34.83673"
"21.80000","0.72667","815.22876","-0.00196","0.00540","34.99361"
"21.90000","0.73003","817.30988","-0.00191","0.00534","35.08295"
"22.00000","0.73339","820.47461","-0.00197","0.00557","35.21879"
"22.10000","0.73668","824.17010","-0.00193","0.00560","35.37742"
"22.20000","0.74004","827.17834","-0.00195","0.00561","35.50655"
"22.30000","0.74356","829.87781","-0.00189","0.00557","35.62243"
"22.40000","0.74662","833.21643","-0.00187","0.00565","35.76574"
"22.50000","0.74998","836.02069","-0.00188","0.00562","35.88611"
"22.60000","0.75342","839.30322","-0.00186","0.00567","36.02701"
"22.70000","0.75664","842.29291","-0.00175","0.00564","36.15534"
"22.80000","0.76007","844.80176","-0.00170","0.00555","36.26303"
"22.90000","0.76351","849.04974","-0.00170","0.00552","36.44538"
"23.00000","0.76680","851.49493","-0.00172","0.00552","36.55034"
"23.10000","0.77009","855.19562","-0.00167","0.00545","36.70919"
"23.20000","0.77338","858.16339","-0.00170","0.00545","36.83658"
"23.30000","0.77674","861.27148","-0.00162","0.00542","36.96999"
"23.40000","0.78003","864.54321","-0.00160","0.00541","37.11043"
"23.50000","0.78332","867.77222","-0.00157","0.00537","37.24904"
"23.60000","0.78690","870.72803","-0.00157","0.00531","37.37592"
"23.70000","0.78997","874.15808","-0.00156","0.00531","37.52315"
"23.80000","0.79341","876.72229","-0.00157","0.00526","37.63322"
"23.90000","0.79684","880.05011","-0.00149","0.00535","37.77607"
"24.00000","0.79998","882.95300","-0.00146","0.00528","37.90067"
"24.10000","0.80335","885.56573","-0.00145","0.00540","38.01283"
"24.20000","0.80678","889.29852","-0.00146","0.00538","38.17305"
"24.30000","0.81007","891.60736","-0.00144","0.00534","38.27216"
"24.40000","0.81344","894.88745","-0.00145","0.00543","38.41296"
"24.50000","0.81680","898.16907","-0.00142","0.00555","38.55382"
"24.60000","0.82009","901.08478","-0.00145","0.00532","38.67898"
"24.70000","0.82330","903.33887","-0.00143","0.00553","38.77573"
"24.80000","0.82666","906.45581","-0.00134","0.00545","38.90953"
"24.90000","0.83018","910.89600","-0.00140","0.00535","39.10012"
"25.00000","0.83332","913.06036","-0.00140","0.00549","39.19303"
"25.10000","0.83675","916.02185","-0.00140","0.00557","39.32015"
"25.20000","0.84027","918.95599","-0.00139","0.00562","39.44610"
"25.30000","0.84333","921.98804","-0.00134","0.00563","39.57625"
"25.40000","0.84677","924.35779","-0.00133","0.00571","39.67797"
"25.50000","0.85006","927.31268","-0.00131","0.00570","39.80481"
"25.60000","0.85342","930.78119","-0.00127","0.00570","39.95369"
"25.70000","0.85671","933.68030","-0.00131","0.00576","40.07814"
"25.80000","0.86007","937.73010","-0.00124","0.00574","40.25197"
"25.90000","0.86351","939.62994","-0.00124","0.00579","40.33352"
"26.00000","0.86665","942.54834","-0.00119","0.00561","40.45880"
"26.10000","0.87001","945.91870","-0.00112","0.00563","40.60347"
"26.20000","0.87345","949.27985","-0.00109","0.00558","40.74775"
"26.30000","0.87659","951.42426","-0.00111","0.00557","40.83979"
"26.40000","0.88010","955.13257","-0.00110","0.00554","40.99897"
"26.50000","0.88354","957.60498","-0.00110","0.00553","41.10510"
"26.60000","0.88668","960.48676","-0.00106","0.00549","41.22880"
"26.70000","0.89012","963.58081","-0.00098","0.00545","41.36161"
"26.80000","0.89340","966.16846","-0.00101","0.00544","41.47269"
"26.90000","0.89669","969.14532","-0.00098","0.00541","41.60047"
"27.00000","0.90006","972.55212","-0.00098","0.00535","41.74670"
"27.10000","0.90342","976.23645","-0.00098","0.00543","41.90485"
"27.20000","0.90678","978.52258","-0.00098","0.00543","42.00299"
"27.30000","0.91000","981.38971","-0.00092","0.00544","42.12606"
"27.40000","0.91351","984.01324","-0.00090","0.00550","42.23867"
"27.50000","0.91680","987.39435","-0.00089","0.00543","42.38381"
"27.60000","0.91994","990.33124","-0.00088","0.00551","42.50987"
"27.70000","0.92345","992.88831","-0.00088","0.00562","42.61963"
"27.80000","0.92681","996.45911","-0.00087","0.00568","42.77291"
"27.90000","0.92995","999.06830","-0.00089","0.00540","42.88491"
"28.00000","0.93354","1,002.55792","-0.00091","0.00545","43.03470"
"28.10000","0.93683","1,005.57281","-0.00090","0.00543","43.16412"
"28.20000","0.93997","1,008.50787","-0.00087","0.00559","43.29010"
"28.30000","0.94340","1,010.96118","-0.00082","0.00574","43.39541"
"28.40000","0.94669","1,013.70502","-0.00084","0.00579","43.51319"
"28.50000","0.95006","1,016.43799","-0.00081","0.00580","43.63050"
"28.60000","0.95334","1,020.38348","-0.00075","0.00574","43.79986"
"28.70000","0.95678","1,022.36298","-0.00069","0.00583","43.88483"
"28.80000","0.96014","1,025.90320","-0.00066","0.00585","44.03680"
"28.90000","0.96328","1,028.18445","-0.00061","0.00587","44.13472"
"29.00000","0.96672","1,031.44092","-0.00069","0.00588","44.27450"
"29.10000","0.97008","1,034.73621","-0.00065","0.00588","44.41595"
"29.20000","0.97330","1,037.28552","-0.00060","0.00576","44.52538"
"29.30000","0.97681","1,040.19238","-0.00060","0.00570","44.65016"
"29.40000","0.98017","1,042.53894","-0.00057","0.00574","44.75088"
"29.50000","0.98339","1,046.67236","-0.00054","0.00561","44.92831"
"29.60000","0.98675","1,048.97803","-0.00050","0.00562","45.02728"
"29.70000","0.99004","1,051.91248","-0.00052","0.00566","45.15324"
"29.80000","0.99333","1,055.55957","-0.00050","0.00560","45.30979"
"29.90000","0.99669","1,057.94299","-0.00048","0.00560","45.41210"
"30.00000","1.00013","1,061.03857","-0.00043","0.00557","45.54498"
"30.10000","1.00349","1,063.94263","-0.00043","0.00555","45.66964"
"30.20000","1.00671","1,066.72180","-0.00042","0.00550","45.78893"
"30.30000","1.01007","1,068.98877","-0.00042","0.00550","45.88624"
"30.40000","1.01336","1,072.31628","-0.00042","0.00555","46.02907"
"30.50000","1.01657","1,075.35229","-0.00043","0.00551","46.15939"
"30.60000","1.02008","1,078.07324","-0.00040","0.00558","46.27619"
"30.70000","1.02345","1,081.03198","-0.00039","0.00557","46.40319"
"30.80000","1.02666","1,083.43030","-0.00036","0.00559","46.50614"
"30.90000","1.03010","1,086.47180","-0.00038","0.00564","46.63670"
"31.00000","1.03346","1,089.15320","-0.00040","0.00562","46.75180"
"31.10000","1.03668","1,091.77515","-0.00039","0.00544","46.86434"
"31.20000","1.03996","1,094.63599","-0.00039","0.00551","46.98714"
"31.30000","1.04348","1,097.96460","-0.00030","0.00551","47.13002"
"31.40000","1.04676","1,100.93396","-0.00028","0.00573","47.25748"
"31.50000","1.05005","1,103.18921","-0.00030","0.00577","47.35429"
"31.60000","1.05349","1,106.29065","-0.00022","0.00593","47.48742"
"31.70000","1.05685","1,109.30066","-0.00022","0.00588","47.61662"
"31.80000","1.05999","1,112.53687","-0.00013","0.00591","47.75554"
"31.90000","1.06343","1,115.57593","-0.00015","0.00595","47.88599"
"32.00000","1.06679","1,118.27502","-0.00010","0.00587","48.00185"
"32.10000","1.07001","1,120.87500","-0.00005","0.00599","48.11345"
"32.20000","1.07337","1,123.11121","-0.00002","0.00598","48.20944"
"32.30000","1.07681","1,126.49097","-0.00003","0.00599","48.35452"
"32.40000","1.08002","1,129.78699","0.00000","0.00590","48.49600"
"32.50000","1.08331","1,132.03638","-0.00002","0.00579","48.59255"
"32.60000","1.08675","1,134.65637","0.00002","0.00577","48.70501"
"32.70000","1.08996","1,137.98474","0.00005","0.00574","48.84789"
"32.80000","1.09333","1,140.71167","0.00008","0.00573","48.96494"
"32.90000","1.09676","1,143.55371","0.00009","0.00575","49.08693"
"33.00000","1.10013","1,146.46301","0.00009","0.00570","49.21181"
"33.10000","1.10334","1,149.12671","0.00007","0.00566","49.32615"
"33.20000","1.10670","1,151.54065","0.00010","0.00565","49.42977"
"33.30000","1.11007","1,154.79114","0.00011","0.00558","49.56930"
"33.40000","1.11328","1,158.00256","0.00016","0.00564","49.70715"
"33.50000","1.11672","1,160.57422","0.00015","0.00561","49.81754"
"33.60000","1.12023","1,163.43433","0.00009","0.00567","49.94030"
"33.70000","1.12337","1,166.56482","0.00014","0.00572","50.07468"
"33.80000","1.12681","1,169.48938","0.00010","0.00567","50.20022"
"33.90000","1.13025","1,172.35193","0.00009","0.00567","50.32309"
"34.00000","1.13324","1,174.73181","0.00010","0.00570","50.42525"
"34.10000","1.13667","1,177.76978","0.00011","0.00580","50.55565"
"34.20000","1.14011","1,180.29614","0.00017","0.00553","50.66410"
"34.30000","1.14340","1,183.57275","0.00012","0.00556","50.80474"
"34.40000","1.14676","1,185.93286","0.00021","0.00565","50.90605"
"34.50000","1.15013","1,189.18152","0.00025","0.00565","51.04550"
"34.60000","1.15356","1,192.27563","0.00028","0.00582","51.17831"
"34.70000","1.15663","1,194.34399","0.00030","0.00597","51.26710"
"34.80000","1.15999","1,197.37024","0.00037","0.00599","51.39700"
"34.90000","1.16350","1,200.26196","0.00042","0.00606","51.52113"
"35.00000","1.16664","1,202.74475","0.00039","0.00601","51.62770"
"35.10000","1.17008","1,206.19800","0.00042","0.00605","51.77593"
"35.20000","1.17352","1,208.81604","0.00046","0.00609","51.88831"
"35.30000","1.17666","1,212.68372","0.00048","0.00611","52.05433"
"35.40000","1.18010","1,214.50635","0.00048","0.00615","52.13257"
"35.50000","1.18338","1,217.38464","0.00052","0.00613","52.25612"
"35.60000","1.18667","1,219.64929","0.00055","0.00602","52.35333"
"35.70000","1.19004","1,223.79004","0.00069","0.00598","52.53107"
"35.80000","1.19340","1,226.12817","0.00061","0.00588","52.63143"
"35.90000","1.19684","1,229.25806","0.00060","0.00586","52.76578"
"36.00000","1.20005","1,231.77551","0.00061","0.00588","52.87384"
"36.10000","1.20341","1,233.82544","0.00064","0.00577","52.96184"
"36.20000","1.20678","1,237.24597","0.00066","0.00574","53.10866"
"36.30000","1.20992","1,239.53052","0.00068","0.00579","53.20673"
"36.40000","1.21343","1,242.97937","0.00069","0.00575","53.35477"
"36.50000","1.21687","1,245.37622","0.00074","0.00569","53.45765"
"36.60000","1.21993","1,248.07385","0.00068","0.00567","53.57345"
"36.70000","1.22352","1,250.84766","0.00069","0.00572","53.69251"
"36.80000","1.22673","1,254.12817","0.00074","0.00576","53.83333"
"36.90000","1.22994","1,256.15540","0.00063","0.00571","53.92035"
"37.00000","1.23338","1,260.01880","0.00062","0.00573","54.08619"
"37.10000","1.23675","1,262.06372","0.00067","0.00574","54.17396"
"37.20000","1.24018","1,264.92432","0.00063","0.00582","54.29675"
"37.30000","1.24340","1,267.88733","0.00070","0.00579","54.42394"
"37.40000","1.24676","1,269.79663","0.00074","0.00553","54.50590"
"37.50000","1.25012","1,273.35986","0.00076","0.00568","54.65885"
"37.60000","1.25326","1,275.94153","0.00072","0.00570","54.76966"
"37.70000","1.25670","1,278.13367","0.00088","0.00588","54.86376"
"37.80000","1.26006","1,282.05322","0.00087","0.00602","55.03201"
"37.90000","1.26328","1,283.96582","0.00090","0.00602","55.11411"
"38.00000","1.26687","1,286.44946","0.00094","0.00603","55.22072"
"38.10000","1.27015","1,288.77527","0.00096","0.00605","55.32055"
"38.20000","1.27337","1,292.70288","0.00098","0.00612","55.48915"
"38.30000","1.27673","1,294.87988","0.00101","0.00612","55.58259"
"38.40000","1.28002","1,297.46497","0.00101","0.00614","55.69356"
"38.50000","1.28338","1,300.96448","0.00102","0.00616","55.84377"
"38.60000","1.28667","1,303.67908","0.00109","0.00625","55.96030"
"38.70000","1.29011","1,305.69897","0.00106","0.00610","56.04700"
"38.80000","1.29347","1,309.26758","0.00109","0.00604","56.20018"
"38.90000","1.29661","1,310.96899","0.00107","0.00597","56.27322"
"39.00000","1.30005","1,314.58594","0.00113","0.00600","56.42847"
"39.10000","1.30341","1,317.36877","0.00117","0.00598","56.54793"
"39.20000","1.30663","1,319.42041","0.00119","0.00592","56.63599"
"39.30000","1.31006","1,322.08459","0.00121","0.00592","56.75035"
"39.40000","1.31343","1,324.63049","0.00121","0.00591","56.85963"
"39.50000","1.31679","1,327.55640","0.00126","0.00582","56.98523"
"39.60000","1.32008","1,329.98474","0.00121","0.00589","57.08947"
"39.70000","1.32344","1,332.89868","0.00127","0.00579","57.21455"
"39.80000","1.32673","1,336.06616","0.00127","0.00578","57.35051"
"39.90000","1.32994","1,338.34412","0.00116","0.00579","57.44829"
"40.00000","1.33338","1,340.69226","0.00117","0.00582","57.54908"
"40.10000","1.33682","1,343.52356","0.00117","0.00582","57.67062"
"40.20000","1.34003","1,346.48450","0.00119","0.00580","57.79772"
"40.30000","1.34347","1,349.50806","0.00123","0.00587","57.92750"
"40.40000","1.34676","1,352.50208","0.00131","0.00592","58.05602"
"40.50000","1.34997","1,354.21008","0.00129","0.00569","58.12934"
"40.60000","1.35341","1,357.59705","0.00132","0.00569","58.27472"
"40.70000","1.35677","1,360.42090","0.00141","0.00565","58.39594"
"40.80000","1.36006","1,362.55017","0.00142","0.00575","58.48734"
"40.90000","1.36343","1,366.28687","0.00140","0.00597","58.64773"
"41.00000","1.36686","1,369.25757","0.00143","0.00610","58.77525"
"41.10000","1.37000","1,370.73718","0.00149","0.00609","58.83876"
"41.20000","1.37329","1,374.07861","0.00152","0.00614","58.98219"
"41.30000","1.37673","1,376.29419","0.00150","0.00616","59.07729"
"41.40000","1.38002","1,379.50500","0.00152","0.00619","59.21512"
"41.50000","1.38331","1,382.05994","0.00153","0.00620","59.32479"
"41.60000","1.38682","1,385.33240","0.00154","0.00626","59.46526"
"41.70000","1.39018","1,387.29297","0.00162","0.00625","59.54942"
"41.80000","1.39332","1,389.81189","0.00159","0.00629","59.65754"
"41.90000","1.39676","1,392.89307","0.00163","0.00625","59.78980"
"42.00000","1.40005","1,395.09741","0.00167","0.00616","59.88442"
"42.10000","1.40326","1,397.79883","0.00165","0.00607","60.00038"
"42.20000","1.40677","1,400.80884","0.00170","0.00605","60.12958"
"42.30000","1.41021","1,404.41528","0.00181","0.00601","60.28439"
"42.40000","1.41342","1,406.74976","0.00173","0.00599","60.38460"
"42.50000","1.41671","1,409.32593","0.00171","0.00595","60.49518"
"42.60000","1.42015","1,412.39832","0.00175","0.00594","60.62706"
"42.70000","1.42336","1,415.28540","0.00176","0.00586","60.75099"
"42.80000","1.42665","1,417.67517","0.00170","0.00586","60.85357"
"42.90000","1.43009","1,419.98828","0.00166","0.00589","60.95286"
"43.00000","1.43353","1,423.16736","0.00171","0.00587","61.08932"
"43.10000","1.43674","1,425.27283","0.00169","0.00591","61.17970"
"43.20000","1.44011","1,428.41333","0.00177","0.00586","61.31450"
"43.30000","1.44354","1,431.60901","0.00182","0.00584","61.45168"
"43.40000","1.44661","1,434.01831","0.00186","0.00588","61.55510"
"43.50000","1.44997","1,436.58691","0.00187","0.00590","61.66535"
"43.60000","1.45348","1,440.32471","0.00190","0.00593","61.82580"
"43.70000","1.45662","1,442.66248","0.00193","0.00566","61.92615"
"43.80000","1.46006","1,444.72986","0.00193","0.00562","62.01489"
"43.90000","1.46350","1,448.01855","0.00193","0.00576","62.15606"
"44.00000","1.46664","1,450.12683","0.00200","0.00590","62.24655"
"44.10000","1.47000","1,452.94775","0.00200","0.00584","62.36764"
"44.20000","1.47344","1,455.48450","0.00196","0.00612","62.47653"
"44.30000","1.47673","1,457.92090","0.00202","0.00621","62.58111"
"44.40000","1.48001","1,461.16394","0.00202","0.00620","62.72032"
"44.50000","1.48345","1,463.30981","0.00208","0.00620","62.81243"
"44.60000","1.48689","1,466.42761","0.00209","0.00633","62.94626"
"44.70000","1.48995","1,469.61719","0.00207","0.00636","63.08318"
"44.80000","1.49339","1,472.15771","0.00211","0.00639","63.19223"
"44.90000","1.49683","1,474.83875","0.00217","0.00636","63.30731"
"45.00000","1.49997","1,478.06372","0.00212","0.00636","63.44574"
"45.10000","1.50348","1,479.96729","0.00217","0.00629","63.52745"
"45.20000","1.50685","1,483.15674","0.00219","0.00621","63.66436"
"45.30000","1.50998","1,485.77661","0.00223","0.00618","63.77682"
"45.40000","1.51342","1,487.92102","0.00225","0.00609","63.86887"
"45.50000","1.51671","1,490.86804","0.00225","0.00611","63.99537"
"45.60000","1.52000","1,493.96460","0.00228","0.00604","64.12829"
"45.70000","1.52336","1,496.53186","0.00226","0.00612","64.23849"
"45.80000","1.52673","1,499.53625","0.00220","0.00603","64.36745"
"45.90000","1.53016","1,502.08679","0.00226","0.00598","64.47693"
"46.00000","1.53338","1,504.10864","0.00231","0.00604","64.56372"
"46.10000","1.53674","1,507.21887","0.00231","0.00603","64.69723"
"46.20000","1.54010","1,509.24841","0.00233","0.00601","64.78434"
"46.30000","1.54324","1,511.99988","0.00238","0.00600","64.90245"
"46.40000","1.54675","1,514.91187","0.00235","0.00597","65.02744"
"46.50000","1.55019","1,517.05176","0.00241","0.00601","65.11930"
"46.60000","1.55333","1,520.25525","0.00244","0.00597","65.25681"
"46.70000","1.55684","1,522.64465","0.00241","0.00596","65.35938"
"46.80000","1.56013","1,526.19714","0.00244","0.00603","65.51186"
"46.90000","1.56335","1,528.44836","0.00259","0.00569","65.60850"
"47.00000","1.56671","1,530.90173","0.00250","0.00570","65.71381"
"47.10000","1.57000","1,533.84241","0.00255","0.00574","65.84003"
"47.20000","1.57344","1,536.19690","0.00253","0.00587","65.94110"
"47.30000","1.57665","1,538.26611","0.00256","0.00600","66.02992"
"47.40000","1.58009","1,541.33203","0.00253","0.00631","66.16153"
"47.50000","1.58353","1,544.61121","0.00264","0.00632","66.30228"
"47.60000","1.58659","1,546.18555","0.00265","0.00625","66.36987"
"47.70000","1.59010","1,548.76538","0.00260","0.00638","66.48061"
"47.80000","1.59347","1,551.79346","0.00271","0.00639","66.61058"
"47.90000","1.59668","1,554.06641","0.00261","0.00645","66.70815"
"48.00000","1.60019","1,557.10254","0.00272","0.00649","66.83848"
"48.10000","1.60341","1,559.95679","0.00272","0.00649","66.96099"
"48.20000","1.60677","1,562.64978","0.00271","0.00648","67.07659"
"48.30000","1.61006","1,564.66809","0.00271","0.00644","67.16322"
"48.40000","1.61335","1,567.67334","0.00271","0.00634","67.29223"
"48.50000","1.61671","1,570.26184","0.00269","0.00632","67.40334"
"48.60000","1.61992","1,572.95337","0.00272","0.00620","67.51887"
"48.70000","1.62343","1,575.86279","0.00269","0.00628","67.64376"
"48.80000","1.62680","1,578.26062","0.00277","0.00623","67.74668"
"48.90000","1.63001","1,580.11914","0.00277","0.00617","67.82646"
"49.00000","1.63345","1,583.05359","0.00273","0.00619","67.95242"
"49.10000","1.63681","1,586.77197","0.00280","0.00609","68.11203"
"49.20000","1.63995","1,589.09558","0.00281","0.00612","68.21178"
"49.30000","1.64346","1,591.47827","0.00283","0.00608","68.31405"
"49.40000","1.64683","1,594.31494","0.00290","0.00611","68.43581"
"49.50000","1.65012","1,596.14807","0.00294","0.00610","68.51450"
"49.60000","1.65340","1,599.37585","0.00295","0.00607","68.65305"
"49.70000","1.65669","1,601.72046","0.00300","0.00608","68.75369"
"49.80000","1.66006","1,604.40723","0.00301","0.00608","68.86903"
"49.90000","1.66327","1,607.44836","0.00313","0.00588","68.99957"
"50.00000","1.66678","1,609.24438","0.00302","0.00599","69.07666"
"50.10000","1.67015","1,612.21423","0.00302","0.00613","69.20414"
"50.20000","1.67328","1,614.76868","0.00302","0.00588","69.31379"
"50.30000","1.67680","1,617.43384","0.00310","0.00585","69.42819"
"50.40000","1.68016","1,620.31299","0.00322","0.00581","69.55178"
"50.50000","1.68330","1,622.41980","0.00312","0.00606","69.64221"
"50.60000","1.68674","1,624.95374","0.00307","0.00635","69.75098"
"50.70000","1.69010","1,628.03442","0.00317","0.00631","69.88322"
"50.80000","1.69331","1,630.28113","0.00320","0.00635","69.97966"
"50.90000","1.69675","1,633.46472","0.00318","0.00644","70.11632"
"51.00000","1.70019","1,635.78076","0.00320","0.00648","70.21573"
"51.10000","1.70340","1,638.85840","0.00319","0.00649","70.34784"
"51.20000","1.70669","1,641.41040","0.00334","0.00655","70.45738"
"51.30000","1.71013","1,644.12146","0.00327","0.00660","70.57375"
"51.40000","1.71342","1,646.55042","0.00322","0.00662","70.67802"
"51.50000","1.71671","1,649.68347","0.00327","0.00654","70.81250"
"51.60000","1.72014","1,652.40991","0.00326","0.00648","70.92953"
"51.70000","1.72351","1,655.00122","0.00325","0.00639","71.04076"
"51.80000","1.72665","1,656.91675","0.00319","0.00633","71.12299"
"51.90000","1.73001","1,659.78906","0.00323","0.00632","71.24628"
"52.00000","1.73337","1,662.44824","0.00320","0.00628","71.36043"
"52.10000","1.73659","1,665.32251","0.00324","0.00626","71.48381"
"52.20000","1.74002","1,668.34851","0.00325","0.00626","71.61370"
"52.30000","1.74354","1,671.12073","0.00336","0.00626","71.73270"
"52.40000","1.74668","1,673.07629","0.00333","0.00625","71.81664"
"52.50000","1.75004","1,675.97327","0.00338","0.00623","71.94099"
"52.60000","1.75348","1,678.74414","0.00347","0.00622","72.05993"
"52.70000","1.75669","1,680.94507","0.00349","0.00618","72.15440"
"52.80000","1.75998","1,683.37268","0.00361","0.00613","72.25861"
"52.90000","1.76342","1,686.93921","0.00354","0.00624","72.41171"
"53.00000","1.76678","1,689.50854","0.00362","0.00621","72.52199"
"53.10000","1.77014","1,691.06372","0.00362","0.00611","72.58875"
"53.20000","1.77351","1,694.19092","0.00357","0.00626","72.72298"
"53.30000","1.77687","1,696.73596","0.00368","0.00596","72.83223"
"53.40000","1.77993","1,699.17871","0.00368","0.00592","72.93708"
"53.50000","1.78337","1,701.81714","0.00374","0.00590","73.05034"
"53.60000","1.78688","1,704.76050","0.00367","0.00600","73.17668"
"53.70000","1.78995","1,707.33411","0.00366","0.00598","73.28715"
"53.80000","1.79346","1,710.12341","0.00370","0.00643","73.40688"
"53.90000","1.79690","1,712.59009","0.00379","0.00649","73.51276"
"54.00000","1.79996","1,714.71179","0.00377","0.00648","73.60384"
"54.10000","1.80340","1,717.37988","0.00375","0.00656","73.71836"
"54.20000","1.80669","1,719.53979","0.00376","0.00652","73.81108"
"54.30000","1.81005","1,722.99048","0.00375","0.00662","73.95920"
"54.40000","1.81334","1,725.70886","0.00381","0.00659","74.07588"
"54.50000","1.81678","1,727.65381","0.00376","0.00669","74.15937"
"54.60000","1.82022","1,731.15112","0.00377","0.00668","74.30949"
"54.70000","1.82328","1,733.12329","0.00370","0.00659","74.39415"
"54.80000","1.82672","1,735.03345","0.00372","0.00662","74.47614"
"54.90000","1.83008","1,738.93066","0.00374","0.00644","74.64343"
"55.00000","1.83322","1,741.25623","0.00375","0.00647","74.74326"
"55.10000","1.83681","1,743.22998","0.00372","0.00647","74.82798"
"55.20000","1.84025","1,746.65112","0.00377","0.00638","74.97483"
"55.30000","1.84339","1,749.03381","0.00381","0.00633","75.07711"
"55.40000","1.84682","1,751.70300","0.00380","0.00640","75.19168"
"55.50000","1.85004","1,753.70947","0.00387","0.00631","75.27781"
"55.60000","1.85333","1,756.26746","0.00394","0.00629","75.38761"
"55.70000","1.85669","1,758.83142","0.00391","0.00634","75.49767"
"55.80000","1.86005","1,761.55908","0.00400","0.00637","75.61475"
"55.90000","1.86349","1,763.62744","0.00402","0.00630","75.70354"
"56.00000","1.86670","1,766.34119","0.00404","0.00637","75.82002"
"56.10000","1.87014","1,770.26147","0.00408","0.00630","75.98830"
"56.20000","1.87350","1,772.10754","0.00410","0.00630","76.06754"
"56.30000","1.87657","1,774.18176","0.00407","0.00629","76.15658"
"56.40000","1.88008","1,776.74243","0.00415","0.00629","76.26649"
"56.50000","1.88344","1,779.15320","0.00427","0.00599","76.36998"
"56.60000","1.88666","1,782.15369","0.00419","0.00606","76.49877"
"56.70000","1.89017","1,784.57812","0.00419","0.00620","76.60284"
"56.80000","1.89346","1,786.82715","0.00431","0.00601","76.69938"
"56.90000","1.89667","1,789.35486","0.00431","0.00616","76.80788"
"57.00000","1.89996","1,792.30444","0.00433","0.00643","76.93449"
"57.10000","1.90332","1,795.35388","0.00426","0.00657","77.06539"
"57.20000","1.90676","1,797.57007","0.00432","0.00651","77.16052"
"57.30000","1.90998","1,800.10498","0.00433","0.00658","77.26933"
"57.40000","1.91349","1,803.01660","0.00428","0.00660","77.39431"
"57.50000","1.91693","1,804.75806","0.00433","0.00677","77.46906"
"57.60000","1.91992","1,808.17676","0.00432","0.00669","77.61581"
"57.70000","1.92343","1,810.20642","0.00429","0.00674","77.70293"
"57.80000","1.92679","1,812.58044","0.00426","0.00676","77.80484"
"57.90000","1.93001","1,815.30176","0.00432","0.00675","77.92165"
"58.00000","1.93344","1,817.70471","0.00430","0.00667","78.02480"
"58.10000","1.93681","1,820.38416","0.00430","0.00660","78.13982"
"58.20000","1.94010","1,822.46729","0.00435","0.00659","78.22923"
"58.30000","1.94338","1,825.45898","0.00431","0.00651","78.35765"
"58.40000","1.94667","1,828.27466","0.00434","0.00657","78.47852"
"58.50000","1.95004","1,830.63928","0.00439","0.00652","78.58002"
"58.60000","1.95325","1,833.19934","0.00441","0.00650","78.68990"
"58.70000","1.95676","1,835.38623","0.00446","0.00644","78.78378"
"58.80000","1.96020","1,837.87830","0.00443","0.00652","78.89075"
"58.90000","1.96334","1,840.77698","0.00451","0.00642","79.01517"
"59.00000","1.96678","1,843.66504","0.00456","0.00645","79.13914"
"59.10000","1.97014","1,845.75891","0.00461","0.00641","79.22902"
"59.20000","1.97328","1,847.58191","0.00459","0.00639","79.30727"
"59.30000","1.97672","1,850.67249","0.00460","0.00650","79.43993"
"59.40000","1.98008","1,853.35303","0.00461","0.00639","79.55500"
"59.50000","1.98344","1,856.05359","0.00478","0.00611","79.67092"
"59.60000","1.98673","1,857.77002","0.00463","0.00638","79.74460"
"59.70000","1.99017","1,860.75330","0.00470","0.00634","79.87266"
"59.80000","1.99338","1,863.86169","0.00483","0.00605","80.00608"
"59.90000","1.99660","1,865.98706","0.00482","0.00615","80.09731"
"60.00000","2.00003","1,868.54456","0.00476","0.00615","80.20709"
"60.10000","2.00347","1,870.86877","0.00484","0.00614","80.30686"
"60.20000","2.00669","1,872.98865","0.00480","0.00635","80.39786"
"60.30000","2.01020","1,875.65588","0.00481","0.00648","80.51234"
"60.40000","2.01349","1,878.94910","0.00485","0.00663","80.65371"
"60.50000","2.01663","1,880.89502","0.00496","0.00672","80.73724"
"60.60000","2.02006","1,882.99756","0.00481","0.00671","80.82748"
"60.70000","2.02335","1,885.50317","0.00483","0.00677","80.93504"
"60.80000","2.02664","1,887.73987","0.00474","0.00686","81.03105"
"60.90000","2.03000","1,890.50415","0.00481","0.00687","81.14970"
"61.00000","2.03352","1,893.33630","0.00487","0.00687","81.27128"
"61.10000","2.03666","1,895.78662","0.00482","0.00693","81.37646"
"61.20000","2.04002","1,898.55176","0.00482","0.00675","81.49515"
"61.30000","2.04346","1,899.92651","0.00484","0.00667","81.55416"
"61.40000","2.04667","1,902.26245","0.00488","0.00668","81.65443"
"61.50000","2.04996","1,905.60034","0.00485","0.00664","81.79771"
"61.60000","2.05347","1,908.39355","0.00497","0.00657","81.91761"
"61.70000","2.05683","1,910.26550","0.00497","0.00658","81.99796"
"61.80000","2.06005","1,912.85535","0.00499","0.00654","82.10913"
"61.90000","2.06341","1,915.45239","0.00505","0.00656","82.22061"
"62.00000","2.06685","1,917.76477","0.00502","0.00656","82.31987"
"62.10000","2.06999","1,919.96582","0.00508","0.00647","82.41434"
"62.20000","2.07343","1,922.55847","0.00509","0.00650","82.52563"
"62.30000","2.07686","1,924.94714","0.00505","0.00651","82.62817"
"62.40000","2.08008","1,927.55688","0.00514","0.00659","82.74019"
"62.50000","2.08344","1,930.11072","0.00507","0.00647","82.84982"
"62.60000","2.08688","1,932.91699","0.00513","0.00643","82.97028"
"62.70000","2.08994","1,935.28101","0.00520","0.00637","83.07175"
"62.80000","2.09331","1,936.94910","0.00519","0.00620","83.14335"
"62.90000","2.09674","1,939.48889","0.00530","0.00620","83.25237"
"63.00000","2.10011","1,942.09436","0.00533","0.00621","83.36421"
"63.10000","2.10339","1,944.89807","0.00526","0.00623","83.48456"
"63.20000","2.10676","1,947.51672","0.00529","0.00619","83.59697"
"63.30000","2.11020","1,949.70410","0.00533","0.00622","83.69086"
"63.40000","2.11326","1,952.07410","0.00532","0.00644","83.79259"
"63.50000","2.11670","1,954.98840","0.00535","0.00668","83.91769"
"63.60000","2.12006","1,957.04553","0.00538","0.00677","84.00599"
"63.70000","2.12328","1,958.89355","0.00531","0.00677","84.08531"
"63.80000","2.12679","1,960.83167","0.00531","0.00679","84.16851"
"63.90000","2.13023","1,964.07678","0.00536","0.00687","84.30781"
"64.00000","2.13336","1,966.43616","0.00534","0.00692","84.40908"
"64.10000","2.13673","1,968.60278","0.00531","0.00692","84.50208"
"64.20000","2.14002","1,971.67419","0.00532","0.00700","84.63393"
"64.30000","2.14338","1,973.90320","0.00539","0.00705","84.72961"
"64.40000","2.14667","1,975.67566","0.00537","0.00687","84.80569"
"64.50000","2.15003","1,978.96436","0.00543","0.00679","84.94685"
"64.60000","2.15354","1,981.20508","0.00547","0.00679","85.04304"
"64.70000","2.15668","1,984.24854","0.00546","0.00671","85.17368"
"64.80000","2.16005","1,985.50671","0.00549","0.00669","85.22768"
"64.90000","2.16341","1,988.81677","0.00558","0.00665","85.36977"
"65.00000","2.16662","1,990.73950","0.00555","0.00664","85.45230"
"65.10000","2.17014","1,993.49536","0.00563","0.00663","85.57059"
"65.20000","2.17350","1,996.77441","0.00561","0.00662","85.71135"
"65.30000","2.17671","1,998.25879","0.00571","0.00655","85.77506"
"65.40000","2.18015","2,000.52112","0.00564","0.00658","85.87218"
"65.50000","2.18336","2,003.57007","0.00566","0.00653","86.00305"
"65.60000","2.18673","2,005.75330","0.00571","0.00655","86.09676"
"65.70000","2.19002","2,007.81128","0.00571","0.00656","86.18510"
"65.80000","2.19338","2,010.85657","0.00567","0.00662","86.31583"
"65.90000","2.19682","2,012.75610","0.00582","0.00631","86.39736"
"66.00000","2.20003","2,015.57275","0.00571","0.00649","86.51826"
"66.10000","2.20347","2,017.77356","0.00570","0.00639","86.61273"
"66.20000","2.20683","2,020.08984","0.00570","0.00637","86.71216"
"66.30000","2.20990","2,022.59753","0.00576","0.00628","86.81980"
"66.40000","2.21341","2,024.91357","0.00579","0.00629","86.91922"
"66.50000","2.21677","2,027.64050","0.00578","0.00628","87.03627"
"66.60000","2.22006","2,029.91199","0.00583","0.00647","87.13377"
"66.70000","2.22350","2,032.88025","0.00583","0.00671","87.26118"
"66.80000","2.22679","2,034.47717","0.00581","0.00681","87.32973"
"66.90000","2.23007","2,037.77417","0.00583","0.00689","87.47126"
"67.00000","2.23336","2,040.59021","0.00588","0.00692","87.59214"
"67.10000","2.23665","2,042.27808","0.00587","0.00695","87.66459"
"67.20000","2.24009","2,045.35242","0.00590","0.00702","87.79655"
"67.30000","2.24330","2,047.53052","0.00591","0.00700","87.89005"
"67.40000","2.24674","2,049.74194","0.00590","0.00708","87.98497"
"67.50000","2.25025","2,052.88574","0.00594","0.00710","88.11992"
"67.60000","2.25324","2,054.35278","0.00590","0.00699","88.18289"
"67.70000","2.25676","2,057.26392","0.00603","0.00693","88.30785"
"67.80000","2.26012","2,060.05444","0.00600","0.00690","88.42764"
"67.90000","2.26326","2,062.19775","0.00604","0.00684","88.51964"
"68.00000","2.26677","2,063.91284","0.00600","0.00686","88.59326"
"68.10000","2.27013","2,067.41699","0.00603","0.00680","88.74368"
"68.20000","2.27342","2,069.78516","0.00617","0.00678","88.84533"
"68.30000","2.27678","2,071.61963","0.00607","0.00674","88.92407"
"68.40000","2.28015","2,073.85620","0.00614","0.00675","89.02007"
"68.50000","2.28344","2,076.64453","0.00625","0.00671","89.13976"
"68.60000","2.28658","2,078.75708","0.00627","0.00667","89.23045"
"68.70000","2.29016","2,080.94922","0.00630","0.00665","89.32455"
"68.80000","2.29345","2,083.46460","0.00630","0.00671","89.43252"
"68.90000","2.29666","2,085.47876","0.00630","0.00675","89.51897"
"69.00000","2.30018","2,088.29614","0.00623","0.00664","89.63991"
"69.10000","2.30354","2,091.07446","0.00636","0.00668","89.75917"
"69.20000","2.30660","2,092.71582","0.00623","0.00646","89.82962"
"69.30000","2.31004","2,095.24023","0.00632","0.00635","89.93798"
"69.40000","2.31341","2,097.97534","0.00624","0.00635","90.05539"
"69.50000","2.31677","2,099.68750","0.00627","0.00636","90.12888"
"69.60000","2.32006","2,103.00488","0.00626","0.00638","90.27128"
"69.70000","2.32350","2,105.20337","0.00628","0.00642","90.36565"
"69.80000","2.32671","2,107.33423","0.00628","0.00639","90.45712"
"69.90000","2.32992","2,109.06714","0.00630","0.00657","90.53150"
"70.00000","2.33344","2,112.32422","0.00634","0.00689","90.67131"
"70.10000","2.33680","2,114.68018","0.00635","0.00691","90.77244"
"70.20000","2.34001","2,117.27686","0.00639","0.00697","90.88390"
"70.30000","2.34352","2,119.32715","0.00637","0.00703","90.97191"
"70.40000","2.34681","2,121.76025","0.00643","0.00703","91.07635"
"70.50000","2.35003","2,123.24414","0.00644","0.00711","91.14005"
"70.60000","2.35339","2,125.81177","0.00645","0.00721","91.25027"
"70.70000","2.35675","2,128.54907","0.00648","0.00717","91.36776"
"70.80000","2.35997","2,130.67651","0.00649","0.00711","91.45908"
"70.90000","2.36340","2,133.34204","0.00656","0.00704","91.57350"
"71.00000","2.36684","2,135.54468","0.00658","0.00699","91.66805"
"71.10000","2.37006","2,138.52515","0.00661","0.00694","91.79598"
"71.20000","2.37334","2,140.82153","0.00661","0.00701","91.89455"
"71.30000","2.37678","2,142.24487","0.00670","0.00687","91.95565"
"71.40000","2.38000","2,145.62695","0.00667","0.00686","92.10083"
"71.50000","2.38328","2,147.48071","0.00669","0.00680","92.18040"
"71.60000","2.38680","2,149.49536","0.00674","0.00680","92.26688"
"71.70000","2.39016","2,151.86523","0.00681","0.00684","92.36861"
"71.80000","2.39337","2,153.94336","0.00684","0.00681","92.45781"
"71.90000","2.39674","2,156.47827","0.00673","0.00676","92.56662"
"72.00000","2.40018","2,158.83911","0.00680","0.00674","92.66796"
"72.10000","2.40331","2,161.41431","0.00684","0.00676","92.77850"
"72.20000","2.40675","2,163.32422","0.00673","0.00673","92.86048"
"72.30000","2.41019","2,166.21021","0.00673","0.00642","92.98436"
"72.40000","2.41333","2,167.84961","0.00676","0.00648","93.05473"
"72.50000","2.41677","2,170.66870","0.00678","0.00643","93.17574"
"72.60000","2.42013","2,173.13818","0.00680","0.00638","93.28175"
"72.70000","2.42342","2,175.34570","0.00681","0.00644","93.37650"
"72.80000","2.42671","2,177.19531","0.00680","0.00643","93.45589"
"72.90000","2.43007","2,180.27319","0.00679","0.00640","93.58801"
"73.00000","2.43343","2,182.96167","0.00678","0.00644","93.70341"
"73.10000","2.43672","2,184.18359","0.00683","0.00652","93.75587"
"73.20000","2.44008","2,187.07715","0.00686","0.00661","93.88007"
"73.30000","2.44352","2,189.41577","0.00687","0.00703","93.98046"
"73.40000","2.44666","2,191.19312","0.00689","0.00702","94.05676"
"73.50000","2.45002","2,193.93555","0.00681","0.00709","94.17447"
"73.60000","2.45339","2,196.85229","0.00695","0.00718","94.29967"
"73.70000","2.45668","2,199.25977","0.00697","0.00724","94.40302"
"73.80000","2.46011","2,201.40576","0.00700","0.00724","94.49512"
"73.90000","2.46348","2,203.88867","0.00713","0.00727","94.60171"
"74.00000","2.46669","2,206.00269","0.00707","0.00719","94.69245"
"74.10000","2.47005","2,208.15625","0.00705","0.00711","94.78489"
"74.20000","2.47334","2,210.60498","0.00705","0.00713","94.89001"
"74.30000","2.47671","2,212.83350","0.00712","0.00704","94.98566"
"74.40000","2.47999","2,215.26294","0.00712","0.00700","95.08994"
"74.50000","2.48336","2,217.34155","0.00723","0.00700","95.17917"
"74.60000","2.48694","2,220.48462","0.00726","0.00696","95.31409"
"74.70000","2.49001","2,222.02588","0.00719","0.00695","95.38024"
"74.80000","2.49345","2,224.24487","0.00734","0.00692","95.47549"
"74.90000","2.49688","2,226.96704","0.00736","0.00688","95.59235"
"75.00000","2.49995","2,229.29761","0.00719","0.00684","95.69238"
"75.10000","2.50346","2,231.34766","0.00725","0.00677","95.78038"
"75.20000","2.50682","2,234.33301","0.00725","0.00679","95.90852"
"75.30000","2.51004","2,236.02661","0.00726","0.00675","95.98122"
"75.40000","2.51348","2,238.63452","0.00733","0.00669","96.09317"
"75.50000","2.51676","2,241.94019","0.00732","0.00680","96.23506"
"75.60000","2.52013","2,243.92285","0.00731","0.00647","96.32017"
"75.70000","2.52334","2,246.39893","0.00733","0.00643","96.42645"
"75.80000","2.52663","2,247.89380","0.00731","0.00641","96.49062"
"75.90000","2.53014","2,251.69751","0.00733","0.00649","96.65390"
"76.00000","2.53328","2,254.05786","0.00733","0.00649","96.75522"
"76.10000","2.53679","2,255.28711","0.00734","0.00650","96.80798"
"76.20000","2.54023","2,259.13989","0.00738","0.00645","96.97336"
"76.30000","2.54322","2,260.79590","0.00739","0.00657","97.04444"
"76.40000","2.54673","2,262.26831","0.00742","0.00674","97.10765"
"76.50000","2.55010","2,265.36206","0.00743","0.00694","97.24045"
"76.60000","2.55331","2,267.96777","0.00745","0.00703","97.35229"
"76.70000","2.55682","2,270.34644","0.00746","0.00714","97.45440"
"76.80000","2.56011","2,272.38525","0.00749","0.00714","97.54192"
"76.90000","2.56340","2,275.33984","0.00750","0.00723","97.66874"
"77.00000","2.56669","2,277.35938","0.00750","0.00721","97.75543"
"77.10000","2.56998","2,279.34473","0.00753","0.00725","97.84065"
"77.20000","2.57349","2,282.10645","0.00757","0.00732","97.95920"
"77.30000","2.57655","2,284.93237","0.00759","0.00718","98.08050"
"77.40000","2.58014","2,286.93555","0.00758","0.00721","98.16649"
"77.50000","2.58358","2,289.82617","0.00767","0.00707","98.29057"
"77.60000","2.58664","2,291.03125","0.00773","0.00703","98.34229"
"77.70000","2.59016","2,294.20020","0.00786","0.00703","98.47832"
"77.80000","2.59344","2,296.02881","0.00785","0.00700","98.55682"
"77.90000","2.59666","2,297.82837","0.00768","0.00702","98.63406"
"78.00000","2.60002","2,301.17432","0.00777","0.00697","98.77769"
"78.10000","2.60346","2,303.27686","0.00786","0.00691","98.86794"
"78.20000","2.60682","2,306.41650","0.00777","0.00684","99.00270"
"78.30000","2.61004","2,308.02612","0.00783","0.00682","99.07180"
"78.40000","2.61332","2,310.25586","0.00778","0.00686","99.16751"
"78.50000","2.61669","2,313.14624","0.00781","0.00668","99.29158"
"78.60000","2.61990","2,314.91040","0.00782","0.00684","99.36730"
"78.70000","2.62341","2,317.40552","0.00785","0.00651","99.47440"
"78.80000","2.62678","2,319.68433","0.00783","0.00659","99.57223"
"78.90000","2.62999","2,322.07251","0.00785","0.00655","99.67474"
"79.00000","2.63350","2,324.39868","0.00787","0.00650","99.77459"
"79.10000","2.63679","2,326.52344","0.00789","0.00651","99.86579"
"79.20000","2.64001","2,328.99829","0.00790","0.00651","99.97202"
"79.30000","2.64337","2,330.82837","0.00790","0.00653","100.05058"
"79.40000","2.64681","2,333.64600","0.00792","0.00652","100.17152"
"79.50000","2.65002","2,335.89331","0.00792","0.00653","100.26799"
"79.60000","2.65338","2,337.86401","0.00795","0.00690","100.35258"
"79.70000","2.65682","2,341.03491","0.00798","0.00698","100.48869"
"79.80000","2.66011","2,342.23779","0.00798","0.00708","100.54033"
"79.90000","2.66325","2,345.33130","0.00801","0.00715","100.67312"
"80.00000","2.66676","2,346.69141","0.00801","0.00722","100.73150"
"80.10000","2.67012","2,349.92139","0.00805","0.00722","100.87015"
"80.20000","2.67326","2,352.46411","0.00806","0.00725","100.97929"
"80.30000","2.67685","2,354.84082","0.00806","0.00740","101.08131"
"80.40000","2.68014","2,357.21899","0.00808","0.00744","101.18340"
"80.50000","2.68335","2,358.87476","0.00812","0.00735","101.25447"
"80.60000","2.68672","2,361.18652","0.00811","0.00731","101.35370"
"80.70000","2.69000","2,363.03442","0.00820","0.00717","101.43302"
"80.80000","2.69329","2,366.35474","0.00822","0.00711","101.57555"
"80.90000","2.69673","2,368.82983","0.00819","0.00711","101.68179"
"81.00000","2.70017","2,370.84302","0.00823","0.00707","101.76820"
"81.10000","2.70346","2,372.90601","0.00827","0.00717","101.85676"
"81.20000","2.70667","2,375.02954","0.00825","0.00704","101.94791"
"81.30000","2.71011","2,377.40308","0.00826","0.00706","102.04980"
"81.40000","2.71340","2,380.28784","0.00830","0.00699","102.17362"
"81.50000","2.71661","2,382.68359","0.00829","0.00703","102.27646"
"81.60000","2.72012","2,384.69678","0.00834","0.00697","102.36288"
"81.70000","2.72349","2,387.28296","0.00834","0.00695","102.47389"
"81.80000","2.72670","2,389.27588","0.00834","0.00685","102.55943"
"81.90000","2.73014","2,391.70776","0.00836","0.00681","102.66383"
"82.00000","2.73350","2,393.90161","0.00837","0.00660","102.75800"
"82.10000","2.73664","2,395.78955","0.00839","0.00659","102.83904"
"82.20000","2.74000","2,398.79126","0.00839","0.00659","102.96788"
"82.30000","2.74344","2,400.65747","0.00842","0.00661","103.04799"
"82.40000","2.74673","2,402.12183","0.00842","0.00661","103.11085"
"82.50000","2.75009","2,405.38745","0.00843","0.00663","103.25102"
"82.60000","2.75346","2,408.17188","0.00845","0.00663","103.37054"
"82.70000","2.75675","2,409.61865","0.00849","0.00658","103.43265"
"82.80000","2.76003","2,412.81226","0.00850","0.00688","103.56973"
"82.90000","2.76332","2,414.00586","0.00853","0.00697","103.62096"
"83.00000","2.76668","2,417.56299","0.00852","0.00711","103.77366"
"83.10000","2.76997","2,419.81641","0.00854","0.00721","103.87038"
"83.20000","2.77341","2,421.41870","0.00855","0.00734","103.93916"
"83.30000","2.77685","2,424.61401","0.00864","0.00727","104.07632"
"83.40000","2.77999","2,426.24097","0.00866","0.00734","104.14616"
"83.50000","2.78335","2,429.34644","0.00864","0.00753","104.27946"
"83.60000","2.78679","2,431.34497","0.00865","0.00745","104.36525"
"83.70000","2.79000","2,433.52856","0.00869","0.00754","104.45898"
"83.80000","2.79344","2,435.90723","0.00871","0.00743","104.56108"
"83.90000","2.79680","2,438.09375","0.00879","0.00731","104.65494"
"84.00000","2.80009","2,440.60181","0.00882","0.00723","104.76260"
"84.10000","2.80338","2,442.95020","0.00871","0.00722","104.86340"
"84.20000","2.80667","2,444.51807","0.00873","0.00718","104.93070"
"84.30000","2.81011","2,447.25879","0.00878","0.00718","105.04835"
"84.40000","2.81332","2,449.65723","0.00881","0.00706","105.15130"
"84.50000","2.81668","2,452.24829","0.00884","0.00709","105.26252"
"84.60000","2.82020","2,454.80249","0.00884","0.00707","105.37216"
"84.70000","2.82334","2,456.72437","0.00883","0.00706","105.45466"
"84.80000","2.82677","2,459.12451","0.00883","0.00700","105.55768"
"84.90000","2.83014","2,461.29028","0.00885","0.00688","105.65065"
"85.00000","2.83328","2,464.49097","0.00888","0.00695","105.78803"
"85.10000","2.83671","2,466.43677","0.00889","0.00686","105.87156"
"85.20000","2.84015","2,468.32031","0.00892","0.00670","105.95241"
"85.30000","2.84337","2,470.24048","0.00890","0.00666","106.03484"
"85.40000","2.84680","2,473.50537","0.00895","0.00669","106.17498"
"85.50000","2.85009","2,475.26343","0.00895","0.00671","106.25044"
"85.60000","2.85338","2,477.75537","0.00896","0.00669","106.35741"
"85.70000","2.85667","2,480.10498","0.00900","0.00665","106.45827"
"85.80000","2.86003","2,482.76758","0.00901","0.00665","106.57256"
"85.90000","2.86354","2,485.32861","0.00901","0.00661","106.68249"
"86.00000","2.86661","2,486.76025","0.00904","0.00676","106.74394"
"86.10000","2.87012","2,489.15918","0.00908","0.00701","106.84692"
"86.20000","2.87356","2,491.89600","0.00909","0.00706","106.96439"
"86.30000","2.87655","2,494.11353","0.00909","0.00725","107.05958"
"86.40000","2.88006","2,496.66919","0.00910","0.00732","107.16928"
"86.50000","2.88342","2,498.85059","0.00914","0.00741","107.26292"
"86.60000","2.88671","2,500.12085","0.00914","0.00741","107.31744"
"86.70000","2.89008","2,504.07056","0.00914","0.00748","107.48698"
"86.80000","2.89344","2,505.48877","0.00916","0.00751","107.54786"
"86.90000","2.89680","2,507.85986","0.00915","0.00748","107.64964"
"87.00000","2.90002","2,510.01196","0.00919","0.00752","107.74202"
"87.10000","2.90338","2,512.19434","0.00922","0.00732","107.83570"
"87.20000","2.90674","2,515.20264","0.00923","0.00733","107.96483"
"87.30000","2.90988","2,516.71704","0.00927","0.00737","108.02983"
"87.40000","2.91347","2,518.97070","0.00924","0.00729","108.12657"
"87.50000","2.91683","2,521.69604","0.00928","0.00729","108.24356"
"87.60000","2.91997","2,524.47144","0.00930","0.00720","108.36269"
"87.70000","2.92348","2,526.18945","0.00931","0.00719","108.43644"
"87.80000","2.92677","2,528.74463","0.00935","0.00717","108.54612"
"87.90000","2.92999","2,530.83252","0.00936","0.00711","108.63574"
"88.00000","2.93342","2,533.64404","0.00938","0.00703","108.75642"
"88.10000","2.93679","2,536.10840","0.00942","0.00680","108.86221"
"88.20000","2.94007","2,537.98340","0.00941","0.00676","108.94269"
"88.30000","2.94336","2,539.96313","0.00942","0.00673","109.02767"
"88.40000","2.94680","2,542.01880","0.00940","0.00670","109.11591"
"88.50000","2.95009","2,544.70850","0.00947","0.00670","109.23136"
"88.60000","2.95323","2,546.56812","0.00947","0.00677","109.31119"
"88.70000","2.95674","2,549.74951","0.00949","0.00672","109.44775"
"88.80000","2.96018","2,552.05493","0.00949","0.00671","109.54671"
"88.90000","2.96332","2,554.06982","0.00954","0.00681","109.63320"
"89.00000","2.96683","2,556.31470","0.00957","0.00676","109.72956"
"89.10000","2.97012","2,558.42603","0.00957","0.00673","109.82019"
"89.20000","2.97326","2,560.58936","0.00959","0.00686","109.91305"
"89.30000","2.97670","2,563.96777","0.00961","0.00710","110.05807"
"89.40000","2.98006","2,565.80493","0.00963","0.00705","110.13692"
"89.50000","2.98335","2,568.44751","0.00964","0.00716","110.25036"
"89.60000","2.98671","2,569.63965","0.00965","0.00730","110.30153"
"89.70000","2.99015","2,572.55688","0.00969","0.00743","110.42676"
"89.80000","2.99344","2,575.51172","0.00969","0.00742","110.55359"
"89.90000","2.99658","2,577.23950","0.00969","0.00758","110.62775"
"90.00000","3.00009","2,579.81738","0.00969","0.00759","110.73841"
"90.10000","3.00345","2,582.03101","0.00973","0.00766","110.83343"
"90.20000","3.00667","2,583.96875","0.00976","0.00759","110.91661"
"90.30000","3.01010","2,586.21191","0.00976","0.00755","111.01289"
"90.40000","3.01354","2,589.34302","0.00977","0.00748","111.14730"
"90.50000","3.01668","2,590.82910","0.00980","0.00737","111.21109"
"90.60000","3.02012","2,593.56396","0.00982","0.00730","111.32848"
"90.70000","3.02348","2,596.08545","0.00980","0.00726","111.43671"
"90.80000","3.02669","2,598.35229","0.00979","0.00734","111.53402"
"90.90000","3.03006","2,600.39209","0.00981","0.00727","111.62157"
"91.00000","3.03342","2,602.55981","0.00986","0.00720","111.71463"
"91.10000","3.03678","2,605.08447","0.00986","0.00721","111.82300"
"91.20000","3.04007","2,607.93652","0.00989","0.00719","111.94542"
"91.30000","3.04344","2,609.59766","0.00988","0.00706","112.01672"
"91.40000","3.04665","2,612.04712","0.00988","0.00686","112.12187"
"91.50000","3.04994","2,614.27295","0.00996","0.00681","112.21741"
"91.60000","3.05338","2,616.55225","0.00991","0.00682","112.31525"
"91.70000","3.05681","2,618.28198","0.01000","0.00686","112.38950"
"91.80000","3.06003","2,620.78271","0.01001","0.00679","112.49684"
"91.90000","3.06339","2,623.52051","0.01004","0.00680","112.61436"
"92.00000","3.06683","2,625.60376","0.01006","0.00680","112.70379"
"92.10000","3.06997","2,628.22705","0.01008","0.00680","112.81639"
"92.20000","3.07333","2,630.78638","0.01008","0.00681","112.92625"
"92.30000","3.07684","2,632.60522","0.01010","0.00690","113.00433"
"92.40000","3.08006","2,635.15942","0.01008","0.00707","113.11396"
"92.50000","3.08342","2,637.68872","0.01009","0.00702","113.22253"
"92.60000","3.08686","2,641.15063","0.01013","0.00722","113.37113"
"92.70000","3.09007","2,642.30493","0.01014","0.00716","113.42068"
"92.80000","3.09336","2,644.19897","0.01019","0.00734","113.50198"
"92.90000","3.09672","2,646.75977","0.01019","0.00748","113.61191"
"93.00000","3.10009","2,649.98096","0.01017","0.00749","113.75018"
"93.10000","3.10337","2,652.50513","0.01019","0.00760","113.85853"
"93.20000","3.10674","2,654.10254","0.01020","0.00760","113.92709"
"93.30000","3.11025","2,656.65332","0.01024","0.00770","114.03658"
"93.40000","3.11331","2,659.25220","0.01026","0.00761","114.14814"
"93.50000","3.11668","2,661.07520","0.01029","0.00756","114.22639"
"93.60000","3.12012","2,664.37866","0.01028","0.00748","114.36819"
"93.70000","3.12325","2,665.38330","0.01021","0.00754","114.41132"
"93.80000","3.12677","2,668.32520","0.01026","0.00737","114.53760"
"93.90000","3.13013","2,671.17871","0.01034","0.00742","114.66009"
"94.00000","3.13342","2,673.23267","0.01033","0.00747","114.74825"
"94.10000","3.13678","2,675.19995","0.01030","0.00740","114.83270"
"94.20000","3.14007","2,677.70728","0.01035","0.00733","114.94032"
"94.30000","3.14343","2,680.32178","0.01042","0.00727","115.05255"
"94.40000","3.14665","2,682.65283","0.01043","0.00719","115.15261"
"94.50000","3.15009","2,684.57861","0.01043","0.00723","115.23528"
"94.60000","3.15360","2,687.58618","0.01042","0.00699","115.36437"
"94.70000","3.15666","2,689.12646","0.01047","0.00691","115.43049"
"94.80000","3.16017","2,691.86108","0.01046","0.00687","115.54787"
"94.90000","3.16354","2,694.09033","0.01053","0.00687","115.64356"
"95.00000","3.16660","2,696.29297","0.01053","0.00691","115.73811"
"95.10000","3.17011","2,698.67676","0.01056","0.00688","115.84044"
"95.20000","3.17348","2,701.48877","0.01057","0.00692","115.96114"
"95.30000","3.17677","2,703.36230","0.01060","0.00693","116.04156"
"95.40000","3.18013","2,705.73022","0.01059","0.00691","116.14320"
"95.50000","3.18349","2,708.07178","0.01062","0.00699","116.24372"
"95.60000","3.18678","2,710.65942","0.01065","0.00717","116.35479"
"95.70000","3.18992","2,713.16650","0.01061","0.00723","116.46241"
"95.80000","3.19336","2,715.51562","0.01066","0.00727","116.56325"
"95.90000","3.19680","2,717.44067","0.01078","0.00726","116.64587"
"96.00000","3.19993","2,720.21362","0.01069","0.00735","116.76491"
"96.10000","3.20345","2,722.15527","0.01072","0.00740","116.84825"
"96.20000","3.20689","2,724.75342","0.01069","0.00758","116.95978"
"96.30000","3.20995","2,726.62891","0.01073","0.00759","117.04028"
"96.40000","3.21339","2,729.41772","0.01074","0.00771","117.15999"
"96.50000","3.21675","2,731.23193","0.01079","0.00774","117.23787"
"96.60000","3.21996","2,733.87427","0.01077","0.00768","117.35129"
"96.70000","3.22340","2,736.08276","0.01077","0.00762","117.44609"
"96.80000","3.22677","2,737.78467","0.01079","0.00762","117.51914"
"96.90000","3.23020","2,741.21045","0.01079","0.00762","117.66619"
"97.00000","3.23334","2,743.08667","0.01083","0.00750","117.74673"
"97.10000","3.23678","2,744.79907","0.01082","0.00745","117.82024"
"97.20000","3.24007","2,747.80566","0.01087","0.00745","117.94930"
"97.30000","3.24328","2,750.16895","0.01084","0.00748","118.05074"
"97.40000","3.24679","2,751.85693","0.01087","0.00739","118.12319"
"97.50000","3.25016","2,754.22290","0.01090","0.00739","118.22475"
"97.60000","3.25330","2,756.60596","0.01094","0.00729","118.32704"
"97.70000","3.25681","2,758.94580","0.01093","0.00704","118.42748"
"97.80000","3.26010","2,761.40527","0.01096","0.00703","118.53305"
"97.90000","3.26324","2,763.45410","0.01098","0.00702","118.62100"
"98.00000","3.26667","2,766.67017","0.01099","0.00705","118.75905"
"98.10000","3.27004","2,767.28418","0.01105","0.00703","118.78541"
"98.20000","3.27340","2,770.62183","0.01105","0.00700","118.92867"
"98.30000","3.27669","2,772.77490","0.01102","0.00699","119.02110"
"98.40000","3.28013","2,775.57324","0.01104","0.00701","119.14121"
"98.50000","3.28342","2,777.51733","0.01109","0.00709","119.22466"
"98.60000","3.28655","2,779.97534","0.01112","0.00698","119.33017"
"98.70000","3.29007","2,782.11133","0.01111","0.00714","119.42186"
"98.80000","3.29343","2,784.33105","0.01113","0.00716","119.51714"
"98.90000","3.29664","2,785.99487","0.01117","0.00741","119.58856"
"99.00000","3.30016","2,789.11914","0.01120","0.00724","119.72267"
"99.10000","3.30352","2,791.47485","0.01120","0.00736","119.82378"
"99.20000","3.30666","2,793.19800","0.01122","0.00738","119.89775"
"99.30000","3.31002","2,795.75757","0.01122","0.00740","120.00762"
"99.40000","3.31339","2,798.35864","0.01124","0.00763","120.11927"
"99.50000","3.31667","2,800.28442","0.01127","0.00764","120.20193"
"99.60000","3.32004","2,802.66138","0.01128","0.00774","120.30397"
"99.70000","3.32347","2,805.45996","0.01129","0.00782","120.42410"
"99.80000","3.32676","2,808.04443","0.01125","0.00777","120.53503"
"99.90000","3.32998","2,809.81714","0.01126","0.00774","120.61113"
"100.00000","3.33341","2,812.45874","0.01128","0.00766","120.72452"
"100.10000","3.33670","2,814.38672","0.01130","0.00769","120.80727"
"100.20000","3.33992","2,817.25879","0.01137","0.00767","120.93056"
"100.30000","3.34343","2,818.58252","0.01135","0.00762","120.98738"
"100.40000","3.34679","2,820.96069","0.01135","0.00761","121.08946"
"100.50000","3.35008","2,824.36450","0.01136","0.00756","121.23557"
"100.60000","3.35344","2,826.11499","0.01139","0.00755","121.31071"
"100.70000","3.35681","2,829.85840","0.01138","0.00751","121.47140"
"100.80000","3.35995","2,830.55249","0.01146","0.00744","121.50119"
"100.90000","3.36338","2,833.31909","0.01151","0.00724","121.61995"
"101.00000","3.36682","2,835.30078","0.01150","0.00714","121.70501"
"101.10000","3.37011","2,837.39990","0.01150","0.00708","121.79511"
"101.20000","3.37340","2,840.55273","0.01150","0.00706","121.93045"
"101.30000","3.37684","2,842.57861","0.01150","0.00708","122.01741"
"101.40000","3.38013","2,845.24683","0.01157","0.00702","122.13194"
"101.50000","3.38334","2,847.79004","0.01158","0.00707","122.24111"
"101.60000","3.38670","2,849.61035","0.01161","0.00703","122.31924"
"101.70000","3.39014","2,851.90820","0.01156","0.00715","122.41788"
"101.80000","3.39343","2,854.50977","0.01162","0.00710","122.52956"
"101.90000","3.39672","2,857.30078","0.01163","0.00704","122.64936"
"102.00000","3.40023","2,859.17285","0.01168","0.00717","122.72971"
"102.10000","3.40329","2,861.20239","0.01170","0.00730","122.81683"
"102.20000","3.40666","2,863.68311","0.01169","0.00740","122.92332"
"102.30000","3.41017","2,866.22949","0.01172","0.00739","123.03262"
"102.40000","3.41331","2,868.60840","0.01173","0.00741","123.13474"
"102.50000","3.41675","2,870.47510","0.01175","0.00749","123.21487"
"102.60000","3.42011","2,873.56787","0.01178","0.00761","123.34762"
"102.70000","3.42347","2,876.15088","0.01178","0.00774","123.45850"
"102.80000","3.42669","2,878.22803","0.01175","0.00786","123.54766"
"102.90000","3.42997","2,879.99121","0.01176","0.00784","123.62334"
"103.00000","3.43341","2,882.80981","0.01174","0.00784","123.74433"
"103.10000","3.43663","2,885.21240","0.01181","0.00782","123.84747"
"103.20000","3.44006","2,886.98999","0.01184","0.00779","123.92377"
"103.30000","3.44358","2,889.55273","0.01184","0.00776","124.03377"
"103.40000","3.44664","2,891.91357","0.01185","0.00773","124.13511"
"103.50000","3.45008","2,893.47363","0.01186","0.00770","124.20207"
"103.60000","3.45344","2,896.10132","0.01187","0.00762","124.31487"
"103.70000","3.45666","2,898.47412","0.01196","0.00763","124.41672"
"103.80000","3.46009","2,901.93848","0.01194","0.00758","124.56543"
"103.90000","3.46346","2,903.51489","0.01195","0.00758","124.63309"
"104.00000","3.46675","2,905.79956","0.01198","0.00758","124.73116"
"104.10000","3.47011","2,907.83154","0.01200","0.00742","124.81839"
"104.20000","3.47340","2,910.93628","0.01207","0.00727","124.95166"
"104.30000","3.47683","2,912.86694","0.01200","0.00724","125.03453"
"104.40000","3.47990","2,914.77661","0.01196","0.00723","125.11650"
"104.50000","3.48334","2,917.34180","0.01208","0.00718","125.22662"
"104.60000","3.48685","2,920.76758","0.01204","0.00713","125.37366"
"104.70000","3.48999","2,922.26172","0.01212","0.00717","125.43780"
"104.80000","3.49350","2,924.43677","0.01210","0.00716","125.53117"
"104.90000","3.49679","2,927.56445","0.01208","0.00717","125.66542"
"105.00000","3.49993","2,929.62573","0.01217","0.00715","125.75390"
"105.10000","3.50344","2,932.05835","0.01218","0.00713","125.85832"
"105.20000","3.50673","2,934.08252","0.01219","0.00729","125.94521"
"105.30000","3.51009","2,936.86938","0.01216","0.00723","126.06483"
"105.40000","3.51338","2,938.03711","0.01217","0.00744","126.11496"
"105.50000","3.51682","2,941.24585","0.01226","0.00743","126.25269"
"105.60000","3.52018","2,943.44458","0.01229","0.00752","126.34708"
"105.70000","3.52332","2,945.47461","0.01226","0.00753","126.43421"
"105.80000","3.52668","2,948.14478","0.01230","0.00759","126.54883"
"105.90000","3.53012","2,950.00244","0.01219","0.00775","126.62857"
"106.00000","3.53334","2,952.70654","0.01227","0.00792","126.74464"
"106.10000","3.53685","2,955.08423","0.01226","0.00794","126.84670"
"106.20000","3.54021","2,957.83740","0.01231","0.00791","126.96488"
"106.30000","3.54328","2,959.45264","0.01236","0.00780","127.03422"
"106.40000","3.54679","2,961.41382","0.01234","0.00789","127.11840"
"106.50000","3.55008","2,963.52661","0.01237","0.00791","127.20909"
"106.60000","3.55329","2,966.38037","0.01231","0.00783","127.33159"
"106.70000","3.55673","2,968.68042","0.01248","0.00780","127.43032"
"106.80000","3.56009","2,970.62329","0.01242","0.00778","127.51372"
"106.90000","3.56345","2,973.43628","0.01236","0.00782","127.63446"
"107.00000","3.56667","2,976.00195","0.01242","0.00774","127.74460"
"107.10000","3.57011","2,978.03760","0.01252","0.00770","127.83198"
"107.20000","3.57340","2,980.03931","0.01254","0.00761","127.91790"
"107.30000","3.57653","2,982.54053","0.01254","0.00766","128.02527"
"107.40000","3.58012","2,985.06519","0.01247","0.00753","128.13364"
"107.50000","3.58348","2,987.17700","0.01246","0.00742","128.22429"
"107.60000","3.58670","2,989.01001","0.01253","0.00722","128.30296"
"107.70000","3.59014","2,992.05737","0.01261","0.00721","128.43378"
"107.80000","3.59342","2,993.92017","0.01260","0.00720","128.51373"
"107.90000","3.59664","2,996.62939","0.01259","0.00724","128.63002"
"108.00000","3.60000","2,999.45312","0.01262","0.00720","128.75124"
"108.10000","3.60336","3,001.16382","0.01265","0.00730","128.82466"
"108.20000","3.60673","3,003.52490","0.01266","0.00725","128.92601"
"108.30000","3.61002","3,005.76416","0.01269","0.00727","129.02214"
"108.40000","3.61345","3,008.75317","0.01271","0.00734","129.15044"
"108.50000","3.61682","3,010.29395","0.01270","0.00753","129.21657"
"108.60000","3.61988","3,013.18555","0.01274","0.00758","129.34070"
"108.70000","3.62339","3,015.25806","0.01276","0.00754","129.42966"
"108.80000","3.62676","3,017.54150","0.01275","0.00757","129.52768"
"108.90000","3.62997","3,019.93481","0.01275","0.00761","129.63040"
"109.00000","3.63348","3,021.69360","0.01278","0.00764","129.70590"
"109.10000","3.63677","3,024.38696","0.01279","0.00782","129.82152"
"109.20000","3.64006","3,026.22534","0.01279","0.00795","129.90044"
"109.30000","3.64335","3,028.54980","0.01288","0.00795","130.00021"
"109.40000","3.64671","3,031.13647","0.01285","0.00803","130.11124"
"109.50000","3.65000","3,034.10376","0.01289","0.00788","130.23860"
"109.60000","3.65336","3,035.94165","0.01290","0.00792","130.31750"
"109.70000","3.65688","3,038.17456","0.01292","0.00794","130.41335"
"109.80000","3.66009","3,040.93237","0.01295","0.00794","130.53172"
"109.90000","3.66338","3,043.25342","0.01295","0.00786","130.63136"
"110.00000","3.66674","3,045.69580","0.01297","0.00786","130.73619"
"110.10000","3.67010","3,047.91968","0.01293","0.00784","130.83165"
"110.20000","3.67332","3,050.09570","0.01300","0.00784","130.92506"
"110.30000","3.67676","3,052.33154","0.01301","0.00776","131.02104"
"110.40000","3.68019","3,054.57739","0.01302","0.00779","131.11743"
"110.50000","3.68341","3,056.67578","0.01307","0.00755","131.20750"
"110.60000","3.68677","3,060.03174","0.01306","0.00747","131.35156"
"110.70000","3.69013","3,061.40137","0.01310","0.00739","131.41035"
"110.80000","3.69335","3,064.00537","0.01313","0.00735","131.52214"
"110.90000","3.69664","3,066.71899","0.01307","0.00739","131.63861"
"111.00000","3.70015","3,069.30762","0.01304","0.00750","131.74973"
"111.10000","3.70336","3,071.42383","0.01304","0.00732","131.84058"
"111.20000","3.70673","3,073.32544","0.01314","0.00732","131.92220"
"111.30000","3.71016","3,076.46753","0.01312","0.00731","132.05707"
"111.40000","3.71338","3,078.74707","0.01312","0.00738","132.15492"
"111.50000","3.71667","3,080.57471","0.01316","0.00755","132.23337"
"111.60000","3.72003","3,082.30713","0.01320","0.00731","132.30774"
"111.70000","3.72339","3,084.98901","0.01317","0.00736","132.42285"
"111.80000","3.72668","3,087.84546","0.01325","0.00754","132.54547"
"111.90000","3.73012","3,089.83496","0.01323","0.00772","132.63086"
"112.00000","3.73363","3,092.45435","0.01317","0.00767","132.74330"
"112.10000","3.73670","3,094.48755","0.01322","0.00764","132.83058"
"112.20000","3.74006","3,097.03735","0.01326","0.00773","132.94003"
"112.30000","3.74350","3,099.32837","0.01333","0.00773","133.03838"
"112.40000","3.74663","3,101.50977","0.01325","0.00786","133.13200"
"112.50000","3.75007","3,104.24561","0.01329","0.00791","133.24944"
"112.60000","3.75351","3,107.31470","0.01330","0.00807","133.38118"
"112.70000","3.75680","3,108.43677","0.01334","0.00800","133.42935"
"112.80000","3.76001","3,111.10229","0.01346","0.00806","133.54376"
"112.90000","3.76338","3,113.55518","0.01344","0.00798","133.64905"
"113.00000","3.76674","3,115.52051","0.01336","0.00797","133.73341"
"113.10000","3.76995","3,118.00757","0.01337","0.00795","133.84018"
"113.20000","3.77339","3,120.98218","0.01345","0.00796","133.96785"
"113.30000","3.77690","3,122.59302","0.01353","0.00794","134.03700"
"113.40000","3.77997","3,124.53784","0.01352","0.00791","134.12048"
"113.50000","3.78341","3,127.64795","0.01353","0.00789","134.25398"
"113.60000","3.78677","3,129.34448","0.01343","0.00788","134.32681"
"113.70000","3.78998","3,131.72388","0.01355","0.00773","134.42894"
"113.80000","3.79342","3,134.67603","0.01361","0.00751","134.55566"
"113.90000","3.79678","3,136.43555","0.01362","0.00748","134.63120"
"114.00000","3.80015","3,139.26270","0.01351","0.00764","134.75255"
"114.10000","3.80344","3,140.88550","0.01350","0.00743","134.82220"
"114.20000","3.80680","3,143.62842","0.01363","0.00742","134.93994"
"114.30000","3.81016","3,146.56128","0.01364","0.00738","135.06584"
"114.40000","3.81330","3,148.55762","0.01371","0.00743","135.15154"
"114.50000","3.81674","3,150.84912","0.01369","0.00741","135.24989"
"114.60000","3.82018","3,152.70020","0.01363","0.00741","135.32935"
"114.70000","3.82332","3,155.63257","0.01371","0.00739","135.45522"
"114.80000","3.82675","3,156.60791","0.01377","0.00736","135.49709"
"114.90000","3.83019","3,160.44092","0.01372","0.00738","135.66162"
"115.00000","3.83326","3,162.24536","0.01370","0.00780","135.73907"
"115.10000","3.83677","3,164.95459","0.01372","0.00787","135.85536"
"115.20000","3.84006","3,166.49829","0.01377","0.00776","135.92163"
"115.30000","3.84327","3,169.46875","0.01383","0.00781","136.04913"
"115.40000","3.84678","3,171.91748","0.01369","0.00781","136.15425"
"115.50000","3.85007","3,174.40063","0.01377","0.00786","136.26083"
"115.60000","3.85351","3,176.12549","0.01371","0.00788","136.33488"
"115.70000","3.85665","3,178.04639","0.01381","0.00806","136.41733"
"115.80000","3.86009","3,181.28247","0.01382","0.00814","136.55624"
"115.90000","3.86345","3,183.24146","0.01382","0.00810","136.64034"
"116.00000","3.86659","3,185.23950","0.01376","0.00809","136.72609"
"116.10000","3.87010","3,188.78442","0.01389","0.00814","136.87827"
"116.20000","3.87354","3,189.80957","0.01398","0.00811","136.92227"
"116.30000","3.87668","3,192.43408","0.01394","0.00807","137.03493"
"116.40000","3.88012","3,195.21533","0.01400","0.00805","137.15431"
"116.50000","3.88340","3,197.60254","0.01392","0.00809","137.25677"
"116.60000","3.88669","3,199.09448","0.01403","0.00802","137.32082"
"116.70000","3.89006","3,201.52148","0.01404","0.00801","137.42500"
"116.80000","3.89342","3,204.44336","0.01406","0.00802","137.55042"
"116.90000","3.89686","3,207.03418","0.01411","0.00794","137.66164"
"117.00000","3.90000","3,208.92261","0.01395","0.00795","137.74269"
"117.10000","3.90343","3,211.16333","0.01397","0.00793","137.83887"
"117.20000","3.90680","3,212.90332","0.01416","0.00755","137.91356"
"117.30000","3.90994","3,215.76123","0.01419","0.00765","138.03624"
"117.40000","3.91345","3,218.16724","0.01415","0.00764","138.13951"
"117.50000","3.91681","3,220.88086","0.01405","0.00757","138.25600"
"117.60000","3.92002","3,222.40601","0.01404","0.00752","138.32147"
"117.70000","3.92346","3,225.40894","0.01412","0.00753","138.45036"
"117.80000","3.92675","3,226.99170","0.01427","0.00753","138.51831"
"117.90000","3.93004","3,229.31958","0.01417","0.00756","138.61823"
"118.00000","3.93333","3,232.05591","0.01414","0.00758","138.73569"
"118.10000","3.93669","3,234.01611","0.01408","0.00773","138.81982"
"118.20000","3.94013","3,237.03467","0.01423","0.00769","138.94940"
"118.30000","3.94334","3,239.45874","0.01430","0.00783","139.05345"
"118.40000","3.94678","3,240.63403","0.01426","0.00787","139.10390"
"118.50000","3.95014","3,243.80249","0.01430","0.00784","139.23991"
"118.60000","3.95328","3,246.04614","0.01430","0.00785","139.33621"
"118.70000","3.95672","3,248.60693","0.01432","0.00790","139.44614"
"118.80000","3.96008","3,250.40381","0.01433","0.00794","139.52327"
"118.90000","3.96330","3,253.13110","0.01434","0.00802","139.64034"
"119.00000","3.96681","3,255.27563","0.01440","0.00815","139.73239"
"119.10000","3.97017","3,258.07007","0.01434","0.00816","139.85234"
"119.20000","3.97346","3,260.10815","0.01440","0.00827","139.93982"
"119.30000","3.97675","3,262.75562","0.01441","0.00825","140.05347"
"119.40000","3.98004","3,265.71362","0.01448","0.00814","140.18044"
"119.50000","3.98333","3,267.04688","0.01452","0.00820","140.23767"
"119.60000","3.98662","3,269.04321","0.01443","0.00816","140.32336"
"119.70000","3.99013","3,272.15723","0.01445","0.00820","140.45703"
"119.80000","3.99342","3,274.32446","0.01455","0.00812","140.55006"
"119.90000","3.99663","3,277.17822","0.01460","0.00815","140.67256"
"120.00000","4.00007","3,278.79907","0.01455","0.00812","140.74213"
"120.10000","4.00343","3,281.52368","0.01449","0.00813","140.85909"
"120.20000","4.00664","3,284.17334","0.01450","0.00802","140.97282"
"120.30000","4.01008","3,286.17383","0.01449","0.00804","141.05869"
"120.40000","4.01352","3,288.78174","0.01464","0.00770","141.17064"
"120.50000","4.01673","3,291.12231","0.01472","0.00762","141.27110"
"120.60000","4.02010","3,293.41846","0.01453","0.00768","141.36967"
"120.70000","4.02346","3,295.53857","0.01458","0.00767","141.46068"
"120.80000","4.02667","3,297.82324","0.01469","0.00766","141.55875"
"120.90000","4.02996","3,299.96582","0.01458","0.00769","141.65071"
"121.00000","4.03348","3,302.46191","0.01459","0.00757","141.75786"
"121.10000","4.03676","3,304.46948","0.01459","0.00757","141.84402"
"121.20000","4.04005","3,306.58472","0.01475","0.00762","141.93483"
"121.30000","4.04349","3,309.37720","0.01472","0.00795","142.05469"
"121.40000","4.04678","3,312.04492","0.01463","0.00799","142.16920"
"121.50000","4.04992","3,314.06445","0.01464","0.00809","142.25589"
"121.60000","4.05336","3,316.80884","0.01466","0.00805","142.37370"
"121.70000","4.05679","3,318.91431","0.01468","0.00803","142.46408"
"121.80000","4.06001","3,320.50610","0.01488","0.00790","142.53239"
"121.90000","4.06337","3,323.84521","0.01480","0.00803","142.67574"
"122.00000","4.06681","3,326.03687","0.01479","0.00806","142.76981"
"122.10000","4.07002","3,328.97314","0.01482","0.00812","142.89584"
"122.20000","4.07338","3,330.58838","0.01475","0.00815","142.96518"
"122.30000","4.07675","3,333.01465","0.01487","0.00822","143.06934"
"122.40000","4.08004","3,335.00293","0.01486","0.00832","143.15468"
"122.50000","4.08340","3,337.88770","0.01492","0.00827","143.27850"
"122.60000","4.08684","3,340.20972","0.01490","0.00825","143.37817"
"122.70000","4.09013","3,342.76978","0.01489","0.00826","143.48807"
"122.80000","4.09334","3,345.01343","0.01492","0.00822","143.58438"
"122.90000","4.09678","3,347.51855","0.01494","0.00825","143.69191"
"123.00000","4.10014","3,349.34814","0.01498","0.00826","143.77045"
"123.10000","4.10328","3,352.13403","0.01499","0.00828","143.89003"
"123.20000","4.10672","3,354.03784","0.01506","0.00827","143.97176"
"123.30000","4.11016","3,356.84155","0.01500","0.00820","144.09210"
"123.40000","4.11329","3,358.72241","0.01507","0.00801","144.17284"
"123.50000","4.11673","3,360.97852","0.01516","0.00810","144.26968"
"123.60000","4.12017","3,363.49829","0.01518","0.00802","144.37784"
"123.70000","4.12331","3,365.50708","0.01510","0.00797","144.46407"
"123.80000","4.12675","3,368.26367","0.01522","0.00779","144.58240"
"123.90000","4.13011","3,369.87402","0.01506","0.00775","144.65152"
"124.00000","4.13340","3,372.15112","0.01515","0.00771","144.74925"
"124.10000","4.13669","3,375.16406","0.01506","0.00778","144.87859"
"124.20000","4.14005","3,376.92383","0.01509","0.00771","144.95413"
"124.30000","4.14349","3,380.34961","0.01511","0.00778","145.10118"
"124.40000","4.14655","3,381.72876","0.01514","0.00771","145.16039"
"124.50000","4.15006","3,384.06445","0.01515","0.00811","145.26064"
"124.60000","4.15350","3,386.78052","0.01516","0.00813","145.37723"
"124.70000","4.15664","3,388.92017","0.01530","0.00803","145.46907"
"124.80000","4.16015","3,391.84595","0.01525","0.00809","145.59465"
"124.90000","4.16352","3,393.61133","0.01528","0.00809","145.67044"
"125.00000","4.16666","3,395.71460","0.01528","0.00817","145.76073"
"125.10000","4.17009","3,398.22632","0.01526","0.00814","145.86853"
"125.20000","4.17338","3,401.00146","0.01529","0.00816","145.98766"
"125.30000","4.17667","3,403.72998","0.01546","0.00815","146.10478"
"125.40000","4.18011","3,405.76587","0.01534","0.00818","146.19217"
"125.50000","4.18340","3,408.05005","0.01546","0.00819","146.29022"
"125.60000","4.18684","3,410.79004","0.01532","0.00817","146.40784"
"125.70000","4.18997","3,412.71191","0.01534","0.00832","146.49033"
"125.80000","4.19334","3,414.99194","0.01544","0.00829","146.58820"
"125.90000","4.19677","3,416.67114","0.01547","0.00833","146.66028"
"126.00000","4.19991","3,419.50220","0.01550","0.00830","146.78180"
"126.10000","4.20343","3,421.60303","0.01548","0.00828","146.87198"
"126.20000","4.20686","3,423.94922","0.01551","0.00827","146.97269"
"126.30000","4.21000","3,426.01050","0.01553","0.00834","147.06117"
"126.40000","4.21344","3,429.02539","0.01550","0.00831","147.19058"
"126.50000","4.21673","3,431.51880","0.01556","0.00830","147.29761"
"126.60000","4.22002","3,433.82886","0.01557","0.00830","147.39677"
"126.70000","4.22331","3,436.59180","0.01551","0.00823","147.51537"
"126.80000","4.22667","3,438.15283","0.01568","0.00823","147.58238"
"126.90000","4.23011","3,440.46924","0.01553","0.00830","147.68181"
"127.00000","4.23332","3,442.64966","0.01558","0.00808","147.77541"
"127.10000","4.23676","3,445.31470","0.01561","0.00776","147.88980"
"127.20000","4.24012","3,447.88354","0.01557","0.00788","148.00006"
"127.30000","4.24319","3,449.24854","0.01570","0.00781","148.05865"
"127.40000","4.24677","3,452.15991","0.01562","0.00778","148.18362"
"127.50000","4.25014","3,454.69531","0.01563","0.00777","148.29247"
"127.60000","4.25335","3,457.19946","0.01569","0.00792","148.39995"
"127.70000","4.25679","3,458.91650","0.01566","0.00818","148.47365"
"127.80000","4.26015","3,461.40674","0.01573","0.00816","148.58055"
"127.90000","4.26344","3,463.44629","0.01571","0.00821","148.66809"
"128.00000","4.26665","3,465.83008","0.01569","0.00814","148.77042"
"128.10000","4.27002","3,467.94287","0.01571","0.00818","148.86111"
"128.20000","4.27338","3,470.62231","0.01576","0.00819","148.97612"
"128.30000","4.27667","3,472.52417","0.01576","0.00827","149.05777"
"128.40000","4.28011","3,475.58569","0.01582","0.00820","149.18918"
"128.50000","4.28347","3,477.43262","0.01579","0.00825","149.26846"
"128.60000","4.28661","3,480.48218","0.01579","0.00827","149.39935"
"128.70000","4.29005","3,482.59546","0.01582","0.00831","149.49007"
"128.80000","4.29341","3,484.44629","0.01589","0.00837","149.56952"
"128.90000","4.29662","3,487.20410","0.01590","0.00829","149.68790"
"129.00000","4.30014","3,488.79370","0.01592","0.00837","149.75613"
"129.10000","4.30343","3,491.85498","0.01597","0.00835","149.88754"
"129.20000","4.30671","3,494.02490","0.01596","0.00838","149.98068"
"129.30000","4.31008","3,496.44946","0.01597","0.00836","150.08475"
"129.40000","4.31344","3,499.14844","0.01610","0.00836","150.20061"
"129.50000","4.31673","3,500.98950","0.01600","0.00841","150.27963"
"129.60000","4.31994","3,504.23267","0.01605","0.00834","150.41885"
"129.70000","4.32345","3,506.42139","0.01610","0.00839","150.51280"
"129.80000","4.32682","3,507.81860","0.01612","0.00840","150.57277"
"129.90000","4.33003","3,510.84619","0.01613","0.00836","150.70273"
"130.00000","4.33347","3,512.18164","0.01608","0.00836","150.76006"
"130.10000","4.33683","3,515.49463","0.01606","0.00833","150.90227"
"130.20000","4.33997","3,517.61255","0.01609","0.00826","150.99318"
"130.30000","4.34341","3,519.66577","0.01605","0.00819","151.08131"
"130.40000","4.34677","3,522.02173","0.01615","0.00792","151.18243"
"130.50000","4.35006","3,524.09326","0.01613","0.00809","151.27136"
"130.60000","4.35335","3,526.63281","0.01614","0.00791","151.38037"
"130.70000","4.35686","3,528.70776","0.01617","0.00793","151.46944"
"130.80000","4.36000","3,531.62256","0.01616","0.00788","151.59456"
"130.90000","4.36329","3,533.76123","0.01619","0.00820","151.68636"
"131.00000","4.36680","3,536.28662","0.01620","0.00820","151.79475"
"131.10000","4.37009","3,538.13550","0.01623","0.00827","151.87413"
"131.20000","4.37338","3,540.22974","0.01623","0.00827","151.96402"
"131.30000","4.37682","3,543.11279","0.01624","0.00826","152.08777"
"131.40000","4.38011","3,545.48608","0.01629","0.00834","152.18965"
"131.50000","4.38332","3,547.23853","0.01633","0.00833","152.26486"
"131.60000","4.38668","3,548.83643","0.01632","0.00830","152.33347"
"131.70000","4.39012","3,551.91016","0.01634","0.00830","152.46539"
"131.80000","4.39326","3,553.77759","0.01632","0.00835","152.54556"
"131.90000","4.39677","3,557.35571","0.01647","0.00838","152.69914"
"132.00000","4.40028","3,559.73755","0.01640","0.00843","152.80139"
"132.10000","4.40335","3,561.31787","0.01640","0.00833","152.86922"
"132.20000","4.40671","3,563.38428","0.01637","0.00832","152.95793"
"132.30000","4.41015","3,565.68359","0.01648","0.00837","153.05663"
"132.40000","4.41329","3,568.23438","0.01648","0.00841","153.16611"
"132.50000","4.41673","3,570.62158","0.01647","0.00840","153.26859"
"132.60000","4.42009","3,572.98218","0.01646","0.00842","153.36992"
"132.70000","4.42345","3,574.29321","0.01647","0.00851","153.42619"
"132.76600","4.42562","3,269.17090","0.01647","0.00848","140.32884"
"132.77000","4.42584","2,940.58521","0.01647","0.00848","126.22433"
"132.77400","4.42599","2,557.83545","0.01647","0.00848","109.79484"
"132.77800","4.42614","2,158.43506","0.01647","0.00848","92.65061"
"132.78000","4.42622","1,960.83704","0.01647","0.00848","84.16874"
