obs_id,source_id,fibre_species,fibre_form,fibre_length_mm,matrix,process,fibre_loading,loading_unit,treatment_type,treatment_conc,property,value,unit,value_basis,reading_uncertainty,statistic,test_method,text_location,figure_location,crosscheck,is_fibre_composite,notes
BAE01,BAMBOO-EPOXY-RAMARAO-2018,Bamboo (species not stated),"short fibre, manually cut, ~3 mm wide strips",6,Epoxy resin + hardener HY 951 (Ciba Geigy India); mix ratio not stated,hand mixing; closed mould 200x200x40 mm; 50 kg dead load 24 h; air cure 24 h,15,wt%,none stated,n/a (no chemical treatment described),tensile_strength,12,MPa,graph_estimate,+/-0.5 MPa (bar tops on/between 2 MPa gridlines),"not stated (single bar per condition; no error bars, no n)",ASTM D3039-76; Tinius Olsen H10KS (p.2-3),no numeric value in text or any table; Sec 5.1 'tabulated below' but no table present,"Unnumbered chart under Sec 5.1 (journal/PDF p.3, left column)",none possible (no text/table value),True,Estimate only; NOT a verified observation. Chart legend: 'Weigth Percentage of Bamboo Sticks'.
BAE02,BAMBOO-EPOXY-RAMARAO-2018,Bamboo (species not stated),"short fibre, manually cut, ~3 mm wide strips",6,Epoxy resin + hardener HY 951 (Ciba Geigy India); mix ratio not stated,hand mixing; closed mould 200x200x40 mm; 50 kg dead load 24 h; air cure 24 h,30,wt%,none stated,n/a (no chemical treatment described),tensile_strength,13,MPa,graph_estimate,+/-0.5 MPa (bar tops on/between 2 MPa gridlines),"not stated (single bar per condition; no error bars, no n)",ASTM D3039-76; Tinius Olsen H10KS (p.2-3),no numeric value in text or any table; Sec 5.1 'tabulated below' but no table present,"Unnumbered chart under Sec 5.1 (journal/PDF p.3, left column)",none possible (no text/table value),True,Estimate only; NOT a verified observation. Chart legend: 'Weigth Percentage of Bamboo Sticks'.
BAE03,BAMBOO-EPOXY-RAMARAO-2018,Bamboo (species not stated),"short fibre, manually cut, ~3 mm wide strips",6,Epoxy resin + hardener HY 951 (Ciba Geigy India); mix ratio not stated,hand mixing; closed mould 200x200x40 mm; 50 kg dead load 24 h; air cure 24 h,45,wt%,none stated,n/a (no chemical treatment described),tensile_strength,14,MPa,graph_estimate,+/-0.5 MPa (bar tops on/between 2 MPa gridlines),"not stated (single bar per condition; no error bars, no n)",ASTM D3039-76; Tinius Olsen H10KS (p.2-3),no numeric value in text or any table; Sec 5.1 'tabulated below' but no table present,"Unnumbered chart under Sec 5.1 (journal/PDF p.3, left column)",none possible (no text/table value),True,Estimate only; NOT a verified observation. Chart legend: 'Weigth Percentage of Bamboo Sticks'.
BAE04,BAMBOO-EPOXY-RAMARAO-2018,Bamboo (species not stated),"short fibre, manually cut, ~3 mm wide strips",8,Epoxy resin + hardener HY 951 (Ciba Geigy India); mix ratio not stated,hand mixing; closed mould 200x200x40 mm; 50 kg dead load 24 h; air cure 24 h,15,wt%,none stated,n/a (no chemical treatment described),tensile_strength,14,MPa,graph_estimate,+/-0.5 MPa (bar tops on/between 2 MPa gridlines),"not stated (single bar per condition; no error bars, no n)",ASTM D3039-76; Tinius Olsen H10KS (p.2-3),no numeric value in text or any table; Sec 5.1 'tabulated below' but no table present,"Unnumbered chart under Sec 5.1 (journal/PDF p.3, left column)",none possible (no text/table value),True,Estimate only; NOT a verified observation. Chart legend: 'Weigth Percentage of Bamboo Sticks'.
BAE05,BAMBOO-EPOXY-RAMARAO-2018,Bamboo (species not stated),"short fibre, manually cut, ~3 mm wide strips",8,Epoxy resin + hardener HY 951 (Ciba Geigy India); mix ratio not stated,hand mixing; closed mould 200x200x40 mm; 50 kg dead load 24 h; air cure 24 h,30,wt%,none stated,n/a (no chemical treatment described),tensile_strength,15,MPa,graph_estimate,+/-0.5 MPa (bar tops on/between 2 MPa gridlines),"not stated (single bar per condition; no error bars, no n)",ASTM D3039-76; Tinius Olsen H10KS (p.2-3),no numeric value in text or any table; Sec 5.1 'tabulated below' but no table present,"Unnumbered chart under Sec 5.1 (journal/PDF p.3, left column)",none possible (no text/table value),True,Estimate only; NOT a verified observation. Chart legend: 'Weigth Percentage of Bamboo Sticks'.
BAE06,BAMBOO-EPOXY-RAMARAO-2018,Bamboo (species not stated),"short fibre, manually cut, ~3 mm wide strips",8,Epoxy resin + hardener HY 951 (Ciba Geigy India); mix ratio not stated,hand mixing; closed mould 200x200x40 mm; 50 kg dead load 24 h; air cure 24 h,45,wt%,none stated,n/a (no chemical treatment described),tensile_strength,16,MPa,graph_estimate,+/-0.5 MPa (bar tops on/between 2 MPa gridlines),"not stated (single bar per condition; no error bars, no n)",ASTM D3039-76; Tinius Olsen H10KS (p.2-3),no numeric value in text or any table; Sec 5.1 'tabulated below' but no table present,"Unnumbered chart under Sec 5.1 (journal/PDF p.3, left column)",none possible (no text/table value),True,Estimate only; NOT a verified observation. Chart legend: 'Weigth Percentage of Bamboo Sticks'.
BAE07,BAMBOO-EPOXY-RAMARAO-2018,Bamboo (species not stated),"short fibre, manually cut, ~3 mm wide strips",12,Epoxy resin + hardener HY 951 (Ciba Geigy India); mix ratio not stated,hand mixing; closed mould 200x200x40 mm; 50 kg dead load 24 h; air cure 24 h,15,wt%,none stated,n/a (no chemical treatment described),tensile_strength,16,MPa,graph_estimate,+/-0.5 MPa (bar tops on/between 2 MPa gridlines),"not stated (single bar per condition; no error bars, no n)",ASTM D3039-76; Tinius Olsen H10KS (p.2-3),no numeric value in text or any table; Sec 5.1 'tabulated below' but no table present,"Unnumbered chart under Sec 5.1 (journal/PDF p.3, left column)",none possible (no text/table value),True,Estimate only; NOT a verified observation. Chart legend: 'Weigth Percentage of Bamboo Sticks'.
BAE08,BAMBOO-EPOXY-RAMARAO-2018,Bamboo (species not stated),"short fibre, manually cut, ~3 mm wide strips",12,Epoxy resin + hardener HY 951 (Ciba Geigy India); mix ratio not stated,hand mixing; closed mould 200x200x40 mm; 50 kg dead load 24 h; air cure 24 h,30,wt%,none stated,n/a (no chemical treatment described),tensile_strength,18,MPa,graph_estimate,+/-0.5 MPa (bar tops on/between 2 MPa gridlines),"not stated (single bar per condition; no error bars, no n)",ASTM D3039-76; Tinius Olsen H10KS (p.2-3),no numeric value in text or any table; Sec 5.1 'tabulated below' but no table present,"Unnumbered chart under Sec 5.1 (journal/PDF p.3, left column)",none possible (no text/table value),True,Estimate only; NOT a verified observation. Chart legend: 'Weigth Percentage of Bamboo Sticks'.
BAE09,BAMBOO-EPOXY-RAMARAO-2018,Bamboo (species not stated),"short fibre, manually cut, ~3 mm wide strips",12,Epoxy resin + hardener HY 951 (Ciba Geigy India); mix ratio not stated,hand mixing; closed mould 200x200x40 mm; 50 kg dead load 24 h; air cure 24 h,45,wt%,none stated,n/a (no chemical treatment described),tensile_strength,19,MPa,graph_estimate,+/-0.5 MPa (bar tops on/between 2 MPa gridlines),"not stated (single bar per condition; no error bars, no n)",ASTM D3039-76; Tinius Olsen H10KS (p.2-3),no numeric value in text or any table; Sec 5.1 'tabulated below' but no table present,"Unnumbered chart under Sec 5.1 (journal/PDF p.3, left column)",none possible (no text/table value),True,Estimate only; NOT a verified observation. Chart legend: 'Weigth Percentage of Bamboo Sticks'.
