Modulus (Segment 0.001 mm/mm - 0.008 mm/mm) : Modulus (Segment 0.001 mm/mm - 0.008 mm/mm),"4,155.98488",MPa
Poisson's ratio (Least squares fit) : Poisson's ratio (Least squares fit),
Specimen properties : Gauge length,"15.34000",mm
Specimen properties : Gauge length transverse,"5.12400",mm
Specimen properties : Thickness,"1.87000",mm
Specimen properties : Width,"25.21000",mm

Time,Extension,Load,Video axial strain,Video transverse strain,Calculated Stress
(s),(mm),(N),(mm/mm),(mm/mm),(MPa)
"0.00000","0.00000","22.47180","0.00001","-0.00008","0.47668"
"0.10000","0.00179","22.94016","-0.00001","0.00002","0.48661"
"0.20000","0.00613","30.82327","0.00006","-0.00006","0.65383"
"0.30000","0.00987","37.64444","0.00010","-0.00022","0.79852"
"0.40000","0.01345","46.01570","0.00015","-0.00034","0.97609"
"0.50000","0.01674","50.42027","0.00018","-0.00054","1.06952"
"0.60000","0.02003","56.99321","0.00023","-0.00079","1.20895"
"0.70000","0.02347","63.25602","0.00026","-0.00067","1.34180"
"0.80000","0.02676","69.30132","0.00028","-0.00077","1.47003"
"0.90000","0.02997","75.37830","0.00031","-0.00082","1.59894"
"1.00000","0.03341","81.25482","0.00035","-0.00078","1.72359"
"1.10000","0.03685","87.88449","0.00038","-0.00084","1.86422"
"1.20000","0.04006","93.46054","0.00043","-0.00087","1.98250"
"1.30000","0.04350","100.02525","0.00043","-0.00083","2.12175"
"1.40000","0.04686","105.83954","0.00046","-0.00083","2.24509"
"1.50000","0.05000","111.25627","0.00052","-0.00081","2.35999"
"1.60000","0.05336","117.26232","0.00053","-0.00085","2.48739"
"1.70000","0.05673","123.31565","0.00059","-0.00086","2.61580"
"1.80000","0.06001","129.19620","0.00059","-0.00086","2.74053"
"1.90000","0.06338","135.07242","0.00060","-0.00083","2.86518"
"2.00000","0.06681","141.24387","0.00067","-0.00080","2.99609"
"2.10000","0.07003","147.43051","0.00068","-0.00081","3.12732"
"2.20000","0.07332","153.09024","0.00069","-0.00049","3.24738"
"2.30000","0.07668","159.35780","0.00071","-0.00022","3.38033"
"2.40000","0.08012","164.56995","0.00076","-0.00020","3.49089"
"2.50000","0.08333","170.35548","0.00079","-0.00014","3.61361"
"2.60000","0.08677","176.53972","0.00081","-0.00016","3.74479"
"2.70000","0.09021","182.84727","0.00087","0.00013","3.87859"
"2.80000","0.09327","188.01370","0.00088","0.00022","3.98818"
"2.90000","0.09671","194.11259","0.00091","0.00023","4.11755"
"3.00000","0.10015","200.34409","0.00095","0.00031","4.24974"
"3.10000","0.10329","206.31061","0.00100","0.00017","4.37630"
"3.20000","0.10672","211.97878","0.00101","0.00017","4.49653"
"3.30000","0.11024","218.19740","0.00102","0.00014","4.62845"
"3.40000","0.11345","223.40491","0.00106","0.00003","4.73891"
"3.50000","0.11674","228.90485","0.00109","-0.00006","4.85557"
"3.60000","0.12003","235.12880","0.00111","-0.00011","4.98760"
"3.70000","0.12347","241.20596","0.00114","-0.00020","5.11651"
"3.80000","0.12660","246.08606","0.00117","-0.00048","5.22002"
"3.90000","0.13004","251.80672","0.00116","-0.00062","5.34137"
"4.00000","0.13355","258.03497","0.00122","-0.00086","5.47349"
"4.10000","0.13662","262.92322","0.00126","-0.00052","5.57718"
"4.20000","0.14006","269.31213","0.00126","-0.00066","5.71270"
"4.30000","0.14349","274.89694","0.00128","-0.00088","5.83117"
"4.40000","0.14663","279.61478","0.00132","-0.00083","5.93124"
"4.50000","0.15007","286.53091","0.00135","-0.00081","6.07795"
"4.60000","0.15343","292.08270","0.00139","-0.00081","6.19571"
"4.70000","0.15672","297.49417","0.00141","-0.00084","6.31050"
"4.80000","0.16009","303.45770","0.00144","-0.00079","6.43700"
"4.90000","0.16345","309.30328","0.00147","-0.00081","6.56100"
"5.00000","0.16681","314.76474","0.00147","-0.00085","6.67685"
"5.10000","0.16995","320.06699","0.00152","-0.00082","6.78932"
"5.20000","0.17339","325.46011","0.00154","-0.00088","6.90372"
"5.30000","0.17683","331.39084","0.00155","-0.00077","7.02953"
"5.40000","0.17997","336.90631","0.00161","-0.00072","7.14652"
"5.50000","0.18348","341.98148","0.00162","-0.00078","7.25418"
"5.60000","0.18684","347.52957","0.00161","-0.00072","7.37186"
"5.70000","0.18991","352.99930","0.00164","-0.00043","7.48789"
"5.80000","0.19342","358.55063","0.00171","-0.00021","7.60564"
"5.90000","0.19678","364.08087","0.00172","-0.00013","7.72295"
"6.00000","0.20000","369.77017","0.00174","0.00012","7.84364"
"6.10000","0.20343","375.12830","0.00177","0.00029","7.95729"
"6.20000","0.20680","381.43500","0.00179","0.00038","8.09107"
"6.30000","0.21009","386.62827","0.00185","0.00037","8.20123"
"6.40000","0.21330","391.08725","0.00183","0.00031","8.29582"
"6.50000","0.21666","396.99231","0.00187","0.00019","8.42108"
"6.60000","0.22010","402.87283","0.00188","0.00016","8.54582"
"6.70000","0.22324","407.66095","0.00194","0.00013","8.64738"
"6.80000","0.22675","413.54062","0.00195","0.00002","8.77210"
"6.90000","0.23019","419.49469","0.00198","0.00000","8.89840"
"7.00000","0.23333","423.94543","0.00202","-0.00010","8.99281"
"7.10000","0.23677","429.59085","0.00204","-0.00015","9.11256"
"7.20000","0.24005","434.44135","0.00204","-0.00032","9.21545"
"7.30000","0.24327","439.85251","0.00207","-0.00055","9.33024"
"7.40000","0.24678","445.69760","0.00213","-0.00035","9.45422"
"7.50000","0.25007","451.14090","0.00214","-0.00044","9.56969"
"7.60000","0.25343","456.21387","0.00218","-0.00067","9.67730"
"7.70000","0.25665","460.95200","0.00219","-0.00073","9.77780"
"7.80000","0.26008","466.82913","0.00221","-0.00081","9.90247"
"7.90000","0.26345","472.22827","0.00224","-0.00078","10.01700"
"8.00000","0.26659","477.82343","0.00227","-0.00074","10.13568"
"8.10000","0.27010","482.84006","0.00228","-0.00068","10.24210"
"8.20000","0.27346","488.18863","0.00232","-0.00072","10.35555"
"8.30000","0.27660","493.59683","0.00232","-0.00070","10.47027"
"8.40000","0.28019","498.11169","0.00235","-0.00074","10.56604"
"8.50000","0.28348","503.51941","0.00239","-0.00074","10.68075"
"8.60000","0.28662","508.62631","0.00243","-0.00074","10.78908"
"8.70000","0.29005","514.37982","0.00244","-0.00067","10.91112"
"8.80000","0.29334","519.54327","0.00245","-0.00063","11.02065"
"8.90000","0.29671","524.39563","0.00246","-0.00046","11.12358"
"9.00000","0.29999","530.43353","0.00253","-0.00039","11.25166"
"9.10000","0.30343","535.25800","0.00257","-0.00019","11.35400"
"9.20000","0.30679","540.54761","0.00258","0.00008","11.46620"
"9.30000","0.30993","545.12677","0.00255","0.00018","11.56333"
"9.40000","0.31345","550.63330","0.00258","0.00027","11.68014"
"9.50000","0.31673","555.90283","0.00264","0.00055","11.79192"
"9.60000","0.31995","560.53577","0.00265","0.00049","11.89019"
"9.70000","0.32346","566.48059","0.00270","0.00041","12.01630"
"9.80000","0.32682","571.29132","0.00275","0.00033","12.11834"
"9.90000","0.33004","575.52356","0.00274","0.00030","12.20812"
"10.00000","0.33340","581.09180","0.00278","0.00022","12.32623"
"10.10000","0.33669","586.02100","0.00281","0.00013","12.43079"
"10.20000","0.33998","590.78363","0.00284","0.00012","12.53182"
"10.30000","0.34334","596.95795","0.00287","-0.00019","12.66279"
"10.40000","0.34678","601.69006","0.00287","0.00019","12.76317"
"10.50000","0.35007","607.06055","0.00292","0.00000","12.87708"
"10.60000","0.35336","611.38641","0.00295","-0.00027","12.96885"
"10.70000","0.35679","617.00500","0.00299","-0.00033","13.08803"
"10.80000","0.36008","622.23358","0.00302","-0.00060","13.19894"
"10.90000","0.36330","627.24084","0.00303","-0.00059","13.30515"
"11.00000","0.36673","632.17126","0.00306","-0.00064","13.40974"
"11.10000","0.37010","637.10962","0.00308","-0.00069","13.51449"
"11.20000","0.37339","642.05920","0.00308","-0.00075","13.61948"
"11.30000","0.37675","647.43372","0.00313","-0.00071","13.73349"
"11.40000","0.38019","652.58374","0.00316","-0.00068","13.84273"
"11.50000","0.38333","657.25427","0.00319","-0.00072","13.94180"
"11.60000","0.38669","662.76740","0.00323","-0.00070","14.05875"
"11.70000","0.39013","667.52368","0.00329","-0.00068","14.15964"
"11.80000","0.39341","672.05457","0.00327","-0.00071","14.25575"
"11.90000","0.39670","677.78363","0.00325","-0.00068","14.37728"
"12.00000","0.40014","682.94745","0.00326","-0.00062","14.48681"
"12.10000","0.40343","687.99036","0.00330","-0.00060","14.59378"
"12.20000","0.40664","691.91840","0.00339","-0.00066","14.67711"
"12.30000","0.41001","697.35303","0.00338","-0.00039","14.79239"
"12.40000","0.41344","701.87329","0.00335","-0.00020","14.88827"
"12.50000","0.41666","706.99408","0.00342","0.00005","14.99689"
"12.60000","0.42002","711.46057","0.00344","0.00022","15.09164"
"12.70000","0.42353","716.85773","0.00345","0.00026","15.20612"
"12.80000","0.42667","721.91376","0.00353","0.00045","15.31337"
"12.90000","0.43004","727.13812","0.00356","0.00051","15.42419"
"13.00000","0.43347","732.74524","0.00356","0.00052","15.54313"
"13.10000","0.43661","736.69080","0.00356","0.00045","15.62683"
"13.20000","0.44005","741.48236","0.00360","0.00036","15.72847"
"13.30000","0.44349","746.29803","0.00363","0.00032","15.83062"
"13.40000","0.44678","750.88037","0.00368","0.00023","15.92782"
"13.50000","0.45007","755.71667","0.00369","0.00044","16.03041"
"13.60000","0.45335","761.02643","0.00372","0.00037","16.14304"
"13.70000","0.45679","765.79846","0.00373","0.00015","16.24426"
"13.80000","0.45993","770.49976","0.00377","-0.00013","16.34399"
"13.90000","0.46337","774.96057","0.00377","-0.00020","16.43861"
"14.00000","0.46696","779.93091","0.00380","-0.00032","16.54404"
"14.10000","0.47002","785.06525","0.00383","-0.00036","16.65295"
"14.20000","0.47346","789.53558","0.00383","-0.00049","16.74778"
"14.30000","0.47682","794.37781","0.00386","-0.00055","16.85049"
"14.40000","0.47996","799.66809","0.00391","-0.00062","16.96271"
"14.50000","0.48340","803.71582","0.00395","-0.00066","17.04857"
"14.60000","0.48676","809.61475","0.00397","-0.00061","17.17370"
"14.70000","0.49012","813.70428","0.00398","-0.00061","17.26045"
"14.80000","0.49341","817.98553","0.00400","-0.00056","17.35127"
"14.90000","0.49678","823.16699","0.00404","-0.00050","17.46118"
"15.00000","0.50014","828.10626","0.00403","-0.00059","17.56595"
"15.10000","0.50328","832.02338","0.00407","-0.00058","17.64904"
"15.20000","0.50664","836.96686","0.00413","-0.00059","17.75390"
"15.30000","0.51015","842.24323","0.00415","-0.00066","17.86583"
"15.40000","0.51329","845.94275","0.00422","-0.00055","17.94430"
"15.50000","0.51681","851.03369","0.00431","-0.00039","18.05229"
"15.60000","0.52024","856.26849","0.00431","-0.00025","18.16333"
"15.70000","0.52331","860.29053","0.00425","0.00011","18.24865"
"15.80000","0.52675","865.32880","0.00430","0.00018","18.35552"
"15.90000","0.53003","869.92682","0.00440","0.00028","18.45305"
"16.00000","0.53332","874.38367","0.00443","0.00052","18.54759"
"16.10000","0.53676","878.84448","0.00444","0.00068","18.64222"
"16.20000","0.54012","883.43134","0.00442","0.00064","18.73952"
"16.30000","0.54356","887.84454","0.00444","0.00051","18.83313"
"16.40000","0.54670","892.35266","0.00445","0.00052","18.92876"
"16.50000","0.55006","897.12823","0.00447","0.00059","19.03006"
"16.60000","0.55350","901.64233","0.00457","0.00073","19.12581"
"16.70000","0.55657","905.73700","0.00455","0.00085","19.21267"
"16.80000","0.56015","910.34973","0.00459","0.00074","19.31051"
"16.90000","0.56352","915.28406","0.00458","0.00041","19.41518"
"17.00000","0.56666","919.70386","0.00459","0.00018","19.50893"
"17.10000","0.57017","923.52972","0.00462","-0.00004","19.59009"
"17.20000","0.57346","928.20630","0.00473","-0.00023","19.68929"
"17.30000","0.57667","933.24829","0.00465","-0.00031","19.79624"
"17.40000","0.58003","937.03278","0.00468","-0.00035","19.87652"
"17.50000","0.58332","941.05902","0.00472","-0.00047","19.96193"
"17.60000","0.58676","945.88556","0.00474","-0.00044","20.06431"
"17.70000","0.59005","951.12921","0.00480","-0.00054","20.17554"
"17.80000","0.59341","955.23193","0.00476","-0.00056","20.26256"
"17.90000","0.59677","958.98322","0.00481","-0.00054","20.34214"
"18.00000","0.59991","963.00061","0.00484","-0.00057","20.42735"
"18.10000","0.60343","967.42157","0.00487","-0.00056","20.52113"
"18.20000","0.60679","971.56458","0.00487","-0.00061","20.60901"
"18.30000","0.61000","976.55206","0.00499","-0.00057","20.71481"
"18.40000","0.61352","980.28619","0.00494","-0.00053","20.79402"
"18.50000","0.61680","984.24377","0.00502","-0.00053","20.87797"
"18.60000","0.62002","989.12799","0.00501","-0.00050","20.98157"
"18.70000","0.62338","993.65900","0.00507","-0.00053","21.07768"
"18.80000","0.62667","997.21497","0.00509","-0.00049","21.15311"
"18.90000","0.63003","1,001.67822","0.00513","-0.00033","21.24779"
"19.00000","0.63332","1,006.01337","0.00520","0.00004","21.33975"
"19.10000","0.63683","1,010.29810","0.00516","0.00026","21.43064"
"19.20000","0.64020","1,015.08862","0.00522","0.00047","21.53226"
"19.30000","0.64334","1,018.42255","0.00522","0.00086","21.60297"
"19.40000","0.64670","1,023.45709","0.00527","0.00084","21.70977"
"19.50000","0.65006","1,027.29456","0.00532","0.00070","21.79117"
"19.60000","0.65320","1,031.02905","0.00535","0.00061","21.87039"
"19.70000","0.65679","1,035.43152","0.00540","0.00095","21.96377"
"19.80000","0.66008","1,039.20020","0.00540","0.00110","22.04371"
"19.90000","0.66336","1,043.79956","0.00542","0.00102","22.14128"
"20.00000","0.66673","1,047.95447","0.00545","0.00087","22.22941"
"20.10000","0.67009","1,052.21545","0.00546","0.00071","22.31980"
"20.20000","0.67338","1,055.42334","0.00552","0.00017","22.38784"
"20.30000","0.67667","1,059.79443","0.00555","0.00010","22.48056"
"20.40000","0.68011","1,064.58203","0.00556","-0.00007","22.58212"
"20.50000","0.68347","1,069.12048","0.00561","-0.00022","22.67839"
"20.60000","0.68668","1,072.35193","0.00560","-0.00030","22.74693"
"20.70000","0.69012","1,076.63916","0.00563","-0.00029","22.83788"
"20.80000","0.69348","1,080.73938","0.00567","-0.00035","22.92485"
"20.90000","0.69662","1,084.58228","0.00569","-0.00046","23.00637"
"21.00000","0.70006","1,088.55103","0.00571","-0.00046","23.09055"
"21.10000","0.70342","1,092.88049","0.00570","-0.00049","23.18239"
"21.20000","0.70671","1,096.97449","0.00573","-0.00050","23.26923"
"21.30000","0.71015","1,101.33081","0.00577","-0.00049","23.36164"
"21.40000","0.71351","1,105.53210","0.00577","-0.00041","23.45076"
"21.50000","0.71673","1,109.04407","0.00578","-0.00051","23.52526"
"21.60000","0.72002","1,112.93176","0.00575","-0.00044","23.60772"
"21.70000","0.72345","1,116.68921","0.00576","-0.00049","23.68743"
"21.80000","0.72674","1,121.75415","0.00587","-0.00051","23.79486"
"21.90000","0.73003","1,124.38367","0.00591","-0.00053","23.85064"
"22.00000","0.73347","1,128.41345","0.00589","-0.00044","23.93612"
"22.10000","0.73683","1,133.58521","0.00592","-0.00027","24.04583"
"22.20000","0.73997","1,135.90344","0.00598","-0.00008","24.09500"
"22.30000","0.74333","1,139.61914","0.00599","0.00036","24.17382"
"22.40000","0.74677","1,144.20703","0.00608","0.00058","24.27114"
"22.50000","0.74991","1,148.44226","0.00607","0.00076","24.36098"
"22.60000","0.75342","1,152.22742","0.00607","0.00080","24.44127"
"22.70000","0.75694","1,155.98071","0.00610","0.00078","24.52089"
"22.80000","0.76007","1,160.29163","0.00613","0.00085","24.61233"
"22.90000","0.76336","1,163.19177","0.00616","0.00108","24.67385"
"23.00000","0.76680","1,167.24133","0.00622","0.00110","24.75975"
"23.10000","0.77001","1,171.11816","0.00625","0.00103","24.84198"
"23.20000","0.77338","1,174.94714","0.00628","0.00085","24.92320"
"23.30000","0.77682","1,178.21851","0.00629","0.00060","24.99260"
"23.40000","0.78010","1,182.98352","0.00630","0.00021","25.09367"
"23.50000","0.78339","1,185.22986","0.00629","0.00007","25.14132"
"23.60000","0.78676","1,189.70325","0.00634","-0.00008","25.23621"
"23.70000","0.79019","1,193.36670","0.00637","-0.00008","25.31392"
"23.80000","0.79326","1,195.78613","0.00639","-0.00007","25.36525"
"23.90000","0.79670","1,199.71228","0.00640","-0.00014","25.44853"
"24.00000","0.80013","1,203.77686","0.00644","-0.00029","25.53475"
"24.10000","0.80327","1,206.78589","0.00647","-0.00026","25.59857"
"24.20000","0.80678","1,210.96350","0.00649","-0.00047","25.68719"
"24.30000","0.81015","1,213.88525","0.00650","-0.00046","25.74917"
"24.40000","0.81329","1,217.18469","0.00651","-0.00042","25.81915"
"24.50000","0.81672","1,220.70850","0.00655","-0.00039","25.89390"
"24.60000","0.82009","1,224.53967","0.00658","-0.00042","25.97517"
"24.70000","0.82338","1,228.33960","0.00658","-0.00042","26.05577"
"24.80000","0.82674","1,230.67346","0.00659","-0.00044","26.10528"
"24.90000","0.83010","1,233.76123","0.00662","-0.00048","26.17078"
"25.00000","0.83354","1,238.16687","0.00665","-0.00050","26.26423"
"25.10000","0.83660","1,240.90320","0.00670","-0.00054","26.32228"
"25.20000","0.84004","1,243.32288","0.00669","-0.00044","26.37360"
"25.30000","0.84348","1,247.05518","0.00675","-0.00018","26.45277"
"25.40000","0.84662","1,249.44080","0.00678","-0.00021","26.50338"
"25.50000","0.85013","1,253.19275","0.00677","0.00045","26.58297"
"25.60000","0.85357","1,257.23596","0.00682","0.00069","26.66873"
"25.70000","0.85663","1,260.11133","0.00679","0.00070","26.72972"
"25.80000","0.86007","1,262.60925","0.00684","0.00086","26.78271"
"25.90000","0.86344","1,266.31079","0.00692","0.00074","26.86123"
"26.00000","0.86665","1,269.73572","0.00695","0.00097","26.93388"
"26.10000","0.87001","1,272.32007","0.00694","0.00114","26.98870"
"26.20000","0.87338","1,274.94568","0.00697","0.00107","27.04439"
"26.30000","0.87681","1,278.15051","0.00697","0.00105","27.11237"
"26.40000","0.88003","1,281.61462","0.00701","0.00075","27.18586"
"26.50000","0.88339","1,284.38000","0.00703","0.00055","27.24451"
"26.60000","0.88675","1,287.64673","0.00708","0.00013","27.31381"
"26.70000","0.88989","1,291.10876","0.00710","0.00005","27.38725"
"26.80000","0.89348","1,293.55737","0.00713","-0.00004","27.43919"
"26.90000","0.89684","1,296.76184","0.00712","-0.00002","27.50716"
"27.00000","0.89998","1,299.59326","0.00715","-0.00002","27.56722"
"27.10000","0.90349","1,302.53577","0.00719","-0.00014","27.62964"
"27.20000","0.90678","1,306.00403","0.00721","-0.00028","27.70321"
"27.30000","0.91000","1,307.44250","0.00725","-0.00039","27.73372"
"27.40000","0.91336","1,311.27856","0.00727","-0.00044","27.81509"
"27.50000","0.91665","1,313.21155","0.00728","-0.00036","27.85610"
"27.60000","0.92009","1,316.51770","0.00733","-0.00037","27.92623"
"27.70000","0.92337","1,319.06458","0.00735","-0.00039","27.98025"
"27.80000","0.92674","1,321.82385","0.00736","-0.00037","28.03878"
"27.90000","0.93018","1,325.30103","0.00737","-0.00035","28.11254"
"28.00000","0.93331","1,327.49402","0.00744","-0.00038","28.15906"
"28.10000","0.93675","1,330.54175","0.00744","-0.00034","28.22371"
"28.20000","0.94004","1,332.58081","0.00747","-0.00042","28.26696"
"28.30000","0.94325","1,335.70508","0.00749","-0.00034","28.33323"
"28.40000","0.94677","1,338.25745","0.00749","-0.00032","28.38737"
"28.50000","0.95013","1,340.76086","0.00754","-0.00025","28.44048"
"28.60000","0.95342","1,343.40918","0.00754","0.00012","28.49665"
"28.70000","0.95671","1,345.24646","0.00758","0.00069","28.53563"
"28.80000","0.96000","1,348.15161","0.00761","0.00108","28.59725"
"28.90000","0.96336","1,350.65625","0.00768","0.00094","28.65038"
"29.00000","0.96665","1,353.48035","0.00770","0.00108","28.71029"
"29.10000","0.97008","1,356.25464","0.00770","0.00095","28.76913"
"29.20000","0.97352","1,358.61072","0.00773","0.00097","28.81911"
"29.30000","0.97666","1,360.08667","0.00771","0.00118","28.85042"
"29.40000","0.98010","1,362.75476","0.00775","0.00111","28.90701"
"29.50000","0.98346","1,364.98120","0.00780","0.00085","28.95424"
"29.60000","0.98660","1,367.25256","0.00780","0.00063","29.00242"
"29.70000","0.99011","1,370.26819","0.00786","0.00014","29.06639"
"29.80000","0.99355","1,372.22693","0.00786","0.00020","29.10794"
"29.90000","0.99677","1,374.04724","0.00790","0.00008","29.14655"
"30.00000","1.00013","1,375.61328","0.00794","0.00009","29.17977"
"30.10000","1.00342","1,378.31543","0.00792","0.00006","29.23709"
"30.20000","1.00671","1,380.32458","0.00799","0.00001","29.27971"
"30.30000","1.00999","1,381.81970","0.00801","-0.00015","29.31142"
"30.40000","1.01343","1,384.49133","0.00803","-0.00025","29.36810"
"30.50000","1.01672","1,387.17651","0.00807","-0.00031","29.42505"
"30.60000","1.02001","1,388.07666","0.00809","-0.00032","29.44415"
"30.70000","1.02345","1,390.27271","0.00811","-0.00032","29.49073"
"30.80000","1.02674","1,392.48303","0.00812","-0.00032","29.53762"
"30.90000","1.02995","1,393.65759","0.00813","-0.00038","29.56253"
"31.00000","1.03331","1,395.21301","0.00815","-0.00041","29.59553"
"31.10000","1.03675","1,397.41882","0.00824","-0.00042","29.64232"
"31.20000","1.03996","1,399.00098","0.00822","-0.00039","29.67588"
"31.30000","1.04340","1,400.53064","0.00826","-0.00033","29.70832"
"31.40000","1.04691","1,402.90613","0.00831","-0.00038","29.75871"
"31.50000","1.05005","1,404.39111","0.00831","-0.00046","29.79021"
"31.60000","1.05334","1,406.33447","0.00836","-0.00015","29.83144"
"31.70000","1.05678","1,407.21460","0.00838","0.00051","29.85011"
"31.80000","1.06007","1,408.55872","0.00841","0.00063","29.87862"
"31.90000","1.06336","1,409.95789","0.00845","0.00095","29.90830"
"32.00000","1.06687","1,412.19763","0.00846","0.00085","29.95581"
"32.10000","1.07016","1,413.73291","0.00850","0.00090","29.98837"
"32.20000","1.07337","1,414.82068","0.00853","0.00129","30.01145"
"32.30000","1.07673","1,416.28027","0.00851","0.00125","30.04241"
"32.40000","1.08010","1,417.71545","0.00857","0.00116","30.07285"
"32.50000","1.08324","1,418.83582","0.00862","0.00081","30.09662"
"32.60000","1.08667","1,420.41663","0.00864","0.00036","30.13015"
"32.70000","1.09019","1,421.46387","0.00864","0.00028","30.15236"
"32.80000","1.09333","1,422.08472","0.00869","0.00020","30.16553"
"32.90000","1.09669","1,423.33826","0.00870","0.00011","30.19212"
"33.00000","1.10013","1,424.38806","0.00876","0.00017","30.21439"
"33.10000","1.10334","1,425.71802","0.00877","0.00016","30.24260"
"33.20000","1.10670","1,427.24878","0.00879","0.00007","30.27508"
"33.30000","1.11014","1,428.18262","0.00882","-0.00004","30.29488"
"33.40000","1.11351","1,429.76501","0.00885","-0.00015","30.32845"
"33.50000","1.11679","1,429.48096","0.00889","-0.00036","30.32242"
"33.60000","1.12016","1,430.91870","0.00888","-0.00033","30.35292"
"33.70000","1.12352","1,432.01514","0.00896","-0.00042","30.37618"
"33.80000","1.12658","1,433.26367","0.00895","-0.00031","30.40266"
"33.90000","1.13002","1,433.96545","0.00899","-0.00044","30.41755"
"34.00000","1.13353","1,435.29871","0.00904","-0.00042","30.44583"
"34.10000","1.13660","1,435.48718","0.00906","-0.00041","30.44983"
"34.20000","1.14011","1,436.54858","0.00912","-0.00044","30.47234"
"34.30000","1.14355","1,436.70056","0.00915","-0.00045","30.47557"
"34.40000","1.14661","1,437.28735","0.00915","-0.00045","30.48802"
"34.50000","1.15005","1,438.71802","0.00918","-0.00049","30.51836"
"34.60000","1.15341","1,438.82849","0.00920","-0.00030","30.52071"
"34.70000","1.15670","1,439.62158","0.00924","0.00005","30.53753"
"34.80000","1.15999","1,440.11719","0.00927","0.00035","30.54804"
"34.90000","1.16343","1,441.42224","0.00928","0.00096","30.57573"
"35.00000","1.16687","1,442.52014","0.00931","0.00138","30.59901"
"35.10000","1.17001","1,442.33923","0.00935","0.00136","30.59518"
"35.20000","1.17337","1,443.02673","0.00936","0.00135","30.60976"
"35.30000","1.17681","1,443.54688","0.00941","0.00123","30.62079"
"35.40000","1.17987","1,443.60730","0.00934","0.00102","30.62208"
"35.50000","1.18338","1,444.50232","0.00948","0.00080","30.64106"
"35.60000","1.18690","1,445.58105","0.00948","0.00068","30.66394"
"35.70000","1.19004","1,445.75439","0.00951","0.00020","30.66762"
"35.80000","1.19347","1,446.51355","0.00956","0.00018","30.68372"
"35.90000","1.19669","1,447.36890","0.00955","0.00014","30.70187"
"36.00000","1.20005","1,447.96936","0.00961","0.00019","30.71460"
"36.10000","1.20334","1,448.21912","0.00962","0.00013","30.71990"
"36.20000","1.20670","1,448.80750","0.00966","0.00004","30.73238"
"36.30000","1.21014","1,449.52222","0.00962","0.00003","30.74754"
"36.40000","1.21335","1,449.55615","0.00969","-0.00003","30.74826"
"36.50000","1.21672","1,450.51233","0.00974","-0.00013","30.76855"
"36.60000","1.22015","1,451.47217","0.00986","-0.00035","30.78891"
"36.70000","1.22322","1,451.45129","0.00984","-0.00032","30.78846"
"36.80000","1.22673","1,451.23413","0.00987","-0.00039","30.78386"
"36.90000","1.23009","1,452.61646","0.00992","-0.00040","30.81318"
"37.00000","1.23338","1,453.01367","0.00995","-0.00048","30.82161"
"37.10000","1.23690","1,453.65161","0.00998","-0.00051","30.83514"
"37.20000","1.24011","1,453.92053","0.01003","-0.00042","30.84084"
"37.30000","1.24340","1,454.17102","0.01005","-0.00044","30.84616"
"37.40000","1.24669","1,455.17151","0.01008","-0.00047","30.86738"
"37.50000","1.24997","1,455.40784","0.01010","-0.00034","30.87239"
"37.60000","1.25341","1,455.70605","0.01012","-0.00027","30.87872"
"37.70000","1.25663","1,455.12183","0.01017","-0.00023","30.86632"
"37.76400","1.25902","1,158.55322","0.01020","-0.00107","24.57545"
"37.77200","1.25932","845.67676","0.01020","-0.00161","17.93866"
