Modulus (Segment 0.001 mm/mm - 0.008 mm/mm) : Modulus (Segment 0.001 mm/mm - 0.008 mm/mm),"6,784.75870",MPa
Poisson's ratio (Least squares fit) : Poisson's ratio (Least squares fit),"0.17418"
Specimen properties : Gauge length,"14.88000",mm
Specimen properties : Gauge length transverse,"5.39200",mm
Specimen properties : Thickness,"2.54000",mm
Specimen properties : Width,"15.08000",mm

Time,Extension,Load,Video axial strain,Video transverse strain,Calculated Stress
(s),(mm),(N),(mm/mm),(mm/mm),(MPa)
"0.00000","-0.00007","76.27837","0.00004","0.00002","1.99144"
"0.10000","0.00120","77.02097","0.00000","-0.00011","2.01082"
"0.20000","0.00553","83.68268","0.00003","0.00007","2.18474"
"0.30000","0.00987","90.38840","0.00005","0.00005","2.35981"
"0.40000","0.01323","96.42778","0.00038","-0.00005","2.51749"
"0.50000","0.01652","102.25057","0.00045","0.00006","2.66950"
"0.60000","0.01995","107.74619","0.00044","0.00006","2.81298"
"0.70000","0.02339","112.76525","0.00045","0.00005","2.94402"
"0.80000","0.02661","118.68866","0.00045","0.00005","3.09866"
"0.90000","0.03004","124.39309","0.00041","-0.00003","3.24759"
"1.00000","0.03348","130.51440","0.00043","-0.00004","3.40740"
"1.10000","0.03647","135.24690","0.00046","-0.00003","3.53096"
"1.20000","0.03998","140.79143","0.00048","-0.00010","3.67571"
"1.30000","0.04342","147.13046","0.00044","-0.00024","3.84121"
"1.40000","0.04656","152.15987","0.00033","-0.00036","3.97251"
"1.50000","0.05007","158.03337","0.00041","-0.00041","4.12585"
"1.60000","0.05336","164.24922","0.00040","-0.00029","4.28813"
"1.70000","0.05665","168.95425","0.00043","-0.00018","4.41097"
"1.80000","0.05994","174.48785","0.00049","-0.00023","4.55544"
"1.90000","0.06330","180.50763","0.00041","-0.00041","4.71260"
"2.00000","0.06667","185.79446","0.00034","-0.00063","4.85063"
"2.10000","0.06988","190.84302","0.00037","-0.00067","4.98243"
"2.20000","0.07339","196.15010","0.00037","-0.00066","5.12098"
"2.30000","0.07683","202.20938","0.00034","0.00037","5.27918"
"2.40000","0.07989","206.15446","0.00038","0.00001","5.38217"
"2.50000","0.08333","213.14442","0.00039","0.00005","5.56466"
"2.60000","0.08677","217.89952","0.00040","0.00006","5.68881"
"2.70000","0.08983","224.37968","0.00038","0.00046","5.85799"
"2.80000","0.09342","229.81386","0.00043","0.00006","5.99986"
"2.90000","0.09671","234.41110","0.00041","0.00020","6.11988"
"3.00000","0.10000","239.18997","0.00042","0.00013","6.24465"
"3.10000","0.10336","245.60265","0.00043","0.00031","6.41207"
"3.20000","0.10665","250.66075","0.00036","0.00033","6.54412"
"3.30000","0.11001","256.27548","0.00041","0.00031","6.69071"
"3.40000","0.11315","260.99478","0.00038","0.00043","6.81392"
"3.50000","0.11666","265.96536","0.00082","0.00027","6.94369"
"3.60000","0.12010","272.80875","0.00081","0.00029","7.12235"
"3.70000","0.12324","276.91153","0.00082","0.00021","7.22946"
"3.80000","0.12675","282.29590","0.00076","0.00022","7.37003"
"3.90000","0.13012","288.11621","0.00082","0.00010","7.52199"
"4.00000","0.13318","293.23859","0.00080","0.00015","7.65572"
"4.10000","0.13669","298.07956","0.00084","0.00008","7.78211"
"4.20000","0.14006","302.92493","0.00079","-0.00008","7.90861"
"4.30000","0.14327","308.66611","0.00080","-0.00016","8.05849"
"4.40000","0.14671","314.20346","0.00081","-0.00011","8.20306"
"4.50000","0.15007","319.55835","0.00075","-0.00015","8.34286"
"4.60000","0.15336","324.53659","0.00078","-0.00026","8.47283"
"4.70000","0.15657","329.79404","0.00074","-0.00011","8.61009"
"4.80000","0.15994","334.99146","0.00073","0.00004","8.74578"
"4.90000","0.16337","340.80151","0.00070","0.00005","8.89747"
"5.00000","0.16651","345.13748","0.00077","0.00041","9.01067"
"5.10000","0.17010","351.73792","0.00074","0.00036","9.18299"
"5.20000","0.17346","356.99365","0.00074","0.00040","9.32020"
"5.30000","0.17660","361.34311","0.00069","0.00054","9.43376"
"5.40000","0.17997","367.08771","0.00081","0.00043","9.58373"
"5.50000","0.18325","371.94348","0.00075","0.00044","9.71051"
"5.60000","0.18654","376.38162","0.00067","0.00029","9.82638"
"5.70000","0.18998","382.51999","0.00071","0.00045","9.98663"
"5.80000","0.19342","387.44553","0.00076","0.00054","10.11523"
"5.90000","0.19671","392.75940","0.00072","0.00034","10.25396"
"6.00000","0.19992","397.75424","0.00073","0.00027","10.38436"
"6.10000","0.20328","402.90622","0.00069","0.00031","10.51887"
"6.20000","0.20665","408.60571","0.00075","0.00022","10.66767"
"6.30000","0.20986","413.26013","0.00076","0.00035","10.78918"
"6.40000","0.21337","418.49524","0.00079","0.00024","10.92586"
"6.50000","0.21674","424.38489","0.00092","0.00031","11.07962"
"6.60000","0.21995","428.13699","0.00117","0.00034","11.17758"
"6.70000","0.22339","433.36652","0.00115","0.00020","11.31411"
"6.80000","0.22675","438.03003","0.00115","0.00023","11.43586"
"6.90000","0.22989","442.98050","0.00121","0.00023","11.56510"
"7.00000","0.23325","447.42184","0.00119","0.00017","11.68106"
"7.10000","0.23669","453.18207","0.00116","0.00013","11.83144"
"7.20000","0.23998","458.38318","0.00130","0.00024","11.96723"
"7.30000","0.24334","463.44620","0.00124","0.00015","12.09941"
"7.40000","0.24671","467.92264","0.00117","0.00023","12.21628"
"7.50000","0.24999","472.92746","0.00117","0.00010","12.34694"
"7.60000","0.25321","477.00949","0.00116","0.00005","12.45352"
"7.70000","0.25665","482.10980","0.00100","-0.00003","12.58667"
"7.80000","0.26001","487.46994","0.00110","0.00010","12.72661"
"7.90000","0.26322","491.40906","0.00117","0.00002","12.82945"
"8.00000","0.26674","496.40915","0.00116","0.00009","12.95999"
"8.10000","0.27010","500.89670","0.00122","0.00010","13.07715"
"8.20000","0.27324","506.05457","0.00122","0.00021","13.21181"
"8.30000","0.27660","511.11505","0.00114","0.00048","13.34393"
"8.40000","0.28004","515.10461","0.00125","0.00049","13.44808"
"8.50000","0.28325","519.99298","0.00120","0.00052","13.57571"
"8.60000","0.28669","525.11865","0.00121","0.00042","13.70952"
"8.70000","0.29013","530.15070","0.00122","0.00048","13.84090"
"8.80000","0.29334","534.27228","0.00114","-0.00039","13.94850"
"8.90000","0.29663","539.00781","0.00126","0.00055","14.07213"
"9.00000","0.29999","544.47925","0.00124","0.00057","14.21498"
"9.10000","0.30336","548.87555","0.00128","0.00066","14.32976"
"9.20000","0.30657","553.72876","0.00119","0.00048","14.45646"
"9.30000","0.31001","558.20856","0.00122","0.00052","14.57342"
"9.40000","0.31345","563.73145","0.00125","0.00050","14.71761"
"9.50000","0.31659","567.99091","0.00124","0.00046","14.82881"
"9.60000","0.32002","571.74957","0.00135","0.00047","14.92694"
"9.70000","0.32339","577.08478","0.00165","0.00049","15.06623"
"9.80000","0.32653","581.61554","0.00169","0.00052","15.18452"
"9.90000","0.32996","586.10828","0.00167","0.00060","15.30181"
"10.00000","0.33340","591.31110","0.00161","0.00041","15.43764"
"10.10000","0.33661","595.49200","0.00169","0.00048","15.54679"
"10.20000","0.34005","600.86621","0.00169","0.00023","15.68710"
"10.30000","0.34342","605.92548","0.00173","0.00029","15.81919"
"10.40000","0.34663","609.03540","0.00160","0.00035","15.90038"
"10.50000","0.34992","614.47083","0.00162","0.00018","16.04228"
"10.60000","0.35328","618.81451","0.00161","0.00020","16.15569"
"10.70000","0.35672","623.52972","0.00170","0.00029","16.27879"
"10.80000","0.35993","628.19550","0.00154","0.00023","16.40060"
"10.90000","0.36337","632.40710","0.00152","0.00022","16.51056"
"11.00000","0.36681","637.00055","0.00169","0.00019","16.63048"
"11.10000","0.36987","641.06653","0.00168","-0.00001","16.73663"
"11.20000","0.37331","645.95563","0.00173","0.00016","16.86427"
"11.30000","0.37667","650.37366","0.00176","0.00011","16.97962"
"11.40000","0.37989","653.85645","0.00172","-0.00005","17.07054"
"11.50000","0.38340","658.97119","0.00162","-0.00013","17.20408"
"11.60000","0.38676","663.04004","0.00171","0.00008","17.31030"
"11.70000","0.39005","667.19635","0.00174","-0.00009","17.41882"
"11.80000","0.39327","672.16779","0.00171","-0.00020","17.54861"
"11.90000","0.39655","674.83026","0.00172","-0.00029","17.61812"
"12.00000","0.39999","679.80499","0.00163","-0.00045","17.74800"
"12.10000","0.40313","684.32764","0.00177","-0.00040","17.86607"
"12.20000","0.40672","689.37427","0.00179","-0.00033","17.99782"
"12.30000","0.41016","693.57440","0.00183","0.00072","18.10748"
"12.40000","0.41322","697.08282","0.00181","0.00075","18.19908"
"12.50000","0.41673","701.52411","0.00174","0.00024","18.31503"
"12.60000","0.42002","706.35242","0.00172","0.00036","18.44108"
"12.70000","0.42324","710.14062","0.00184","0.00026","18.53998"
"12.80000","0.42667","713.72687","0.00225","0.00053","18.63361"
"12.90000","0.43004","718.44385","0.00222","0.00050","18.75676"
"13.00000","0.43332","722.01385","0.00221","0.00057","18.84996"
"13.10000","0.43676","727.20068","0.00215","0.00022","18.98538"
"13.20000","0.43998","730.50696","0.00220","0.00025","19.07170"
"13.30000","0.44334","735.38043","0.00223","0.00065","19.19893"
"13.40000","0.44655","739.13940","0.00224","0.00060","19.29707"
"13.50000","0.44999","744.39978","0.00223","0.00078","19.43440"
"13.60000","0.45343","747.68585","0.00221","0.00072","19.52019"
"13.70000","0.45657","751.65247","0.00221","0.00045","19.62375"
"13.80000","0.46008","756.06781","0.00221","0.00043","19.73903"
"13.90000","0.46337","761.05292","0.00223","0.00039","19.86917"
"14.00000","0.46658","764.49792","0.00221","0.00044","19.95911"
"14.10000","0.46995","768.69061","0.00216","0.00034","20.06857"
"14.20000","0.47323","772.93359","0.00218","0.00032","20.17935"
"14.30000","0.47660","777.54535","0.00216","0.00026","20.29975"
"14.40000","0.47996","781.98358","0.00218","0.00027","20.41562"
"14.50000","0.48340","785.56342","0.00219","0.00033","20.50908"
"14.60000","0.48669","789.25977","0.00216","0.00023","20.60558"
"14.70000","0.48983","794.28925","0.00217","0.00020","20.73689"
"14.80000","0.49334","797.66272","0.00220","0.00017","20.82496"
"14.90000","0.49670","802.04822","0.00224","0.00029","20.93946"
"15.00000","0.49984","805.92426","0.00226","0.00006","21.04065"
"15.10000","0.50343","810.35254","0.00227","0.00005","21.15626"
"15.20000","0.50679","814.86646","0.00228","0.00006","21.27411"
"15.30000","0.50993","818.96625","0.00221","-0.00025","21.38114"
"15.40000","0.51337","822.67981","0.00228","-0.00018","21.47810"
"15.50000","0.51666","825.93048","0.00227","-0.00020","21.56296"
"15.60000","0.51994","830.40167","0.00229","0.00007","21.67970"
"15.70000","0.52331","834.51495","0.00229","0.00053","21.78708"
"15.80000","0.52667","838.89319","0.00223","0.00076","21.90139"
"15.90000","0.53003","844.39636","0.00254","0.00092","22.04506"
"16.00000","0.53325","846.85980","0.00266","0.00038","22.10938"
"16.10000","0.53669","850.98676","0.00259","0.00053","22.21712"
"16.20000","0.54005","854.49097","0.00267","0.00046","22.30861"
"16.30000","0.54319","858.85907","0.00269","0.00042","22.42265"
"16.40000","0.54670","862.79858","0.00270","0.00049","22.52550"
"16.50000","0.55006","866.67572","0.00267","0.00044","22.62672"
"16.60000","0.55328","870.42639","0.00267","0.00083","22.72464"
"16.70000","0.55679","874.72156","0.00270","0.00047","22.83677"
"16.80000","0.56008","878.58606","0.00270","0.00055","22.93767"
"16.90000","0.56329","882.31226","0.00270","0.00073","23.03495"
"17.00000","0.56658","886.17950","0.00274","0.00061","23.13591"
"17.10000","0.57002","890.70953","0.00268","0.00057","23.25418"
"17.20000","0.57331","895.28284","0.00267","0.00051","23.37358"
"17.30000","0.57660","897.66345","0.00270","0.00050","23.43573"
"17.40000","0.58011","901.67865","0.00264","0.00052","23.54056"
"17.50000","0.58340","906.37830","0.00265","0.00046","23.66325"
"17.60000","0.58654","909.47644","0.00267","0.00047","23.74414"
"17.70000","0.58997","913.04761","0.00269","0.00043","23.83737"
"17.80000","0.59341","917.61163","0.00270","0.00052","23.95653"
"17.90000","0.59662","921.09570","0.00267","0.00039","24.04749"
"18.00000","0.59999","925.09009","0.00267","0.00029","24.15177"
"18.10000","0.60350","929.32544","0.00268","0.00018","24.26234"
"18.20000","0.60664","932.75720","0.00262","0.00016","24.35194"
"18.30000","0.60993","936.72675","0.00268","0.00021","24.45557"
"18.40000","0.61337","940.20349","0.00269","0.00035","24.54634"
"18.50000","0.61658","944.45618","0.00270","0.00023","24.65737"
"18.60000","0.61994","948.05359","0.00275","0.00008","24.75129"
"18.70000","0.62346","952.42328","0.00266","0.00000","24.86537"
"18.80000","0.62667","956.20258","0.00270","0.00027","24.96404"
"18.90000","0.62996","959.14294","0.00304","0.00026","25.04080"
"19.00000","0.63340","963.79633","0.00315","0.00059","25.16229"
"19.10000","0.63668","967.27338","0.00321","0.00059","25.25307"
"19.20000","0.63990","971.42487","0.00316","0.00057","25.36145"
"19.30000","0.64334","974.89441","0.00311","0.00053","25.45204"
"19.40000","0.64677","979.81061","0.00315","0.00065","25.58039"
"19.50000","0.64991","983.26196","0.00310","0.00054","25.67049"
"19.60000","0.65335","986.88586","0.00314","0.00052","25.76510"
"19.70000","0.65679","990.81519","0.00314","0.00048","25.86769"
"19.80000","0.65993","993.68945","0.00316","0.00062","25.94273"
"19.90000","0.66329","998.67108","0.00319","0.00068","26.07278"
"20.00000","0.66673","1,002.34430","0.00316","0.00072","26.16868"
"20.10000","0.66994","1,005.45715","0.00318","0.00078","26.24995"
"20.20000","0.67330","1,008.72034","0.00315","0.00076","26.33515"
"20.30000","0.67674","1,012.62445","0.00317","0.00073","26.43707"
"20.40000","0.68003","1,016.22119","0.00315","0.00071","26.53097"
"20.50000","0.68324","1,020.00983","0.00309","0.00070","26.62988"
"20.60000","0.68661","1,023.91663","0.00307","0.00075","26.73188"
"20.70000","0.68997","1,028.37952","0.00313","0.00064","26.84840"
"20.80000","0.69318","1,031.51306","0.00314","0.00064","26.93021"
"20.90000","0.69670","1,035.71179","0.00315","0.00060","27.03982"
"21.00000","0.70014","1,039.09460","0.00315","0.00055","27.12814"
"21.10000","0.70320","1,043.06934","0.00311","0.00057","27.23191"
"21.20000","0.70664","1,046.21704","0.00318","0.00061","27.31409"
"21.30000","0.71000","1,049.94763","0.00313","0.00049","27.41149"
"21.40000","0.71329","1,053.98511","0.00316","0.00026","27.51690"
"21.50000","0.71673","1,058.29065","0.00312","0.00037","27.62930"
"21.60000","0.72009","1,062.38452","0.00318","0.00035","27.73618"
"21.70000","0.72338","1,065.47156","0.00313","0.00048","27.81678"
"21.80000","0.72659","1,069.43701","0.00318","0.00068","27.92031"
"21.90000","0.72996","1,072.79016","0.00312","0.00037","28.00785"
"22.00000","0.73332","1,076.63342","0.00313","0.00014","28.10818"
"22.10000","0.73653","1,079.11096","0.00358","0.00035","28.17287"
"22.20000","0.73997","1,083.65393","0.00360","0.00075","28.29147"
"22.30000","0.74348","1,086.93750","0.00352","0.00071","28.37720"
"22.40000","0.74655","1,091.56738","0.00354","0.00070","28.49807"
"22.50000","0.75006","1,094.55908","0.00351","0.00074","28.57618"
"22.60000","0.75335","1,098.05420","0.00357","0.00060","28.66743"
"22.70000","0.75656","1,101.66125","0.00354","0.00069","28.76160"
"22.80000","0.76000","1,105.95557","0.00358","0.00062","28.87371"
"22.90000","0.76329","1,109.68835","0.00360","0.00073","28.97117"
"23.00000","0.76665","1,113.05896","0.00358","0.00068","29.05916"
"23.10000","0.77001","1,116.55542","0.00354","0.00082","29.15045"
"23.20000","0.77330","1,120.15198","0.00356","0.00073","29.24434"
"23.30000","0.77674","1,123.67212","0.00352","0.00091","29.33625"
"23.40000","0.77988","1,127.00159","0.00349","0.00092","29.42317"
"23.50000","0.78332","1,130.11780","0.00357","0.00087","29.50453"
"23.60000","0.78676","1,134.08496","0.00355","0.00084","29.60810"
"23.70000","0.78989","1,137.76685","0.00355","0.00084","29.70422"
"23.80000","0.79341","1,141.43872","0.00355","0.00077","29.80009"
"23.90000","0.79677","1,144.87683","0.00356","0.00081","29.88985"
"24.00000","0.79991","1,148.23608","0.00356","0.00073","29.97755"
"24.10000","0.80335","1,152.12292","0.00358","0.00073","30.07903"
"24.20000","0.80664","1,155.31958","0.00356","0.00075","30.16248"
"24.30000","0.81000","1,159.37268","0.00358","0.00074","30.26830"
"24.40000","0.81336","1,163.05078","0.00360","0.00070","30.36432"
"24.50000","0.81665","1,167.07446","0.00359","0.00068","30.46937"
"24.60000","0.82009","1,170.81812","0.00359","0.00046","30.56711"
"24.70000","0.82323","1,173.51685","0.00364","0.00051","30.63757"
"24.80000","0.82659","1,177.13782","0.00363","0.00051","30.73210"
"24.90000","0.83003","1,181.36035","0.00361","0.00051","30.84234"
"25.00000","0.83317","1,183.62830","0.00360","0.00058","30.90155"
"25.10000","0.83675","1,187.84363","0.00386","0.00052","31.01160"
"25.20000","0.84004","1,191.65771","0.00397","0.00043","31.11118"
"25.30000","0.84326","1,194.73633","0.00403","0.00051","31.19155"
"25.40000","0.84669","1,198.52820","0.00399","0.00034","31.29055"
"25.50000","0.84991","1,201.87769","0.00399","0.00062","31.37800"
"25.60000","0.85320","1,206.15674","0.00398","0.00079","31.48971"
"25.70000","0.85663","1,208.49121","0.00402","0.00077","31.55066"
"25.80000","0.86000","1,212.32544","0.00395","0.00067","31.65076"
"25.90000","0.86351","1,215.82520","0.00399","0.00058","31.74213"
"26.00000","0.86665","1,219.83594","0.00397","0.00074","31.84684"
"26.10000","0.87009","1,222.58130","0.00399","0.00067","31.91852"
"26.20000","0.87338","1,226.72791","0.00401","0.00075","32.02677"
"26.30000","0.87651","1,229.32593","0.00401","0.00078","32.09460"
"26.40000","0.88003","1,232.86353","0.00397","0.00082","32.18696"
"26.50000","0.88339","1,236.87317","0.00399","0.00078","32.29164"
"26.60000","0.88660","1,240.20374","0.00399","0.00096","32.37859"
"26.70000","0.89004","1,244.55652","0.00399","0.00093","32.49223"
"26.80000","0.89340","1,247.03015","0.00400","0.00097","32.55681"
"26.90000","0.89662","1,250.79431","0.00400","0.00099","32.65509"
"27.00000","0.89991","1,254.02991","0.00405","0.00093","32.73956"
"27.10000","0.90334","1,257.46863","0.00405","0.00085","32.82933"
"27.20000","0.90663","1,261.53748","0.00405","0.00083","32.93556"
"27.30000","0.90992","1,263.15857","0.00402","0.00077","32.97789"
"27.40000","0.91343","1,267.60950","0.00403","0.00083","33.09409"
"27.50000","0.91672","1,271.38489","0.00403","0.00084","33.19265"
"27.60000","0.91986","1,273.61963","0.00406","0.00076","33.25100"
"27.70000","0.92330","1,278.09631","0.00405","0.00081","33.36787"
"27.80000","0.92666","1,280.44287","0.00404","0.00065","33.42913"
"27.90000","0.92988","1,285.12891","0.00404","0.00052","33.55148"
"28.00000","0.93331","1,287.49011","0.00403","0.00054","33.61312"
"28.10000","0.93675","1,290.82141","0.00402","0.00058","33.70009"
"28.20000","0.93997","1,294.26038","0.00394","0.00064","33.78988"
"28.30000","0.94333","1,297.41565","0.00449","0.00058","33.87225"
"28.40000","0.94669","1,301.25208","0.00447","0.00054","33.97241"
"28.50000","0.94991","1,304.11841","0.00445","0.00035","34.04725"
"28.60000","0.95327","1,307.22009","0.00441","0.00066","34.12822"
"28.70000","0.95678","1,311.14038","0.00445","0.00085","34.23057"
"28.80000","0.96000","1,314.00720","0.00446","0.00100","34.30542"
"28.90000","0.96336","1,316.69385","0.00441","0.00092","34.37556"
"29.00000","0.96672","1,320.57935","0.00451","0.00089","34.47700"
"29.10000","0.97001","1,324.87524","0.00444","0.00086","34.58915"
"29.20000","0.97322","1,326.78186","0.00445","0.00075","34.63893"
"29.30000","0.97666","1,330.31714","0.00444","0.00088","34.73123"
"29.40000","0.98010","1,334.16724","0.00444","0.00091","34.83175"
"29.50000","0.98331","1,336.69519","0.00441","0.00084","34.89774"
"29.60000","0.98668","1,340.15735","0.00439","0.00097","34.98813"
"29.70000","0.99011","1,342.92908","0.00447","0.00096","35.06049"
"29.80000","0.99318","1,346.10474","0.00443","0.00092","35.14340"
"29.90000","0.99654","1,349.55286","0.00441","0.00101","35.23342"
"30.00000","0.99998","1,353.47375","0.00445","0.00096","35.33579"
"30.10000","1.00327","1,356.09985","0.00446","0.00098","35.40435"
"30.20000","1.00671","1,358.64941","0.00449","0.00101","35.47091"
"30.30000","1.00999","1,362.55957","0.00452","0.00097","35.57299"
"30.40000","1.01343","1,365.31311","0.00448","0.00091","35.64488"
"30.50000","1.01657","1,368.56372","0.00446","0.00093","35.72975"
"30.60000","1.01993","1,372.03015","0.00451","0.00088","35.82025"
"30.70000","1.02337","1,375.18860","0.00449","0.00091","35.90271"
"30.80000","1.02651","1,378.30786","0.00455","0.00094","35.98414"
"30.90000","1.03002","1,382.08740","0.00453","0.00085","36.08282"
"31.00000","1.03346","1,384.88965","0.00448","0.00079","36.15598"
"31.10000","1.03660","1,388.36304","0.00456","0.00073","36.24666"
"31.20000","1.03996","1,390.18555","0.00445","0.00067","36.29424"
"31.30000","1.04333","1,394.63721","0.00497","0.00065","36.41046"
"31.40000","1.04662","1,397.54102","0.00491","0.00059","36.48627"
"31.50000","1.04998","1,400.49780","0.00494","0.00069","36.56347"
"31.60000","1.05334","1,403.73071","0.00491","0.00061","36.64787"
"31.70000","1.05670","1,407.18115","0.00495","0.00105","36.73795"
"31.80000","1.05999","1,410.32043","0.00489","0.00102","36.81991"
"31.90000","1.06328","1,413.89258","0.00484","0.00096","36.91317"
"32.00000","1.06672","1,416.82275","0.00485","0.00100","36.98967"
"32.10000","1.06986","1,419.64246","0.00485","0.00102","37.06329"
"32.20000","1.07330","1,422.89014","0.00485","0.00101","37.14808"
"32.30000","1.07681","1,426.44080","0.00481","0.00081","37.24077"
"32.40000","1.07995","1,430.10718","0.00486","0.00077","37.33649"
"32.50000","1.08346","1,432.66028","0.00485","0.00085","37.40315"
"32.60000","1.08675","1,436.83728","0.00488","0.00082","37.51220"
"32.70000","1.08996","1,439.12329","0.00487","0.00081","37.57188"
"32.80000","1.09333","1,441.77893","0.00487","0.00095","37.64121"
"32.90000","1.09661","1,445.72095","0.00484","0.00108","37.74413"
"33.00000","1.09998","1,449.13867","0.00486","0.00109","37.83336"
"33.10000","1.10334","1,451.52051","0.00487","0.00112","37.89554"
"33.20000","1.10670","1,455.55591","0.00492","0.00105","38.00090"
"33.30000","1.11014","1,458.40234","0.00486","0.00107","38.07521"
"33.40000","1.11321","1,461.27710","0.00483","0.00112","38.15026"
"33.50000","1.11664","1,463.95020","0.00482","0.00101","38.22005"
"33.60000","1.12001","1,467.27576","0.00492","0.00104","38.30687"
"33.70000","1.12315","1,470.78589","0.00490","0.00096","38.39851"
"33.80000","1.12673","1,473.72266","0.00495","0.00101","38.47519"
"33.90000","1.13010","1,476.92371","0.00489","0.00104","38.55875"
"34.00000","1.13331","1,479.77405","0.00493","0.00095","38.63317"
"34.10000","1.13667","1,483.03589","0.00487","0.00099","38.71833"
"34.20000","1.13996","1,486.01453","0.00487","0.00104","38.79609"
"34.30000","1.14332","1,489.03040","0.00519","0.00087","38.87483"
"34.40000","1.14661","1,491.07202","0.00535","0.00079","38.92813"
"34.50000","1.15005","1,496.02832","0.00533","0.00067","39.05753"
"34.60000","1.15349","1,498.38159","0.00534","0.00075","39.11897"
"34.70000","1.15663","1,500.77673","0.00541","0.00076","39.18150"
"34.80000","1.16007","1,503.74561","0.00534","0.00091","39.25901"
"34.90000","1.16343","1,507.30017","0.00524","0.00070","39.35181"
"35.00000","1.16649","1,509.66602","0.00530","0.00089","39.41357"
"35.10000","1.17008","1,512.97986","0.00528","0.00119","39.50009"
"35.20000","1.17344","1,516.10364","0.00530","0.00110","39.58165"
"35.30000","1.17666","1,519.73206","0.00526","0.00109","39.67637"
"35.40000","1.18002","1,522.60364","0.00533","0.00109","39.75134"
"35.50000","1.18338","1,525.05212","0.00531","0.00107","39.81527"
"35.60000","1.18667","1,527.76440","0.00534","0.00111","39.88608"
"35.70000","1.18989","1,530.55774","0.00532","0.00101","39.95900"
"35.80000","1.19332","1,534.50183","0.00529","0.00097","40.06197"
"35.90000","1.19669","1,537.13123","0.00524","0.00095","40.13062"
"36.00000","1.19990","1,540.33496","0.00522","0.00104","40.21426"
"36.10000","1.20341","1,542.46570","0.00531","0.00109","40.26989"
"36.20000","1.20670","1,545.98975","0.00522","0.00105","40.36190"
"36.30000","1.20984","1,547.87305","0.00527","0.00111","40.41106"
"36.40000","1.21335","1,551.72717","0.00535","0.00116","40.51168"
"36.50000","1.21672","1,554.37024","0.00535","0.00112","40.58069"
"36.60000","1.21993","1,556.58875","0.00538","0.00114","40.63861"
"36.70000","1.22337","1,560.46997","0.00536","0.00104","40.73994"
"36.80000","1.22681","1,562.98987","0.00532","0.00111","40.80573"
"36.90000","1.22994","1,566.30408","0.00533","0.00108","40.89225"
"37.00000","1.23331","1,569.35156","0.00528","0.00110","40.97181"
"37.10000","1.23667","1,571.73108","0.00535","0.00111","41.03394"
"37.20000","1.23996","1,575.02039","0.00536","0.00112","41.11981"
"37.30000","1.24325","1,578.69080","0.00536","0.00101","41.21564"
"37.40000","1.24676","1,580.88770","0.00583","0.00106","41.27299"
"37.50000","1.25005","1,584.05212","0.00573","0.00096","41.35561"
"37.60000","1.25319","1,586.77795","0.00586","0.00096","41.42677"
"37.70000","1.25670","1,589.42151","0.00586","0.00079","41.49579"
"37.80000","1.25999","1,592.91565","0.00583","0.00076","41.58701"
"37.90000","1.26313","1,595.63831","0.00580","0.00066","41.65809"
"38.00000","1.26664","1,598.11975","0.00566","0.00074","41.72288"
"38.10000","1.27008","1,601.30713","0.00570","0.00078","41.80609"
"38.20000","1.27329","1,604.61316","0.00581","0.00108","41.89241"
"38.30000","1.27666","1,607.37073","0.00580","0.00087","41.96440"
"38.40000","1.28002","1,609.81152","0.00579","0.00082","42.02812"
"38.50000","1.28323","1,613.64209","0.00576","0.00113","42.12813"
"38.60000","1.28652","1,615.02527","0.00576","0.00111","42.16424"
"38.70000","1.29003","1,618.62500","0.00582","0.00107","42.25822"
"38.80000","1.29332","1,621.16235","0.00578","0.00096","42.32446"
"38.90000","1.29669","1,624.10156","0.00585","0.00104","42.40120"
"39.00000","1.30005","1,627.80078","0.00576","0.00095","42.49778"
"39.10000","1.30334","1,630.05029","0.00571","0.00108","42.55650"
"39.20000","1.30655","1,632.36353","0.00570","0.00100","42.61690"
"39.30000","1.30999","1,635.19043","0.00577","0.00112","42.69070"
"39.40000","1.31343","1,639.10681","0.00581","0.00116","42.79295"
"39.50000","1.31657","1,641.17920","0.00578","0.00117","42.84705"
"39.60000","1.32000","1,644.95984","0.00583","0.00119","42.94576"
"39.70000","1.32344","1,647.27271","0.00575","0.00126","43.00614"
"39.80000","1.32658","1,650.09521","0.00572","0.00120","43.07983"
"39.90000","1.32994","1,652.83191","0.00575","0.00122","43.15128"
"40.00000","1.33331","1,656.03918","0.00570","0.00117","43.23501"
"40.10000","1.33659","1,658.83972","0.00573","0.00122","43.30812"
"40.20000","1.34003","1,661.46387","0.00572","0.00112","43.37663"
"40.30000","1.34332","1,664.68433","0.00578","0.00112","43.46071"
"40.40000","1.34676","1,667.20593","0.00589","0.00117","43.52654"
"40.50000","1.34997","1,669.92432","0.00626","0.00115","43.59752"
"40.60000","1.35326","1,672.71179","0.00625","0.00112","43.67029"
"40.70000","1.35670","1,675.42029","0.00626","0.00100","43.74100"
"40.80000","1.35984","1,677.64673","0.00633","0.00099","43.79913"
"40.90000","1.36335","1,681.34753","0.00632","0.00084","43.89574"
"41.00000","1.36679","1,683.70288","0.00631","0.00089","43.95724"
"41.10000","1.36993","1,687.03137","0.00630","0.00078","44.04414"
"41.20000","1.37337","1,689.29675","0.00633","0.00097","44.10328"
"41.30000","1.37665","1,692.16528","0.00630","0.00093","44.17817"
"41.40000","1.37994","1,695.13599","0.00624","0.00084","44.25573"
"41.50000","1.38331","1,696.73279","0.00624","0.00134","44.29742"
"41.60000","1.38667","1,700.08191","0.00620","0.00134","44.38485"
"41.70000","1.39011","1,703.94910","0.00625","0.00097","44.48582"
"41.80000","1.39332","1,705.81042","0.00618","0.00132","44.53441"
"41.90000","1.39668","1,708.56958","0.00620","0.00122","44.60645"
"42.00000","1.40012","1,711.34399","0.00618","0.00109","44.67888"
"42.10000","1.40319","1,713.47937","0.00622","0.00111","44.73463"
"42.20000","1.40662","1,716.03284","0.00621","0.00108","44.80129"
"42.30000","1.41014","1,718.98572","0.00627","0.00105","44.87838"
"42.40000","1.41320","1,721.10706","0.00632","0.00110","44.93377"
"42.50000","1.41671","1,724.50281","0.00621","0.00112","45.02242"
"42.60000","1.42008","1,727.42212","0.00622","0.00117","45.09864"
"42.70000","1.42321","1,729.75879","0.00618","0.00118","45.15964"
"42.80000","1.42665","1,732.82227","0.00632","0.00117","45.23962"
"42.90000","1.42994","1,735.22864","0.00631","0.00120","45.30244"
"43.00000","1.43330","1,738.46179","0.00615","0.00130","45.38686"
"43.10000","1.43659","1,740.53699","0.00631","0.00129","45.44103"
"43.20000","1.44003","1,743.69788","0.00620","0.00129","45.52356"
"43.30000","1.44347","1,746.69141","0.00624","0.00117","45.60171"
"43.40000","1.44653","1,749.04407","0.00634","0.00114","45.66313"
"43.50000","1.45005","1,751.65540","0.00672","0.00113","45.73131"
"43.60000","1.45348","1,754.64026","0.00680","0.00119","45.80923"
"43.70000","1.45655","1,757.40662","0.00677","0.00117","45.88146"
"43.80000","1.46013","1,758.84949","0.00678","0.00115","45.91913"
"43.90000","1.46342","1,761.83191","0.00677","0.00123","45.99699"
"44.00000","1.46664","1,764.85327","0.00679","0.00113","46.07587"
"44.10000","1.47000","1,768.31396","0.00667","0.00102","46.16622"
"44.20000","1.47321","1,769.41418","0.00672","0.00107","46.19494"
"44.30000","1.47665","1,772.69897","0.00671","0.00083","46.28070"
"44.40000","1.47987","1,774.96313","0.00673","0.00089","46.33981"
"44.50000","1.48338","1,778.70911","0.00677","0.00085","46.43761"
"44.60000","1.48674","1,781.07886","0.00675","0.00121","46.49948"
"44.70000","1.48988","1,782.50098","0.00678","0.00099","46.53661"
"44.80000","1.49339","1,786.00610","0.00673","0.00087","46.62812"
"44.90000","1.49668","1,788.67212","0.00672","0.00081","46.69772"
"45.00000","1.49982","1,791.29224","0.00680","0.00127","46.76612"
"45.10000","1.50333","1,794.23071","0.00665","0.00125","46.84284"
"45.20000","1.50670","1,796.05115","0.00674","0.00127","46.89037"
"45.30000","1.50998","1,799.27271","0.00667","0.00120","46.97448"
"45.40000","1.51342","1,801.55615","0.00677","0.00119","47.03409"
"45.50000","1.51671","1,804.15833","0.00676","0.00099","47.10203"
"45.60000","1.52000","1,806.48682","0.00677","0.00109","47.16282"
"45.70000","1.52329","1,808.79810","0.00677","0.00114","47.22316"
"45.80000","1.52673","1,811.53101","0.00678","0.00125","47.29451"
"45.90000","1.53001","1,814.42517","0.00672","0.00124","47.37007"
"46.00000","1.53323","1,817.52185","0.00674","0.00126","47.45091"
"46.10000","1.53674","1,819.83704","0.00681","0.00122","47.51136"
"46.20000","1.54003","1,822.49121","0.00677","0.00124","47.58065"
"46.30000","1.54317","1,824.14673","0.00666","0.00128","47.62387"
"46.40000","1.54668","1,827.52795","0.00669","0.00125","47.71215"
"46.50000","1.55004","1,829.33862","0.00727","0.00118","47.75942"
"46.60000","1.55318","1,832.38220","0.00718","0.00123","47.83888"
"46.70000","1.55669","1,835.40430","0.00721","0.00125","47.91778"
"46.80000","1.56006","1,836.96021","0.00718","0.00130","47.95840"
"46.90000","1.56327","1,839.99451","0.00717","0.00121","48.03762"
"47.00000","1.56663","1,842.63684","0.00723","0.00114","48.10660"
"47.10000","1.57000","1,845.50769","0.00722","0.00109","48.18155"
"47.20000","1.57329","1,847.61719","0.00720","0.00104","48.23663"
"47.30000","1.57657","1,849.60315","0.00718","0.00097","48.28848"
"47.40000","1.58009","1,852.96533","0.00712","0.00102","48.37626"
"47.50000","1.58338","1,856.30603","0.00718","0.00084","48.46347"
"47.60000","1.58666","1,856.71802","0.00716","0.00098","48.47423"
"47.70000","1.59003","1,861.03845","0.00724","0.00088","48.58702"
"47.80000","1.59332","1,861.78906","0.00727","0.00084","48.60662"
"47.90000","1.59653","1,864.46887","0.00714","0.00096","48.67658"
"48.00000","1.59997","1,867.63538","0.00718","0.00104","48.75925"
"48.10000","1.60341","1,870.42896","0.00720","0.00128","48.83218"
"48.20000","1.60662","1,872.62097","0.00724","0.00135","48.88941"
"48.30000","1.60998","1,874.40967","0.00717","0.00106","48.93611"
"48.40000","1.61335","1,877.28296","0.00719","0.00126","49.01113"
"48.50000","1.61663","1,879.57458","0.00720","0.00137","49.07095"
"48.60000","1.61992","1,881.76208","0.00724","0.00130","49.12806"
"48.70000","1.62329","1,884.58728","0.00726","0.00117","49.20182"
"48.80000","1.62665","1,887.25891","0.00721","0.00118","49.27157"
"48.90000","1.63001","1,889.47656","0.00722","0.00114","49.32947"
"49.00000","1.63337","1,892.36035","0.00724","0.00120","49.40476"
"49.10000","1.63666","1,893.98474","0.00724","0.00121","49.44717"
"49.20000","1.63988","1,896.67517","0.00724","0.00121","49.51741"
"49.30000","1.64331","1,898.15369","0.00725","0.00133","49.55601"
"49.40000","1.64675","1,901.66907","0.00717","0.00120","49.64779"
"49.50000","1.64989","1,903.54529","0.00773","0.00120","49.69677"
"49.60000","1.65333","1,905.56409","0.00768","0.00126","49.74947"
"49.70000","1.65684","1,908.79651","0.00767","0.00114","49.83387"
"49.80000","1.65991","1,911.23425","0.00773","0.00124","49.89751"
"49.90000","1.66327","1,913.06396","0.00770","0.00123","49.94528"
"50.00000","1.66663","1,915.59265","0.00763","0.00125","50.01130"
"50.10000","1.67000","1,918.52466","0.00762","0.00119","50.08784"
"50.20000","1.67328","1,919.91809","0.00772","0.00119","50.12422"
"50.30000","1.67672","1,922.78601","0.00762","0.00110","50.19910"
"50.40000","1.68009","1,925.65393","0.00762","0.00097","50.27397"
"50.50000","1.68330","1,927.69409","0.00765","0.00096","50.32723"
"50.60000","1.68659","1,930.12036","0.00770","0.00093","50.39058"
"50.70000","1.69010","1,932.97607","0.00763","0.00087","50.46513"
"50.80000","1.69316","1,934.42407","0.00776","0.00077","50.50294"
"50.90000","1.69668","1,936.55774","0.00762","0.00079","50.55864"
"51.00000","1.70011","1,938.87952","0.00762","0.00091","50.61926"
"51.10000","1.70325","1,942.34436","0.00762","0.00081","50.70972"
"51.20000","1.70669","1,943.96375","0.00762","0.00094","50.75199"
"51.30000","1.70998","1,946.68994","0.00769","0.00101","50.82317"
"51.40000","1.71327","1,948.60046","0.00769","0.00125","50.87305"
"51.50000","1.71663","1,950.80078","0.00765","0.00128","50.93049"
"51.60000","1.71999","1,953.03540","0.00773","0.00139","50.98883"
"51.70000","1.72343","1,955.46912","0.00768","0.00135","51.05237"
"51.80000","1.72665","1,957.89111","0.00771","0.00138","51.11560"
"51.90000","1.73001","1,961.22437","0.00767","0.00131","51.20263"
"52.00000","1.73345","1,963.16333","0.00777","0.00130","51.25325"
"52.10000","1.73651","1,965.29883","0.00768","0.00122","51.30900"
"52.20000","1.74002","1,967.54761","0.00775","0.00114","51.36771"
"52.30000","1.74339","1,969.55090","0.00770","0.00134","51.42001"
"52.40000","1.74660","1,972.81335","0.00764","0.00128","51.50518"
"52.50000","1.75019","1,975.18433","0.00813","0.00136","51.56709"
"52.60000","1.75348","1,977.01245","0.00816","0.00136","51.61481"
"52.70000","1.75662","1,979.31262","0.00815","0.00130","51.67486"
"52.80000","1.75990","1,981.62610","0.00808","0.00132","51.73526"
"52.90000","1.76327","1,984.71899","0.00806","0.00123","51.81601"
"53.00000","1.76663","1,986.75977","0.00810","0.00118","51.86929"
"53.10000","1.76984","1,988.32373","0.00815","0.00124","51.91012"
"53.20000","1.77336","1,990.70728","0.00812","0.00123","51.97235"
"53.30000","1.77679","1,993.45410","0.00812","0.00117","52.04406"
"53.40000","1.77978","1,995.77234","0.00816","0.00122","52.10458"
"53.50000","1.78337","1,998.93079","0.00811","0.00116","52.18704"
"53.60000","1.78673","2,000.89624","0.00815","0.00102","52.23836"
"53.70000","1.78987","2,002.57080","0.00811","0.00096","52.28207"
"53.80000","1.79339","2,006.12305","0.00814","0.00095","52.37482"
"53.90000","1.79675","2,007.97803","0.00815","0.00082","52.42324"
"54.00000","1.80004","2,010.18176","0.00804","0.00084","52.48078"
"54.10000","1.80333","2,012.83398","0.00810","0.00093","52.55002"
"54.20000","1.80669","2,015.13464","0.00815","0.00104","52.61008"
"54.30000","1.80998","2,016.86450","0.00817","0.00087","52.65525"
"54.40000","1.81327","2,019.26672","0.00812","0.00102","52.71796"
"54.50000","1.81663","2,021.11157","0.00818","0.00076","52.76613"
"54.60000","1.82014","2,023.75854","0.00818","0.00109","52.83524"
"54.70000","1.82328","2,025.42114","0.00821","0.00105","52.87864"
"54.80000","1.82672","2,028.11121","0.00821","0.00145","52.94887"
"54.90000","1.83008","2,030.79712","0.00813","0.00130","53.01899"
"55.00000","1.83315","2,032.99280","0.00816","0.00140","53.07632"
"55.10000","1.83666","2,034.76953","0.00815","0.00129","53.12270"
"55.20000","1.84002","2,037.53564","0.00819","0.00136","53.19492"
"55.30000","1.84331","2,039.15186","0.00815","0.00128","53.23711"
"55.40000","1.84667","2,042.12366","0.00814","0.00128","53.31470"
"55.50000","1.85011","2,044.77625","0.00865","0.00123","53.38395"
"55.60000","1.85333","2,046.93958","0.00865","0.00118","53.44043"
"55.70000","1.85654","2,048.71753","0.00862","0.00117","53.48685"
"55.80000","1.85998","2,051.34546","0.00863","0.00125","53.55546"
"55.90000","1.86334","2,053.67261","0.00867","0.00130","53.61621"
"56.00000","1.86655","2,055.46997","0.00865","0.00120","53.66314"
"56.10000","1.87007","2,058.41187","0.00866","0.00120","53.73994"
"56.20000","1.87343","2,060.83521","0.00865","0.00113","53.80321"
"56.30000","1.87657","2,061.77563","0.00867","0.00113","53.82777"
"56.40000","1.88001","2,064.85010","0.00853","0.00123","53.90803"
"56.50000","1.88337","2,066.88257","0.00864","0.00114","53.96109"
"56.60000","1.88658","2,069.36572","0.00859","0.00111","54.02592"
"56.70000","1.89002","2,071.71387","0.00863","0.00105","54.08723"
"56.80000","1.89338","2,073.95166","0.00866","0.00106","54.14565"
"56.90000","1.89667","2,076.15625","0.00863","0.00097","54.20321"
"57.00000","1.89996","2,077.82520","0.00863","0.00081","54.24678"
"57.10000","1.90332","2,080.48560","0.00858","0.00079","54.31623"
"57.20000","1.90661","2,082.64282","0.00867","0.00073","54.37255"
"57.30000","1.90990","2,084.70972","0.00862","0.00099","54.42652"
"57.40000","1.91341","2,087.24243","0.00862","0.00103","54.49264"
"57.50000","1.91670","2,089.20923","0.00869","0.00100","54.54399"
"57.60000","1.91992","2,091.37061","0.00864","0.00080","54.60041"
"57.70000","1.92335","2,093.49390","0.00865","0.00098","54.65585"
"57.80000","1.92664","2,095.29346","0.00864","0.00125","54.70283"
"57.90000","1.92986","2,097.73462","0.00860","0.00131","54.76656"
"58.00000","1.93329","2,099.90942","0.00868","0.00140","54.82334"
"58.10000","1.93673","2,102.31616","0.00869","0.00130","54.88618"
"58.20000","1.93995","2,105.44678","0.00869","0.00147","54.96791"
"58.30000","1.94338","2,106.78882","0.00868","0.00146","55.00294"
"58.40000","1.94682","2,108.42334","0.00912","0.00138","55.04562"
"58.50000","1.94989","2,111.23047","0.00907","0.00135","55.11890"
"58.60000","1.95325","2,113.01709","0.00912","0.00128","55.16555"
"58.70000","1.95669","2,115.37134","0.00909","0.00131","55.22701"
"58.80000","1.96005","2,117.78296","0.00908","0.00133","55.28997"
"58.90000","1.96334","2,119.90259","0.00914","0.00131","55.34531"
"59.00000","1.96670","2,120.97363","0.00912","0.00126","55.37328"
"59.10000","1.97014","2,123.90454","0.00914","0.00129","55.44979"
"59.20000","1.97320","2,125.45947","0.00912","0.00127","55.49039"
"59.30000","1.97657","2,128.12329","0.00916","0.00134","55.55994"
"59.40000","1.98008","2,130.40967","0.00914","0.00126","55.61963"
"59.50000","1.98322","2,131.80981","0.00918","0.00119","55.65618"
"59.60000","1.98666","2,134.03735","0.00915","0.00115","55.71434"
"59.70000","1.99009","2,136.61890","0.00916","0.00117","55.78173"
"59.80000","1.99331","2,138.96240","0.00905","0.00131","55.84292"
"59.90000","1.99660","2,140.40527","0.00915","0.00108","55.88058"
"60.00000","1.99996","2,143.10376","0.00910","0.00107","55.95104"
"60.10000","2.00325","2,145.11597","0.00909","0.00108","56.00357"
"60.20000","2.00661","2,147.09229","0.00912","0.00104","56.05517"
"60.30000","2.00997","2,149.95752","0.00916","0.00095","56.12997"
"60.40000","2.01341","2,150.83569","0.00915","0.00087","56.15290"
"60.50000","2.01663","2,152.97925","0.00912","0.00109","56.20886"
"60.60000","2.01999","2,155.59131","0.00915","0.00089","56.27705"
"60.70000","2.02343","2,157.51611","0.00915","0.00088","56.32731"
"60.80000","2.02649","2,159.19116","0.00914","0.00089","56.37104"
"60.90000","2.03000","2,161.40161","0.00913","0.00130","56.42875"
"61.00000","2.03344","2,163.30371","0.00917","0.00107","56.47840"
"61.10000","2.03658","2,166.54272","0.00916","0.00145","56.56297"
"61.20000","2.04002","2,167.59497","0.00913","0.00133","56.59044"
"61.30000","2.04338","2,170.39575","0.00921","0.00147","56.66356"
"61.40000","2.04667","2,171.74805","0.00940","0.00153","56.69887"
"61.50000","2.04988","2,173.80103","0.00961","0.00152","56.75246"
"61.60000","2.05332","2,176.43994","0.00957","0.00150","56.82136"
"61.70000","2.05676","2,178.97192","0.00960","0.00134","56.88746"
"61.80000","2.05997","2,179.98218","0.00963","0.00127","56.91384"
"61.90000","2.06334","2,182.45068","0.00961","0.00138","56.97829"
"62.00000","2.06677","2,184.81860","0.00960","0.00138","57.04011"
"62.10000","2.06976","2,185.63379","0.00962","0.00129","57.06139"
"62.20000","2.07328","2,188.82886","0.00963","0.00132","57.14481"
"62.30000","2.07671","2,190.90137","0.00968","0.00128","57.19891"
"62.40000","2.07993","2,192.77954","0.00968","0.00122","57.24795"
"62.50000","2.08344","2,195.57910","0.00966","0.00127","57.32104"
"62.60000","2.08673","2,196.80908","0.00965","0.00125","57.35315"
"62.70000","2.08994","2,199.34351","0.00970","0.00115","57.41932"
"62.80000","2.09331","2,201.73218","0.00968","0.00116","57.48168"
"62.90000","2.09659","2,203.11084","0.00964","0.00120","57.51767"
"63.00000","2.09996","2,206.24561","0.00961","0.00114","57.59951"
"63.10000","2.10325","2,207.05078","0.00969","0.00110","57.62053"
"63.20000","2.10676","2,209.84033","0.00968","0.00102","57.69336"
"63.30000","2.11012","2,211.56787","0.00963","0.00095","57.73846"
"63.40000","2.11326","2,213.75049","0.00964","0.00081","57.79544"
"63.50000","2.11670","2,215.22266","0.00963","0.00086","57.83388"
"63.60000","2.12006","2,217.37646","0.00965","0.00079","57.89011"
"63.70000","2.12313","2,219.21680","0.00965","0.00096","57.93816"
"63.80000","2.12671","2,222.27808","0.00963","0.00086","58.01808"
"63.90000","2.13008","2,223.22949","0.00966","0.00095","58.04292"
"64.00000","2.13329","2,225.76172","0.00966","0.00079","58.10903"
"64.10000","2.13673","2,228.08130","0.00970","0.00089","58.16959"
"64.20000","2.14002","2,229.79224","0.00967","0.00107","58.21426"
"64.30000","2.14330","2,231.61963","0.00968","0.00143","58.26196"
"64.40000","2.14652","2,233.79102","0.01008","0.00137","58.31865"
"64.50000","2.15003","2,235.47046","0.01006","0.00142","58.36250"
"64.60000","2.15347","2,238.11670","0.01006","0.00147","58.43159"
"64.70000","2.15653","2,239.56250","0.01009","0.00138","58.46933"
"64.80000","2.16005","2,242.81372","0.01007","0.00144","58.55421"
"64.90000","2.16341","2,243.84985","0.01007","0.00148","58.58126"
"65.00000","2.16655","2,245.42700","0.01009","0.00132","58.62244"
"65.10000","2.17006","2,248.71899","0.01009","0.00128","58.70839"
"65.20000","2.17335","2,250.25000","0.01012","0.00136","58.74836"
"65.30000","2.17664","2,252.28882","0.01011","0.00128","58.80158"
"65.40000","2.18007","2,254.52905","0.01013","0.00133","58.86007"
"65.50000","2.18336","2,256.80762","0.01013","0.00128","58.91956"
"65.60000","2.18665","2,259.00488","0.01016","0.00126","58.97692"
"65.70000","2.18987","2,260.30127","0.01018","0.00130","59.01077"
"65.80000","2.19330","2,262.48120","0.01015","0.00110","59.06768"
"65.90000","2.19667","2,264.68335","0.01010","0.00118","59.12518"
"66.00000","2.19988","2,266.36719","0.01013","0.00116","59.16914"
"66.10000","2.20339","2,268.23438","0.01015","0.00124","59.21788"
"66.20000","2.20676","2,270.95361","0.01018","0.00116","59.28888"
"66.30000","2.20990","2,272.60767","0.01014","0.00103","59.33206"
"66.40000","2.21326","2,275.31787","0.01022","0.00095","59.40281"
"66.50000","2.21662","2,276.31226","0.01016","0.00094","59.42878"
"66.60000","2.21991","2,278.47119","0.01019","0.00084","59.48514"
"66.70000","2.22327","2,280.97437","0.01012","0.00085","59.55049"
"66.80000","2.22671","2,282.69019","0.01015","0.00084","59.59529"
"66.90000","2.23007","2,285.38037","0.01014","0.00097","59.66552"
"67.00000","2.23329","2,287.02563","0.01014","0.00104","59.70847"
"67.10000","2.23665","2,288.94604","0.01011","0.00080","59.75861"
"67.20000","2.24001","2,291.45044","0.01015","0.00091","59.82399"
"67.30000","2.24323","2,292.36133","0.01013","0.00091","59.84777"
"67.40000","2.24667","2,295.75757","0.01053","0.00105","59.93644"
"67.50000","2.25003","2,297.60767","0.01052","0.00113","59.98475"
"67.60000","2.25332","2,299.66577","0.01051","0.00141","60.03848"
"67.70000","2.25676","2,300.83789","0.01055","0.00143","60.06908"
"67.80000","2.26004","2,303.01416","0.01057","0.00161","60.12589"
"67.90000","2.26326","2,305.19751","0.01056","0.00147","60.18290"
"68.00000","2.26662","2,307.04907","0.01059","0.00154","60.23124"
"68.10000","2.27006","2,308.81226","0.01058","0.00150","60.27727"
"68.20000","2.27327","2,312.21460","0.01057","0.00148","60.36610"
"68.30000","2.27664","2,312.53027","0.01060","0.00136","60.37434"
"68.40000","2.28007","2,315.03198","0.01059","0.00139","60.43965"
"68.50000","2.28329","2,317.34424","0.01063","0.00133","60.50002"
"68.60000","2.28658","2,318.11133","0.01062","0.00117","60.52004"
"68.70000","2.29001","2,321.10938","0.01065","0.00121","60.59832"
"68.80000","2.29330","2,322.64819","0.01066","0.00125","60.63849"
"68.90000","2.29659","2,324.87817","0.01068","0.00113","60.69671"
"69.00000","2.30003","2,327.05713","0.01067","0.00113","60.75360"
"69.10000","2.30347","2,328.75195","0.01071","0.00117","60.79784"
"69.20000","2.30660","2,330.80859","0.01072","0.00118","60.85154"
"69.30000","2.30997","2,332.82324","0.01063","0.00109","60.90413"
"69.40000","2.31341","2,334.30713","0.01065","0.00101","60.94287"
"69.50000","2.31654","2,336.45874","0.01067","0.00104","60.99905"
"69.60000","2.31998","2,337.74268","0.01071","0.00083","61.03257"
"69.70000","2.32350","2,340.28223","0.01058","0.00095","61.09887"
"69.80000","2.32663","2,342.85889","0.01067","0.00077","61.16614"
"69.90000","2.33000","2,343.90942","0.01066","0.00072","61.19357"
"70.00000","2.33336","2,346.53906","0.01065","0.00083","61.26222"
"70.10000","2.33665","2,348.10620","0.01068","0.00088","61.30313"
"70.20000","2.33986","2,349.59692","0.01063","0.00076","61.34205"
"70.30000","2.34338","2,352.31030","0.01059","0.00085","61.41289"
"70.40000","2.34689","2,353.57104","0.01101","0.00074","61.44581"
"70.50000","2.34995","2,356.07324","0.01097","0.00080","61.51114"
"70.60000","2.35324","2,357.97485","0.01103","0.00078","61.56078"
"70.70000","2.35668","2,360.31104","0.01097","0.00085","61.62177"
"70.80000","2.35982","2,360.99854","0.01102","0.00147","61.63972"
"70.90000","2.36326","2,363.50879","0.01102","0.00151","61.70526"
"71.00000","2.36677","2,365.59155","0.01103","0.00147","61.75963"
"71.10000","2.36991","2,367.50024","0.01101","0.00152","61.80946"
"71.20000","2.37334","2,369.51001","0.01105","0.00148","61.86193"
"71.30000","2.37671","2,371.59204","0.01103","0.00153","61.91629"
"71.40000","2.38000","2,372.40454","0.01106","0.00133","61.93750"
"71.50000","2.38328","2,374.35669","0.01110","0.00133","61.98847"
"71.60000","2.38665","2,376.69238","0.01107","0.00132","62.04945"
"71.70000","2.39009","2,378.88916","0.01113","0.00126","62.10680"
"71.80000","2.39322","2,380.91797","0.01115","0.00133","62.15977"
"71.90000","2.39674","2,382.29712","0.01113","0.00133","62.19577"
"72.00000","2.40010","2,385.07910","0.01114","0.00135","62.26840"
"72.10000","2.40316","2,386.01709","0.01115","0.00121","62.29289"
"72.20000","2.40668","2,388.55249","0.01114","0.00119","62.35909"
"72.30000","2.41012","2,390.09473","0.01117","0.00111","62.39935"
"72.40000","2.41318","2,392.36597","0.01115","0.00113","62.45864"
"72.50000","2.41669","2,393.70874","0.01118","0.00114","62.49370"
"72.60000","2.42006","2,395.65698","0.01114","0.00103","62.54456"
"72.70000","2.42334","2,397.41870","0.01121","0.00097","62.59056"
"72.80000","2.42663","2,400.25415","0.01113","0.00095","62.66459"
"72.90000","2.42992","2,401.75513","0.01114","0.00087","62.70377"
"73.00000","2.43328","2,403.82324","0.01118","0.00074","62.75777"
"73.10000","2.43650","2,405.55518","0.01115","0.00069","62.80298"
"73.20000","2.44001","2,408.03833","0.01112","0.00072","62.86781"
"73.30000","2.44345","2,409.54419","0.01112","0.00086","62.90712"
"73.40000","2.44659","2,411.40918","0.01149","0.00090","62.95581"
"73.50000","2.45002","2,413.80347","0.01152","0.00093","63.01833"
"73.60000","2.45339","2,415.82739","0.01151","0.00080","63.07116"
"73.70000","2.45660","2,418.00659","0.01153","0.00085","63.12806"
"73.80000","2.46004","2,419.43384","0.01154","0.00083","63.16532"
"73.90000","2.46340","2,421.34448","0.01151","0.00080","63.21520"
"74.00000","2.46669","2,423.35034","0.01149","0.00115","63.26757"
"74.10000","2.47005","2,424.91382","0.01151","0.00126","63.30839"
"74.20000","2.47334","2,427.08301","0.01153","0.00142","63.36502"
"74.30000","2.47671","2,428.75098","0.01153","0.00153","63.40857"
"74.40000","2.47984","2,429.97485","0.01152","0.00148","63.44052"
"74.50000","2.48328","2,432.75488","0.01151","0.00150","63.51310"
"74.60000","2.48672","2,434.89209","0.01157","0.00158","63.56889"
"74.70000","2.48986","2,436.20581","0.01159","0.00144","63.60319"
"74.80000","2.49337","2,438.64551","0.01158","0.00137","63.66689"
"74.90000","2.49674","2,440.07202","0.01165","0.00128","63.70413"
"75.00000","2.49987","2,441.02930","0.01164","0.00131","63.72912"
"75.10000","2.50331","2,444.01587","0.01164","0.00128","63.80709"
"75.20000","2.50660","2,445.31665","0.01170","0.00124","63.84105"
"75.30000","2.50989","2,447.29248","0.01165","0.00124","63.89264"
"75.40000","2.51333","2,449.11377","0.01165","0.00115","63.94019"
"75.50000","2.51669","2,450.77588","0.01165","0.00118","63.98358"
"75.60000","2.52005","2,452.89404","0.01164","0.00111","64.03888"
"75.70000","2.52327","2,453.85889","0.01168","0.00109","64.06407"
"75.80000","2.52663","2,456.53613","0.01166","0.00103","64.13396"
"75.90000","2.53007","2,459.45703","0.01167","0.00096","64.21022"
"76.00000","2.53321","2,460.55078","0.01162","0.00087","64.23878"
"76.10000","2.53672","2,462.31396","0.01162","0.00081","64.28481"
"76.20000","2.54016","2,464.53687","0.01163","0.00089","64.34284"
"76.30000","2.54322","2,465.69019","0.01164","0.00074","64.37296"
"76.40000","2.54673","2,468.41040","0.01194","0.00068","64.44397"
"76.50000","2.55002","2,470.24365","0.01200","0.00086","64.49184"
"76.60000","2.55324","2,471.61108","0.01201","0.00106","64.52753"
"76.70000","2.55660","2,473.08789","0.01196","0.00092","64.56609"
"76.80000","2.56004","2,475.62036","0.01204","0.00087","64.63221"
"76.90000","2.56333","2,477.81055","0.01195","0.00083","64.68938"
"77.00000","2.56661","2,478.78687","0.01202","0.00081","64.71487"
"77.10000","2.57005","2,481.52490","0.01195","0.00098","64.78636"
"77.20000","2.57334","2,483.61670","0.01201","0.00121","64.84097"
"77.30000","2.57655","2,485.14868","0.01198","0.00145","64.88097"
"77.40000","2.57999","2,487.27612","0.01202","0.00153","64.93651"
"77.50000","2.58343","2,489.11328","0.01196","0.00145","64.98447"
"77.60000","2.58664","2,490.42432","0.01202","0.00165","65.01870"
"77.70000","2.59008","2,492.35181","0.01204","0.00165","65.06902"
"77.80000","2.59337","2,494.40381","0.01202","0.00154","65.12260"
"77.90000","2.59658","2,496.32373","0.01208","0.00142","65.17272"
"78.00000","2.59995","2,498.13574","0.01206","0.00140","65.22002"
"78.10000","2.60338","2,499.86108","0.01207","0.00139","65.26507"
"78.20000","2.60660","2,501.77393","0.01215","0.00139","65.31501"
"78.30000","2.60996","2,503.96680","0.01216","0.00131","65.37226"
"78.40000","2.61347","2,505.57129","0.01215","0.00125","65.41415"
"78.50000","2.61661","2,507.20605","0.01212","0.00125","65.45683"
"78.60000","2.61990","2,508.32129","0.01209","0.00117","65.48595"
"78.70000","2.62326","2,511.04858","0.01215","0.00116","65.55715"
"78.80000","2.62670","2,513.47290","0.01210","0.00112","65.62045"
"78.90000","2.62992","2,514.97754","0.01213","0.00112","65.65972"
"79.00000","2.63335","2,516.69604","0.01209","0.00102","65.70459"
"79.10000","2.63679","2,518.26050","0.01216","0.00094","65.74543"
"79.20000","2.63993","2,520.13306","0.01212","0.00099","65.79432"
"79.30000","2.64329","2,522.11011","0.01248","0.00089","65.84594"
"79.40000","2.64673","2,523.72607","0.01250","0.00084","65.88812"
"79.50000","2.64987","2,525.29199","0.01246","0.00081","65.92901"
"79.60000","2.65331","2,527.08447","0.01255","0.00079","65.97581"
"79.70000","2.65675","2,529.34131","0.01253","0.00075","66.03473"
"79.80000","2.65996","2,531.27515","0.01250","0.00078","66.08521"
"79.90000","2.66332","2,533.41016","0.01252","0.00084","66.14095"
"80.00000","2.66669","2,534.59546","0.01247","0.00088","66.17190"
"80.10000","2.66998","2,536.22949","0.01255","0.00082","66.21456"
"80.20000","2.67326","2,537.82935","0.01250","0.00078","66.25632"
"80.30000","2.67670","2,540.35571","0.01252","0.00089","66.32228"
"80.40000","2.68014","2,542.06079","0.01257","0.00114","66.36680"
"80.50000","2.68320","2,543.58081","0.01259","0.00144","66.40649"
"80.60000","2.68672","2,545.19238","0.01250","0.00154","66.44855"
"80.70000","2.69015","2,547.68823","0.01251","0.00150","66.51372"
"80.80000","2.69322","2,548.59326","0.01254","0.00150","66.53735"
"80.90000","2.69666","2,550.21289","0.01254","0.00159","66.57963"
"81.00000","2.70009","2,553.55005","0.01254","0.00169","66.66676"
"81.10000","2.70323","2,553.91479","0.01258","0.00146","66.67628"
"81.20000","2.70667","2,555.95825","0.01260","0.00146","66.72963"
"81.30000","2.71003","2,557.83960","0.01265","0.00138","66.77875"
"81.40000","2.71332","2,560.13989","0.01256","0.00122","66.83880"
"81.50000","2.71654","2,561.40137","0.01259","0.00136","66.87173"
"81.60000","2.71990","2,563.84863","0.01260","0.00126","66.93562"
"81.70000","2.72334","2,565.75269","0.01260","0.00119","66.98534"
"81.80000","2.72655","2,566.87598","0.01261","0.00115","67.01466"
"81.90000","2.72999","2,568.41846","0.01260","0.00118","67.05493"
"82.00000","2.73350","2,570.83862","0.01259","0.00121","67.11812"
"82.10000","2.73649","2,572.62769","0.01256","0.00104","67.16483"
"82.20000","2.74000","2,574.65771","0.01265","0.00099","67.21782"
"82.30000","2.74337","2,576.29614","0.01299","0.00102","67.26060"
"82.40000","2.74658","2,577.85522","0.01295","0.00082","67.30130"
"82.50000","2.75002","2,580.03003","0.01296","0.00092","67.35808"
"82.60000","2.75338","2,582.11670","0.01295","0.00078","67.41256"
"82.70000","2.75667","2,583.12671","0.01302","0.00081","67.43893"
"82.80000","2.76003","2,585.08032","0.01299","0.00081","67.48993"
"82.90000","2.76332","2,587.08447","0.01306","0.00089","67.54225"
"83.00000","2.76668","2,589.54663","0.01297","0.00088","67.60654"
"83.10000","2.76990","2,589.85059","0.01299","0.00100","67.61447"
"83.20000","2.77334","2,592.13965","0.01298","0.00090","67.67423"
"83.30000","2.77677","2,594.23657","0.01299","0.00094","67.72898"
"83.40000","2.77991","2,596.76978","0.01300","0.00082","67.79511"
"83.50000","2.78335","2,599.06152","0.01302","0.00093","67.85494"
"83.60000","2.78671","2,599.80737","0.01305","0.00121","67.87442"
"83.70000","2.78985","2,601.13989","0.01308","0.00102","67.90920"
"83.80000","2.79337","2,603.24585","0.01307","0.00130","67.96419"
"83.90000","2.79665","2,605.38574","0.01312","0.00162","68.02006"
"84.00000","2.80002","2,607.34399","0.01308","0.00157","68.07118"
"84.10000","2.80338","2,608.29712","0.01313","0.00164","68.09606"
"84.20000","2.80667","2,610.94409","0.01309","0.00160","68.16517"
"84.30000","2.81003","2,613.59741","0.01308","0.00146","68.23444"
"84.40000","2.81317","2,614.02319","0.01311","0.00140","68.24556"
"84.50000","2.81668","2,617.02954","0.01309","0.00139","68.32404"
"84.60000","2.82012","2,618.70117","0.01311","0.00145","68.36768"
"84.70000","2.82326","2,619.64648","0.01308","0.00131","68.39236"
"84.80000","2.82677","2,622.69385","0.01305","0.00130","68.47192"
"84.90000","2.83014","2,624.07812","0.01313","0.00126","68.50806"
"85.00000","2.83320","2,625.12085","0.01315","0.00119","68.53529"
"85.10000","2.83671","2,628.14160","0.01310","0.00114","68.61415"
"85.20000","2.84000","2,629.48389","0.01333","0.00122","68.64919"
"85.30000","2.84329","2,630.89087","0.01350","0.00117","68.68593"
"85.40000","2.84665","2,633.08350","0.01349","0.00103","68.74317"
"85.50000","2.85002","2,634.58472","0.01350","0.00098","68.78236"
"85.60000","2.85338","2,636.55835","0.01349","0.00092","68.83389"
"85.70000","2.85659","2,637.80786","0.01352","0.00078","68.86652"
"85.80000","2.86003","2,640.01587","0.01349","0.00079","68.92416"
"85.90000","2.86332","2,641.93628","0.01354","0.00076","68.97430"
"86.00000","2.86653","2,643.89282","0.01347","0.00082","69.02538"
"86.10000","2.87005","2,645.04346","0.01357","0.00080","69.05542"
"86.20000","2.87341","2,647.29907","0.01353","0.00093","69.11430"
"86.30000","2.87662","2,648.86743","0.01354","0.00087","69.15525"
"86.40000","2.88006","2,650.59229","0.01354","0.00097","69.20029"
"86.50000","2.88335","2,652.41943","0.01355","0.00089","69.24799"
"86.60000","2.88656","2,654.07983","0.01355","0.00094","69.29134"
"86.70000","2.88993","2,656.34155","0.01354","0.00082","69.35038"
"86.80000","2.89336","2,657.87939","0.01351","0.00087","69.39053"
"86.90000","2.89665","2,659.75635","0.01354","0.00159","69.43954"
"87.00000","2.89994","2,661.38940","0.01361","0.00162","69.48217"
"87.10000","2.90338","2,663.18652","0.01361","0.00160","69.52908"
"87.20000","2.90667","2,664.96777","0.01363","0.00161","69.57559"
"87.30000","2.90988","2,666.31030","0.01364","0.00164","69.61064"
"87.40000","2.91339","2,668.79541","0.01364","0.00152","69.67552"
"87.50000","2.91676","2,669.87622","0.01358","0.00144","69.70374"
"87.60000","2.91997","2,671.58545","0.01363","0.00139","69.74836"
"87.70000","2.92341","2,673.79053","0.01360","0.00133","69.80593"
"87.80000","2.92677","2,675.54492","0.01361","0.00128","69.85173"
"87.90000","2.92991","2,677.68408","0.01359","0.00132","69.90759"
"88.00000","2.93327","2,678.75928","0.01361","0.00125","69.93565"
"88.10000","2.93671","2,681.27734","0.01356","0.00117","70.00140"
"88.20000","2.93992","2,682.34155","0.01365","0.00104","70.02917"
"88.30000","2.94329","2,683.83105","0.01394","0.00113","70.06806"
"88.40000","2.94680","2,686.88696","0.01399","0.00102","70.14784"
"88.50000","2.95001","2,687.79663","0.01393","0.00112","70.17159"
"88.60000","2.95323","2,689.87817","0.01396","0.00094","70.22594"
"88.70000","2.95667","2,691.72412","0.01397","0.00083","70.27413"
"88.80000","2.95995","2,694.20752","0.01395","0.00080","70.33897"
"88.90000","2.96324","2,695.48608","0.01395","0.00071","70.37234"
"89.00000","2.96668","2,697.56616","0.01397","0.00072","70.42665"
"89.10000","2.97012","2,698.81104","0.01401","0.00084","70.45915"
"89.20000","2.97326","2,700.46167","0.01398","0.00085","70.50225"
"89.30000","2.97662","2,702.60840","0.01401","0.00080","70.55830"
"89.40000","2.98006","2,704.67236","0.01400","0.00091","70.61217"
"89.50000","2.98320","2,706.14893","0.01398","0.00075","70.65073"
"89.60000","2.98664","2,707.45459","0.01401","0.00084","70.68481"
"89.70000","2.99007","2,709.92041","0.01403","0.00082","70.74919"
"89.80000","2.99329","2,710.95361","0.01399","0.00089","70.77617"
"89.90000","2.99665","2,712.25806","0.01407","0.00101","70.81022"
"90.00000","3.00001","2,715.70679","0.01405","0.00101","70.90026"
"90.10000","3.00338","2,716.64038","0.01406","0.00107","70.92463"
"90.20000","3.00652","2,717.85327","0.01412","0.00148","70.95630"
"90.30000","3.00995","2,720.03516","0.01412","0.00152","71.01326"
"90.40000","3.01339","2,721.19238","0.01413","0.00160","71.04347"
"90.50000","3.01661","2,723.06885","0.01411","0.00157","71.09246"
"90.60000","3.02004","2,725.28149","0.01412","0.00164","71.15023"
"90.70000","3.02348","2,726.62061","0.01410","0.00144","71.18519"
"90.80000","3.02655","2,727.53271","0.01409","0.00137","71.20901"
"90.90000","3.02998","2,729.67334","0.01411","0.00139","71.26489"
"91.00000","3.03342","2,731.99585","0.01408","0.00124","71.32552"
"91.10000","3.03663","2,733.77539","0.01430","0.00131","71.37199"
"91.20000","3.04007","2,735.43921","0.01441","0.00122","71.41542"
"91.30000","3.04344","2,737.24243","0.01439","0.00116","71.46250"
"91.40000","3.04672","2,738.78345","0.01442","0.00125","71.50273"
"91.50000","3.04994","2,740.85376","0.01442","0.00117","71.55679"
"91.60000","3.05330","2,742.25146","0.01443","0.00114","71.59328"
"91.70000","3.05666","2,744.36816","0.01441","0.00103","71.64854"
"91.80000","3.05988","2,744.99170","0.01445","0.00091","71.66481"
"91.90000","3.06339","2,747.83154","0.01444","0.00084","71.73895"
"92.00000","3.06683","2,749.67188","0.01441","0.00094","71.78700"
"92.10000","3.06989","2,751.40991","0.01445","0.00074","71.83237"
"92.20000","3.07333","2,752.66357","0.01444","0.00068","71.86510"
"92.30000","3.07669","2,754.83008","0.01445","0.00081","71.92167"
"92.40000","3.07983","2,756.77393","0.01448","0.00077","71.97242"
"92.50000","3.08334","2,758.00073","0.01449","0.00080","72.00445"
"92.60000","3.08663","2,759.96387","0.01447","0.00084","72.05570"
"92.70000","3.09007","2,762.05103","0.01450","0.00083","72.11019"
"92.80000","3.09336","2,762.80054","0.01455","0.00091","72.12976"
"92.90000","3.09665","2,765.97729","0.01460","0.00101","72.21269"
"93.00000","3.10001","2,767.13257","0.01452","0.00082","72.24286"
"93.10000","3.10315","2,768.03149","0.01452","0.00090","72.26633"
"93.20000","3.10666","2,770.77808","0.01462","0.00086","72.33803"
"93.30000","3.11010","2,771.78516","0.01459","0.00089","72.36433"
"93.40000","3.11324","2,773.56470","0.01459","0.00131","72.41078"
"93.50000","3.11675","2,775.44263","0.01459","0.00150","72.45981"
"93.60000","3.12012","2,777.34644","0.01459","0.00162","72.50951"
"93.70000","3.12325","2,778.97168","0.01462","0.00154","72.55195"
"93.80000","3.12669","2,780.36768","0.01462","0.00163","72.58839"
"93.90000","3.12998","2,782.80835","0.01466","0.00149","72.65211"
"94.00000","3.13334","2,783.04565","0.01461","0.00136","72.65831"
"94.10000","3.13663","2,785.53223","0.01489","0.00138","72.72323"
"94.20000","3.14000","2,787.27686","0.01490","0.00124","72.76878"
"94.30000","3.14336","2,788.78979","0.01494","0.00124","72.80827"
"94.40000","3.14650","2,790.01709","0.01489","0.00123","72.84032"
"94.50000","3.14994","2,792.49707","0.01488","0.00116","72.90506"
"94.60000","3.15337","2,794.43750","0.01488","0.00111","72.95572"
"94.70000","3.15659","2,795.56665","0.01491","0.00108","72.98520"
"94.80000","3.16003","2,797.74561","0.01486","0.00101","73.04208"
"94.90000","3.16346","2,799.26343","0.01487","0.00108","73.08171"
"95.00000","3.16660","2,801.30371","0.01490","0.00106","73.13498"
"95.10000","3.16997","2,802.83643","0.01484","0.00084","73.17500"
"95.20000","3.17325","2,804.84619","0.01491","0.00074","73.22746"
"95.30000","3.17654","2,805.78979","0.01483","0.00064","73.25210"
"95.40000","3.17998","2,807.75488","0.01489","0.00083","73.30341"
"95.50000","3.18342","2,810.26318","0.01482","0.00076","73.36889"
"95.60000","3.18671","2,812.41699","0.01477","0.00084","73.42512"
"95.70000","3.18992","2,813.03052","0.01484","0.00084","73.44114"
"95.80000","3.19336","2,814.79321","0.01490","0.00089","73.48715"
"95.90000","3.19665","2,816.53711","0.01494","0.00095","73.53268"
"96.00000","3.19986","2,818.49805","0.01505","0.00099","73.58388"
"96.10000","3.20337","2,820.37378","0.01502","0.00098","73.63285"
"96.20000","3.20674","2,822.07739","0.01500","0.00093","73.67733"
"96.30000","3.20995","2,823.56104","0.01505","0.00101","73.71606"
"96.40000","3.21339","2,825.57544","0.01508","0.00094","73.76865"
"96.50000","3.21675","2,826.97119","0.01507","0.00133","73.80509"
"96.60000","3.21989","2,828.29468","0.01506","0.00123","73.83965"
"96.70000","3.22325","2,829.98901","0.01506","0.00154","73.88388"
"96.80000","3.22669","2,832.36963","0.01509","0.00155","73.94603"
"96.90000","3.22998","2,834.19995","0.01511","0.00161","73.99382"
"97.00000","3.23327","2,835.52881","0.01506","0.00163","74.02851"
"97.10000","3.23671","2,837.39038","0.01536","0.00161","74.07711"
"97.20000","3.23999","2,839.31421","0.01538","0.00145","74.12733"
"97.30000","3.24321","2,839.82715","0.01544","0.00139","74.14073"
"97.40000","3.24665","2,842.99951","0.01538","0.00143","74.22355"
"97.50000","3.25001","2,844.21338","0.01540","0.00127","74.25524"
"97.60000","3.25330","2,845.25537","0.01536","0.00130","74.28245"
"97.70000","3.25673","2,846.84058","0.01549","0.00123","74.32383"
"97.80000","3.26017","2,848.99854","0.01542","0.00115","74.38017"
"97.90000","3.26324","2,851.15381","0.01543","0.00106","74.43644"
"98.00000","3.26660","2,852.27661","0.01540","0.00107","74.46575"
"98.10000","3.27004","2,854.33057","0.01528","0.00104","74.51938"
"98.20000","3.27325","2,856.74438","0.01538","0.00088","74.58240"
"98.30000","3.27669","2,857.94873","0.01536","0.00079","74.61384"
"98.40000","3.28013","2,860.08203","0.01537","0.00070","74.66953"
"98.50000","3.28334","2,861.32275","0.01548","0.00083","74.70193"
"98.60000","3.28663","2,863.07007","0.01531","0.00076","74.74754"
"98.70000","3.28999","2,864.90869","0.01532","0.00081","74.79555"
"98.80000","3.29336","2,866.33594","0.01534","0.00081","74.83281"
"98.90000","3.29657","2,867.84424","0.01541","0.00072","74.87218"
"99.00000","3.30001","2,870.09058","0.01537","0.00097","74.93083"
"99.10000","3.30345","2,872.37476","0.01554","0.00096","74.99046"
"99.20000","3.30658","2,873.91235","0.01550","0.00094","75.03061"
"99.30000","3.31002","2,875.24756","0.01554","0.00094","75.06547"
"99.40000","3.31339","2,876.77246","0.01557","0.00102","75.10528"
"99.50000","3.31652","2,878.90576","0.01552","0.00102","75.16097"
"99.60000","3.31996","2,879.74512","0.01559","0.00093","75.18288"
"99.70000","3.32340","2,882.63794","0.01560","0.00100","75.25841"
"99.80000","3.32661","2,884.48486","0.01558","0.00088","75.30663"
"99.90000","3.33005","2,885.59717","0.01559","0.00154","75.33567"
"100.00000","3.33341","2,887.71436","0.01574","0.00169","75.39095"
"100.10000","3.33670","2,889.27881","0.01587","0.00163","75.43179"
"100.20000","3.33992","2,891.83276","0.01587","0.00156","75.49847"
"100.30000","3.34328","2,892.82495","0.01589","0.00144","75.52437"
"100.40000","3.34672","2,894.58740","0.01590","0.00141","75.57038"
"100.50000","3.34993","2,895.69800","0.01592","0.00147","75.59937"
"100.60000","3.35337","2,897.55786","0.01587","0.00142","75.64793"
"100.70000","3.35673","2,899.83813","0.01590","0.00117","75.70747"
"100.80000","3.35987","2,901.41821","0.01579","0.00100","75.74872"
"100.90000","3.36331","2,902.80542","0.01591","0.00118","75.78493"
"101.00000","3.36667","2,904.51807","0.01583","0.00108","75.82964"
"101.10000","3.36989","2,906.81836","0.01591","0.00112","75.88970"
"101.20000","3.37332","2,908.35132","0.01586","0.00106","75.92972"
"101.30000","3.37669","2,909.76904","0.01586","0.00102","75.96674"
"101.40000","3.38005","2,911.55078","0.01572","0.00099","76.01325"
"101.50000","3.38326","2,912.50806","0.01585","0.00084","76.03825"
"101.60000","3.38655","2,914.78442","0.01576","0.00060","76.09767"
"101.70000","3.39007","2,916.61548","0.01573","0.00073","76.14548"
"101.80000","3.39320","2,917.84766","0.01580","0.00061","76.17765"
"101.90000","3.39672","2,919.47778","0.01579","0.00071","76.22021"
"102.00000","3.40016","2,921.74683","0.01598","0.00083","76.27944"
"102.10000","3.40322","2,922.78906","0.01589","0.00085","76.30666"
"102.20000","3.40666","2,924.73804","0.01597","0.00087","76.35754"
"102.30000","3.41002","2,926.08691","0.01595","0.00097","76.39275"
"102.40000","3.41323","2,927.81787","0.01597","0.00106","76.43794"
"102.50000","3.41667","2,929.49170","0.01601","0.00101","76.48164"
"102.60000","3.41996","2,931.37256","0.01599","0.00111","76.53075"
"102.70000","3.42340","2,933.19971","0.01603","0.00086","76.57845"
"102.80000","3.42669","2,934.28589","0.01605","0.00092","76.60681"
"102.90000","3.42997","2,936.91382","0.01604","0.00097","76.67542"
"103.00000","3.43341","2,937.85083","0.01632","0.00116","76.69988"
"103.10000","3.43648","2,939.58179","0.01634","0.00106","76.74507"
"103.20000","3.43999","2,941.73926","0.01637","0.00158","76.80140"
"103.30000","3.44343","2,942.83960","0.01635","0.00151","76.83012"
"103.40000","3.44657","2,944.90332","0.01633","0.00154","76.88400"
"103.50000","3.45015","2,947.09790","0.01640","0.00153","76.94130"
"103.60000","3.45344","2,948.02710","0.01640","0.00134","76.96555"
"103.70000","3.45651","2,950.20947","0.01641","0.00141","77.02253"
"103.80000","3.46002","2,951.58350","0.01641","0.00124","77.05840"
"103.90000","3.46331","2,953.25610","0.01628","0.00127","77.10207"
"104.00000","3.46667","2,954.84790","0.01643","0.00120","77.14363"
"104.10000","3.47003","2,956.76733","0.01637","0.00106","77.19374"
"104.20000","3.47347","2,958.32690","0.01638","0.00115","77.23446"
"104.30000","3.47676","2,959.53760","0.01641","0.00112","77.26607"
"104.40000","3.47990","2,961.57959","0.01633","0.00100","77.31937"
"104.50000","3.48334","2,963.31470","0.01627","0.00086","77.36468"
"104.60000","3.48678","2,964.91895","0.01630","0.00071","77.40656"
"104.70000","3.48984","2,966.07007","0.01635","0.00085","77.43661"
"104.80000","3.49343","2,967.14600","0.01629","0.00058","77.46470"
"104.90000","3.49679","2,969.28760","0.01637","0.00076","77.52061"
"105.00000","3.49993","2,971.60669","0.01632","0.00075","77.58116"
"105.10000","3.50329","2,973.33154","0.01642","0.00077","77.62619"
"105.20000","3.50666","2,974.43945","0.01647","0.00083","77.65511"
"105.30000","3.50994","2,975.99170","0.01647","0.00086","77.69564"
"105.40000","3.51323","2,977.24097","0.01646","0.00075","77.72826"
"105.50000","3.51667","2,979.98486","0.01648","0.00084","77.79990"
"105.60000","3.52003","2,980.94946","0.01651","0.00110","77.82507"
"105.70000","3.52325","2,982.72925","0.01650","0.00093","77.87154"
"105.80000","3.52668","2,985.07471","0.01653","0.00102","77.93278"
"105.90000","3.52997","2,986.45410","0.01653","0.00102","77.96879"
"106.00000","3.53319","2,987.27441","0.01674","0.00098","77.99020"
"106.10000","3.53670","2,989.27539","0.01680","0.00107","78.04244"
"106.20000","3.54006","2,991.48096","0.01684","0.00106","78.10003"
"106.30000","3.54335","2,993.18872","0.01680","0.00129","78.14462"
"106.40000","3.54679","2,994.59937","0.01681","0.00161","78.18144"
"106.50000","3.55008","2,996.00854","0.01681","0.00143","78.21823"
"106.60000","3.55322","2,997.73511","0.01685","0.00163","78.26331"
"106.70000","3.55658","2,998.98706","0.01679","0.00148","78.29599"
"106.80000","3.56002","3,000.89087","0.01686","0.00141","78.34570"
"106.90000","3.56331","3,002.51855","0.01682","0.00130","78.38819"
"107.00000","3.56659","3,003.88428","0.01679","0.00116","78.42384"
"107.10000","3.57011","3,006.39380","0.01674","0.00112","78.48936"
"107.20000","3.57332","3,007.60034","0.01677","0.00117","78.52087"
"107.30000","3.57646","3,008.04834","0.01671","0.00109","78.53256"
"107.40000","3.57997","3,010.59473","0.01674","0.00106","78.59904"
"107.50000","3.58326","3,012.56152","0.01679","0.00103","78.65039"
"107.60000","3.58655","3,014.08936","0.01679","0.00104","78.69028"
"107.70000","3.59006","3,016.45557","0.01680","0.00095","78.75205"
"107.80000","3.59350","3,017.92480","0.01675","0.00083","78.79041"
"107.90000","3.59664","3,019.93359","0.01680","0.00068","78.84286"
"108.00000","3.60000","3,021.05811","0.01680","0.00062","78.87222"
"108.10000","3.60336","3,022.78564","0.01680","0.00062","78.91731"
"108.20000","3.60658","3,024.53564","0.01688","0.00074","78.96301"
"108.30000","3.60994","3,025.78687","0.01688","0.00080","78.99567"
"108.40000","3.61338","3,028.10767","0.01685","0.00064","79.05626"
"108.50000","3.61667","3,029.40454","0.01692","0.00088","79.09012"
"108.60000","3.61996","3,030.49731","0.01697","0.00096","79.11864"
"108.70000","3.62339","3,033.01660","0.01699","0.00106","79.18442"
"108.80000","3.62668","3,033.92529","0.01696","0.00097","79.20815"
"108.90000","3.62990","3,035.79736","0.01695","0.00089","79.25702"
"109.00000","3.63326","3,038.39722","0.01725","0.00094","79.32489"
"109.10000","3.63677","3,039.35913","0.01728","0.00101","79.35001"
"109.20000","3.63991","3,040.79443","0.01729","0.00096","79.38747"
"109.30000","3.64335","3,042.83081","0.01727","0.00102","79.44064"
"109.40000","3.64671","3,043.88062","0.01728","0.00095","79.46805"
"109.50000","3.64985","3,045.62915","0.01726","0.00111","79.51370"
"109.60000","3.65329","3,047.24609","0.01726","0.00168","79.55592"
"109.70000","3.65665","3,049.09033","0.01727","0.00163","79.60406"
"109.80000","3.65994","3,051.20166","0.01724","0.00158","79.65919"
"109.90000","3.66338","3,052.96265","0.01723","0.00145","79.70516"
"110.00000","3.66667","3,054.87769","0.01728","0.00132","79.75516"
"110.10000","3.67003","3,055.42847","0.01727","0.00130","79.76954"
"110.20000","3.67324","3,057.48438","0.01729","0.00128","79.82321"
"110.30000","3.67661","3,059.19751","0.01727","0.00119","79.86794"
"110.40000","3.68012","3,060.83032","0.01729","0.00098","79.91056"
"110.50000","3.68326","3,062.27979","0.01724","0.00102","79.94840"
"110.60000","3.68670","3,064.03296","0.01725","0.00097","79.99418"
"110.70000","3.69021","3,066.23999","0.01736","0.00085","80.05180"
"110.80000","3.69320","3,067.89307","0.01730","0.00091","80.09496"
"110.90000","3.69664","3,068.37939","0.01730","0.00088","80.10765"
"111.00000","3.70000","3,070.57495","0.01732","0.00073","80.16497"
"111.10000","3.70329","3,072.11011","0.01739","0.00059","80.20505"
"111.20000","3.70665","3,074.79907","0.01733","0.00070","80.27525"
"111.30000","3.71009","3,075.69800","0.01744","0.00074","80.29872"
"111.40000","3.71345","3,077.42358","0.01747","0.00075","80.34377"
"111.50000","3.71667","3,078.78003","0.01741","0.00077","80.37919"
"111.60000","3.71995","3,080.22266","0.01751","0.00063","80.41685"
"111.70000","3.72339","3,082.18457","0.01744","0.00082","80.46807"
"111.80000","3.72653","3,083.15015","0.01744","0.00089","80.49328"
"111.90000","3.72997","3,086.55298","0.01745","0.00086","80.58212"
"112.00000","3.73348","3,087.04712","0.01770","0.00101","80.59502"
"112.10000","3.73655","3,088.46753","0.01771","0.00095","80.63210"
"112.20000","3.74006","3,090.79541","0.01775","0.00091","80.69288"
"112.30000","3.74335","3,091.97095","0.01769","0.00097","80.72356"
"112.40000","3.74656","3,094.12476","0.01774","0.00096","80.77980"
"112.50000","3.75000","3,095.40918","0.01763","0.00085","80.81333"
"112.60000","3.75336","3,096.58765","0.01776","0.00094","80.84410"
"112.70000","3.75672","3,098.64233","0.01767","0.00114","80.89774"
"112.80000","3.75994","3,100.28125","0.01770","0.00159","80.94053"
"112.90000","3.76330","3,102.26685","0.01770","0.00141","80.99237"
"113.00000","3.76674","3,104.12671","0.01772","0.00143","81.04092"
"113.10000","3.76980","3,104.39966","0.01774","0.00128","81.04805"
"113.20000","3.77332","3,106.60498","0.01775","0.00135","81.10562"
"113.30000","3.77675","3,108.08643","0.01770","0.00118","81.14430"
"113.40000","3.77989","3,110.20654","0.01772","0.00137","81.19965"
"113.50000","3.78348","3,111.93555","0.01777","0.00124","81.24479"
"113.60000","3.78677","3,113.52466","0.01774","0.00100","81.28628"
"113.70000","3.78991","3,114.82715","0.01775","0.00093","81.32028"
"113.80000","3.79327","3,116.22705","0.01774","0.00097","81.35683"
"113.90000","3.79663","3,117.98950","0.01780","0.00089","81.40285"
"114.00000","3.80000","3,119.83130","0.01778","0.00088","81.45093"
"114.10000","3.80321","3,121.50513","0.01781","0.00067","81.49463"
"114.20000","3.80665","3,123.02905","0.01775","0.00061","81.53442"
"114.30000","3.81009","3,124.15137","0.01787","0.00069","81.56372"
"114.40000","3.81315","3,125.95190","0.01786","0.00065","81.61073"
"114.50000","3.81666","3,127.70874","0.01790","0.00058","81.65659"
"114.60000","3.82003","3,129.14038","0.01791","0.00069","81.69397"
"114.70000","3.82317","3,130.76221","0.01791","0.00073","81.73631"
"114.80000","3.82675","3,133.79736","0.01791","0.00085","81.81555"
"114.90000","3.83012","3,134.61572","0.01819","0.00078","81.83691"
"115.00000","3.83326","3,135.94092","0.01814","0.00093","81.87151"
"115.10000","3.83669","3,137.77002","0.01820","0.00080","81.91927"
"115.20000","3.83998","3,139.14087","0.01818","0.00098","81.95506"
"115.30000","3.84327","3,140.94678","0.01822","0.00105","82.00220"
"115.40000","3.84656","3,142.12817","0.01808","0.00089","82.03304"
"115.50000","3.85000","3,144.52759","0.01814","0.00102","82.09569"
"115.60000","3.85336","3,146.42944","0.01815","0.00098","82.14534"
"115.70000","3.85657","3,146.51318","0.01811","0.00093","82.14753"
"115.80000","3.86001","3,148.78931","0.01816","0.00098","82.20695"
"115.90000","3.86337","3,150.48462","0.01818","0.00083","82.25121"
"116.00000","3.86651","3,151.85864","0.01810","0.00094","82.28709"
"116.10000","3.87010","3,153.88745","0.01818","0.00142","82.34005"
"116.20000","3.87339","3,156.29614","0.01815","0.00136","82.40294"
"116.30000","3.87660","3,156.99585","0.01817","0.00146","82.42120"
"116.40000","3.87997","3,158.71460","0.01817","0.00132","82.46608"
"116.50000","3.88333","3,160.49609","0.01822","0.00129","82.51259"
"116.60000","3.88662","3,162.24463","0.01820","0.00112","82.55824"
"116.70000","3.88991","3,163.84741","0.01819","0.00094","82.60008"
"116.80000","3.89334","3,165.61377","0.01822","0.00096","82.64619"
"116.90000","3.89663","3,167.06812","0.01821","0.00107","82.68417"
"117.00000","3.89992","3,168.29004","0.01821","0.00088","82.71606"
"117.10000","3.90343","3,170.19849","0.01826","0.00075","82.76589"
"117.20000","3.90672","3,172.15210","0.01821","0.00073","82.81689"
"117.30000","3.90986","3,173.30615","0.01823","0.00060","82.84702"
"117.40000","3.91337","3,175.38574","0.01834","0.00065","82.90131"
"117.50000","3.91666","3,177.65747","0.01842","0.00060","82.96062"
"117.60000","3.91995","3,179.00806","0.01837","0.00068","82.99589"
"117.70000","3.92339","3,180.47095","0.01837","0.00069","83.03408"
"117.80000","3.92675","3,181.66870","0.01838","0.00052","83.06535"
"117.90000","3.92996","3,183.94824","0.01862","0.00059","83.12486"
"118.00000","3.93333","3,184.52417","0.01864","0.00081","83.13990"
"118.10000","3.93669","3,186.70898","0.01864","0.00096","83.19694"
"118.20000","3.93990","3,188.32959","0.01864","0.00087","83.23925"
"118.30000","3.94327","3,189.17456","0.01868","0.00102","83.26131"
"118.40000","3.94671","3,191.19580","0.01864","0.00101","83.31408"
"118.50000","3.94999","3,192.90356","0.01859","0.00101","83.35867"
"118.60000","3.95328","3,193.78662","0.01860","0.00097","83.38172"
"118.70000","3.95665","3,196.30542","0.01860","0.00087","83.44748"
"118.80000","3.96001","3,198.08862","0.01856","0.00091","83.49403"
"118.90000","3.96315","3,198.93066","0.01856","0.00093","83.51601"
"119.00000","3.96659","3,201.91016","0.01856","0.00095","83.59380"
"119.10000","3.97010","3,202.66406","0.01859","0.00126","83.61349"
"119.20000","3.97331","3,204.43994","0.01856","0.00143","83.65985"
"119.30000","3.97668","3,206.36035","0.01862","0.00135","83.70998"
"119.40000","3.98011","3,208.30566","0.01857","0.00140","83.76077"
"119.50000","3.98325","3,208.75342","0.01859","0.00146","83.77246"
"119.60000","3.98662","3,209.84790","0.01860","0.00142","83.80104"
"119.70000","3.99005","3,212.62915","0.01865","0.00123","83.87365"
"119.80000","3.99334","3,214.19580","0.01865","0.00122","83.91455"
"119.90000","3.99670","3,215.04663","0.01864","0.00102","83.93676"
"120.00000","4.00007","3,216.80566","0.01866","0.00102","83.98269"
"120.10000","4.00343","3,218.61914","0.01867","0.00087","84.03003"
"120.20000","4.00657","3,220.41211","0.01876","0.00097","84.07684"
"120.30000","4.00993","3,222.01172","0.01872","0.00086","84.11861"
"120.40000","4.01345","3,223.55249","0.01881","0.00075","84.15883"
"120.50000","4.01651","3,224.62476","0.01878","0.00073","84.18682"
"120.60000","4.02002","3,227.00439","0.01880","0.00059","84.24895"
"120.70000","4.02354","3,229.34692","0.01889","0.00066","84.31010"
"120.80000","4.02660","3,229.96191","0.01898","0.00042","84.32616"
"120.90000","4.02996","3,231.26099","0.01909","0.00064","84.36008"
"121.00000","4.03333","3,233.38989","0.01907","0.00050","84.41566"
"121.10000","4.03661","3,235.34082","0.01917","0.00080","84.46659"
"121.20000","4.03998","3,236.43506","0.01917","0.00087","84.49516"
"121.30000","4.04334","3,238.12183","0.01916","0.00090","84.53920"
"121.40000","4.04678","3,239.98413","0.01914","0.00086","84.58782"
"121.50000","4.04992","3,241.08081","0.01907","0.00086","84.61645"
"121.60000","4.05328","3,242.76660","0.01913","0.00090","84.66046"
"121.70000","4.05672","3,244.01587","0.01914","0.00095","84.69308"
"121.80000","4.05986","3,245.54663","0.01913","0.00091","84.73304"
"121.90000","4.06330","3,247.29614","0.01902","0.00098","84.77872"
"122.00000","4.06681","3,249.91162","0.01908","0.00099","84.84700"
"122.10000","4.06995","3,250.67310","0.01907","0.00089","84.86688"
"122.20000","4.07346","3,252.09131","0.01902","0.00080","84.90391"
"122.30000","4.07675","3,254.12158","0.01912","0.00116","84.95691"
"122.40000","4.07996","3,255.45288","0.01905","0.00066","84.99167"
"122.50000","4.08325","3,256.65967","0.01910","0.00133","85.02318"
"122.60000","4.08661","3,258.79834","0.01914","0.00137","85.07901"
"122.70000","4.09005","3,259.94458","0.01909","0.00132","85.10893"
"122.80000","4.09326","3,261.66382","0.01910","0.00136","85.15382"
"122.90000","4.09670","3,263.67554","0.01912","0.00127","85.20634"
"123.00000","4.10007","3,265.48926","0.01909","0.00107","85.25369"
"123.10000","4.10313","3,266.53052","0.01915","0.00095","85.28088"
"123.20000","4.10664","3,268.00415","0.01915","0.00082","85.31935"
"123.30000","4.11008","3,270.00464","0.01923","0.00069","85.37158"
"123.40000","4.11322","3,271.30640","0.01915","0.00069","85.40556"
"123.50000","4.11681","3,272.59521","0.01922","0.00051","85.43921"
"123.60000","4.12010","3,274.16504","0.01926","0.00054","85.48019"
"123.70000","4.12323","3,275.71558","0.01931","0.00058","85.52068"
"123.80000","4.12667","3,277.59424","0.01934","0.00052","85.56973"
"123.90000","4.13004","3,278.95630","0.01949","0.00051","85.60529"
"124.00000","4.13332","3,281.32520","0.01955","0.00053","85.66713"
"124.10000","4.13661","3,282.56079","0.01959","0.00066","85.69939"
"124.20000","4.14012","3,283.85791","0.01956","0.00056","85.73325"
"124.30000","4.14349","3,286.16138","0.01953","0.00072","85.79339"
"124.40000","4.14655","3,287.19922","0.01966","0.00039","85.82049"
"124.50000","4.14999","3,288.42139","0.01960","0.00071","85.85239"
"124.60000","4.15343","3,290.46802","0.01956","0.00067","85.90582"
"124.70000","4.15649","3,291.66650","0.01963","0.00076","85.93712"
"124.80000","4.16000","3,293.38086","0.01956","0.00093","85.98187"
"124.90000","4.16344","3,295.16382","0.01954","0.00095","86.02842"
"125.00000","4.16666","3,297.32715","0.01961","0.00092","86.08490"
"125.10000","4.17002","3,298.86792","0.01953","0.00084","86.12512"
"125.20000","4.17331","3,300.20557","0.01953","0.00100","86.16005"
"125.30000","4.17660","3,301.47119","0.01958","0.00071","86.19309"
"125.40000","4.17988","3,302.43970","0.01956","0.00068","86.21838"
"125.50000","4.18340","3,305.21729","0.01958","0.00110","86.29089"
"125.60000","4.18676","3,306.86719","0.01962","0.00101","86.33397"
"125.70000","4.18997","3,308.22876","0.01955","0.00117","86.36951"
"125.80000","4.19341","3,309.56055","0.01954","0.00129","86.40428"
"125.90000","4.19670","3,311.95557","0.01958","0.00120","86.46681"
"126.00000","4.19991","3,312.39551","0.01954","0.00114","86.47829"
"126.10000","4.20335","3,314.92383","0.01959","0.00102","86.54430"
"126.20000","4.20672","3,316.11084","0.01962","0.00102","86.57529"
"126.30000","4.20993","3,318.05469","0.01958","0.00090","86.62605"
"126.40000","4.21337","3,320.24170","0.01961","0.00093","86.68314"
"126.50000","4.21680","3,320.93384","0.01972","0.00080","86.70121"
"126.60000","4.21994","3,322.32520","0.01966","0.00070","86.73753"
"126.70000","4.22323","3,324.49756","0.01976","0.00060","86.79425"
"126.80000","4.22667","3,326.24609","0.02001","0.00044","86.83990"
"126.90000","4.22996","3,327.53931","0.01996","0.00059","86.87366"
"127.00000","4.23325","3,328.46973","0.01999","0.00056","86.89796"
"127.10000","4.23668","3,330.31714","0.02004","0.00047","86.94618"
"127.20000","4.24005","3,332.19922","0.02001","0.00056","86.99532"
"127.30000","4.24326","3,333.49658","0.02011","0.00047","87.02919"
"127.40000","4.24662","3,335.67383","0.02001","0.00053","87.08604"
"127.50000","4.24999","3,336.98438","0.02009","0.00078","87.12025"
"127.60000","4.25320","3,338.12793","0.02010","0.00080","87.15011"
"127.70000","4.25664","3,340.34741","0.02001","0.00059","87.20805"
"127.80000","4.26008","3,341.82715","0.02008","0.00064","87.24668"
"127.90000","4.26329","3,343.41455","0.02007","0.00095","87.28812"
"128.00000","4.26658","3,344.54175","0.02006","0.00093","87.31755"
"128.10000","4.27002","3,346.94897","0.02007","0.00096","87.38040"
"128.20000","4.27331","3,347.86597","0.02008","0.00081","87.40434"
"128.30000","4.27659","3,349.30542","0.02012","0.00073","87.44193"
"128.40000","4.28003","3,351.03003","0.02011","0.00083","87.48695"
"128.50000","4.28340","3,352.18604","0.02010","0.00085","87.51713"
"128.60000","4.28668","3,353.89478","0.02009","0.00074","87.56174"
"128.70000","4.29005","3,355.61816","0.02004","0.00073","87.60674"
"128.80000","4.29341","3,357.70776","0.02009","0.00122","87.66129"
"128.90000","4.29655","3,358.53687","0.02004","0.00142","87.68293"
"129.00000","4.29991","3,359.93433","0.02001","0.00132","87.71941"
"129.10000","4.30343","3,361.98511","0.02014","0.00115","87.77296"
"129.20000","4.30656","3,363.49268","0.02006","0.00105","87.81232"
"129.30000","4.31000","3,365.91479","0.02009","0.00118","87.87555"
"129.40000","4.31344","3,366.81787","0.02009","0.00091","87.89912"
"129.50000","4.31658","3,368.48804","0.02009","0.00085","87.94273"
"129.60000","4.31994","3,369.52832","0.02008","0.00066","87.96989"
"129.70000","4.32331","3,371.40601","0.02008","0.00067","88.01891"
"129.80000","4.32659","3,373.01147","0.02017","0.00047","88.06083"
"129.90000","4.32996","3,374.29858","0.02045","0.00045","88.09443"
"130.00000","4.33339","3,376.25366","0.02044","0.00052","88.14547"
"130.10000","4.33676","3,377.35449","0.02042","0.00057","88.17421"
"130.20000","4.33990","3,378.48218","0.02048","0.00057","88.20365"
"130.30000","4.34326","3,381.32495","0.02048","0.00048","88.27787"
"130.40000","4.34677","3,382.69482","0.02046","0.00061","88.31364"
"130.50000","4.34991","3,383.18457","0.02051","0.00069","88.32642"
"130.60000","4.35335","3,385.94385","0.02045","0.00066","88.39846"
"130.70000","4.35686","3,387.27344","0.02047","0.00072","88.43317"
"130.80000","4.35993","3,388.51807","0.02056","0.00069","88.46567"
"130.90000","4.36336","3,390.45557","0.02056","0.00065","88.51625"
"131.00000","4.36673","3,392.02881","0.02047","0.00076","88.55732"
"131.10000","4.36994","3,392.72510","0.02053","0.00099","88.57550"
"131.20000","4.37330","3,394.19922","0.02054","0.00087","88.61398"
"131.30000","4.37667","3,396.52905","0.02057","0.00083","88.67481"
"131.40000","4.38011","3,397.72144","0.02055","0.00091","88.70594"
"131.50000","4.38332","3,398.85791","0.02053","0.00082","88.73561"
"131.60000","4.38661","3,400.62109","0.02058","0.00070","88.78165"
"131.70000","4.39005","3,402.73193","0.02054","0.00059","88.83675"
"131.80000","4.39311","3,403.52954","0.02054","0.00077","88.85757"
"131.90000","4.39670","3,405.54443","0.02054","0.00120","88.91018"
"132.00000","4.40013","3,407.46948","0.02054","0.00105","88.96044"
"132.10000","4.40320","3,408.46851","0.02051","0.00125","88.98652"
"132.20000","4.40671","3,410.02393","0.02054","0.00122","89.02713"
"132.30000","4.41007","3,412.05273","0.02050","0.00106","89.08009"
"132.40000","4.41329","3,413.36841","0.02049","0.00100","89.11445"
"132.50000","4.41658","3,414.57202","0.02054","0.00108","89.14587"
"132.60000","4.41994","3,416.69238","0.02054","0.00107","89.20123"
"132.70000","4.42338","3,418.52002","0.02053","0.00083","89.24894"
"132.80000","4.42659","3,419.46216","0.02074","0.00074","89.27354"
"132.90000","4.43003","3,421.23218","0.02102","0.00056","89.31975"
"133.00000","4.43347","3,423.85498","0.02092","0.00043","89.38822"
"133.10000","4.43653","3,424.88672","0.02099","0.00048","89.41516"
"133.20000","4.43997","3,426.05029","0.02089","0.00060","89.44553"
"133.30000","4.44341","3,427.83813","0.02106","0.00042","89.49221"
"133.40000","4.44647","3,429.49414","0.02096","0.00057","89.53545"
"133.50000","4.45006","3,431.20874","0.02095","0.00036","89.58021"
"133.60000","4.45342","3,432.24902","0.02105","0.00044","89.60737"
"133.70000","4.45664","3,434.27100","0.02108","0.00034","89.66016"
"133.80000","4.46000","3,435.28564","0.02104","0.00036","89.68665"
"133.90000","4.46321","3,436.44165","0.02107","0.00061","89.71683"
"134.00000","4.46658","3,439.20654","0.02102","0.00048","89.78902"
"134.10000","4.46986","3,440.55786","0.02109","0.00060","89.82430"
"134.20000","4.47338","3,442.17432","0.02100","0.00074","89.86649"
"134.30000","4.47674","3,443.90503","0.02103","0.00087","89.91168"
"134.40000","4.47988","3,444.93652","0.02112","0.00072","89.93861"
"134.50000","4.48332","3,446.43262","0.02106","0.00086","89.97767"
"134.60000","4.48675","3,448.41895","0.02105","0.00074","90.02953"
"134.70000","4.48989","3,450.22461","0.02110","0.00081","90.07667"
"134.80000","4.49333","3,451.32617","0.02108","0.00073","90.10542"
"134.90000","4.49669","3,452.29248","0.02109","0.00054","90.13065"
"135.00000","4.49998","3,454.93750","0.02107","0.00048","90.19971"
"135.10000","4.50335","3,456.48315","0.02107","0.00041","90.24006"
"135.20000","4.50663","3,456.97632","0.02109","0.00092","90.25294"
"135.30000","4.50992","3,458.34595","0.02108","0.00091","90.28870"
"135.40000","4.51321","3,460.96094","0.02109","0.00092","90.35696"
"135.50000","4.51665","3,462.36963","0.02104","0.00106","90.39375"
"135.60000","4.52001","3,463.49512","0.02107","0.00116","90.42313"
"135.70000","4.52323","3,464.48120","0.02107","0.00112","90.44887"
"135.80000","4.52674","3,467.05542","0.02125","0.00093","90.51608"
"135.90000","4.53010","3,468.38428","0.02141","0.00071","90.55077"
"136.00000","4.53324","3,468.96094","0.02144","0.00056","90.56583"
"136.10000","4.53660","3,471.15503","0.02139","0.00045","90.62311"
"136.20000","4.53997","3,472.85669","0.02140","0.00048","90.66753"
"136.30000","4.54318","3,473.72729","0.02134","0.00050","90.69026"
"136.40000","4.54669","3,475.63965","0.02141","0.00048","90.74019"
"136.50000","4.55013","3,477.23706","0.02142","0.00039","90.78189"
"136.60000","4.55327","3,478.43384","0.02144","0.00044","90.81314"
"136.70000","4.55656","3,479.84204","0.02147","0.00022","90.84991"
"136.80000","4.56000","3,482.23291","0.02137","0.00058","90.91232"
"136.90000","4.56328","3,482.85547","0.02147","0.00041","90.92857"
"137.00000","4.56657","3,484.36011","0.02147","0.00036","90.96786"
"137.10000","4.57009","3,486.54053","0.02149","0.00048","91.02479"
"137.20000","4.57345","3,487.28491","0.02149","0.00052","91.04422"
"137.30000","4.57666","3,489.13159","0.02156","0.00043","91.09243"
"137.40000","4.58003","3,490.21973","0.02150","0.00065","91.12084"
"137.50000","4.58339","3,491.32935","0.02147","0.00085","91.14981"
"137.60000","4.58660","3,492.43311","0.02150","0.00079","91.17863"
"137.70000","4.58997","3,495.17920","0.02154","0.00080","91.25032"
"137.80000","4.59340","3,495.68042","0.02154","0.00045","91.26340"
"137.90000","4.59662","3,497.53198","0.02150","0.00055","91.31174"
"138.00000","4.59998","3,498.45801","0.02162","0.00024","91.33592"
"138.10000","4.60334","3,500.52051","0.02150","0.00050","91.38976"
"138.20000","4.60656","3,501.72925","0.02158","0.00032","91.42133"
"138.30000","4.60992","3,502.93848","0.02156","0.00046","91.45290"
"138.40000","4.61336","3,503.99438","0.02155","0.00063","91.48046"
"138.50000","4.61672","3,505.41846","0.02163","0.00030","91.51764"
"138.60000","4.62001","3,506.95093","0.02193","0.00075","91.55765"
"138.70000","4.62337","3,508.27271","0.02194","0.00088","91.59216"
"138.80000","4.62674","3,509.63330","0.02197","0.00075","91.62768"
"138.90000","4.62988","3,510.84839","0.02191","0.00055","91.65940"
"139.00000","4.63331","3,513.28027","0.02197","0.00044","91.72289"
"139.10000","4.63675","3,514.21265","0.02194","0.00019","91.74723"
"139.20000","4.63989","3,514.47119","0.02192","0.00013","91.75398"
"139.30000","4.64333","3,515.88428","0.02199","0.00016","91.79088"
"139.40000","4.64684","3,517.42090","0.02200","-0.00014","91.83099"
"139.44600","4.64834","3,231.25122","0.02203","-0.00012","84.35983"
"139.45000","4.64856","2,913.21924","0.02203","-0.00012","76.05681"
"139.45400","4.64871","2,540.96973","0.02203","-0.00012","66.33832"
"139.45800","4.64886","2,150.75684","0.02203","-0.00012","56.15084"
"139.46000","4.64893","1,957.34204","0.02203","-0.00012","51.10126"
