Modulus (Segment 0.001 mm/mm - 0.008 mm/mm) : Modulus (Segment 0.001 mm/mm - 0.008 mm/mm),"5,273.52036",MPa
Poisson's ratio (Least squares fit) : Poisson's ratio (Least squares fit),"0.24059"
Specimen properties : Gauge length,"15.03000",mm
Specimen properties : Gauge length transverse,"4.72400",mm
Specimen properties : Thickness,"2.56000",mm
Specimen properties : Width,"15.06000",mm

Time,Extension,Load,Video axial strain,Video transverse strain,Calculated Stress
(s),(mm),(N),(mm/mm),(mm/mm),(MPa)
"0.00000","0.00000","76.79658","-0.00003","0.00001","1.99194"
"0.10000","0.00135","77.28590","-0.00004","0.00000","2.00464"
"0.20000","0.00568","82.24901","-0.00009","0.00019","2.13337"
"0.30000","0.00994","89.50575","-0.00014","0.00052","2.32159"
"0.40000","0.01338","93.96989","-0.00018","0.00064","2.43738"
"0.50000","0.01659","99.71241","-0.00020","0.00071","2.58633"
"0.60000","0.02003","104.34762","-0.00025","0.00077","2.70656"
"0.70000","0.02347","109.40356","-0.00026","0.00073","2.83770"
"0.80000","0.02668","115.23804","-0.00033","0.00073","2.98903"
"0.90000","0.03012","119.97949","-0.00032","0.00074","3.11202"
"1.00000","0.03356","125.69426","-0.00038","0.00089","3.26025"
"1.10000","0.03670","130.72029","-0.00038","0.00089","3.39061"
"1.20000","0.03998","135.64423","-0.00039","0.00094","3.51833"
"1.30000","0.04342","141.44356","-0.00041","0.00104","3.66875"
"1.40000","0.04671","146.62494","-0.00041","0.00116","3.80315"
"1.50000","0.05000","152.06668","-0.00041","0.00115","3.94429"
"1.60000","0.05344","156.79880","-0.00044","0.00109","4.06703"
"1.70000","0.05680","161.85399","-0.00048","0.00092","4.19815"
"1.80000","0.06001","168.27470","-0.00046","0.00088","4.36470"
"1.90000","0.06338","173.14757","-0.00046","0.00091","4.49109"
"2.00000","0.06681","178.14172","-0.00046","0.00088","4.62063"
"2.10000","0.06995","183.56393","-0.00044","0.00086","4.76127"
"2.20000","0.07339","188.50833","-0.00048","0.00087","4.88951"
"2.30000","0.07690","194.37221","-0.00046","0.00083","5.04161"
"2.40000","0.08004","199.26750","-0.00048","0.00086","5.16858"
"2.50000","0.08341","204.84259","-0.00046","0.00084","5.31319"
"2.60000","0.08677","209.89818","-0.00049","0.00082","5.44432"
"2.70000","0.08998","215.35838","-0.00053","0.00071","5.58595"
"2.80000","0.09335","220.58240","-0.00051","0.00071","5.72145"
"2.90000","0.09678","226.14265","-0.00048","0.00075","5.86567"
"3.00000","0.10015","231.80901","-0.00051","0.00083","6.01264"
"3.10000","0.10336","236.57626","-0.00053","0.00095","6.13629"
"3.20000","0.10672","241.54471","-0.00052","0.00093","6.26517"
"3.30000","0.11009","247.31320","-0.00052","0.00118","6.41479"
"3.40000","0.11323","251.00597","-0.00052","0.00137","6.51057"
"3.50000","0.11674","257.53818","-0.00054","0.00146","6.68000"
"3.60000","0.12018","263.00342","-0.00054","0.00150","6.82176"
"3.70000","0.12332","267.90866","-0.00053","0.00149","6.94899"
"3.80000","0.12675","272.80850","-0.00050","0.00139","7.07608"
"3.90000","0.13012","278.71426","-0.00050","0.00141","7.22927"
"4.00000","0.13333","283.13605","-0.00048","0.00140","7.34396"
"4.10000","0.13669","288.50757","-0.00046","0.00142","7.48328"
"4.20000","0.14006","293.62988","-0.00048","0.00149","7.61615"
"4.30000","0.14342","298.38904","-0.00047","0.00157","7.73959"
"4.40000","0.14671","303.60312","-0.00043","0.00162","7.87483"
"4.50000","0.15015","309.36264","-0.00048","0.00166","8.02422"
"4.60000","0.15351","314.76276","-0.00045","0.00179","8.16429"
"4.70000","0.15665","319.37769","-0.00049","0.00152","8.28399"
"4.80000","0.16001","324.48578","-0.00038","0.00136","8.41648"
"4.90000","0.16345","329.67996","-0.00039","0.00136","8.55121"
"5.00000","0.16659","334.97690","-0.00037","0.00134","8.68860"
"5.10000","0.17010","339.74484","-0.00037","0.00138","8.81227"
"5.20000","0.17346","345.66553","-0.00036","0.00133","8.96584"
"5.30000","0.17668","350.48184","-0.00034","0.00133","9.09077"
"5.40000","0.18012","355.76279","-0.00034","0.00119","9.22775"
"5.50000","0.18333","360.07211","-0.00034","0.00132","9.33952"
"5.60000","0.18669","366.24225","-0.00034","0.00130","9.49956"
"5.70000","0.18998","370.42731","-0.00033","0.00124","9.60811"
"5.80000","0.19342","375.89041","-0.00030","0.00116","9.74981"
"5.90000","0.19686","381.33551","-0.00029","0.00117","9.89105"
"6.00000","0.20000","385.59549","-0.00036","0.00109","10.00154"
"6.10000","0.20336","390.96744","-0.00030","0.00116","10.14088"
"6.20000","0.20680","396.29755","-0.00030","0.00120","10.27913"
"6.30000","0.20994","400.91690","-0.00027","0.00120","10.39895"
"6.40000","0.21345","406.30280","-0.00029","0.00136","10.53865"
"6.50000","0.21681","410.97836","-0.00029","0.00165","10.65992"
"6.60000","0.22003","415.69913","-0.00030","0.00174","10.78237"
"6.70000","0.22346","420.81815","-0.00028","0.00181","10.91514"
"6.80000","0.22675","426.43515","-0.00024","0.00169","11.06084"
"6.90000","0.23004","431.18832","-0.00024","0.00173","11.18413"
"7.00000","0.23333","436.08398","-0.00022","0.00166","11.31111"
"7.10000","0.23669","440.26337","-0.00021","0.00167","11.41951"
"7.20000","0.24013","445.96548","-0.00019","0.00165","11.56742"
"7.30000","0.24334","449.74695","-0.00019","0.00169","11.66550"
"7.40000","0.24678","454.95877","-0.00016","0.00176","11.80068"
"7.50000","0.25014","459.64151","-0.00015","0.00182","11.92214"
"7.60000","0.25321","464.24451","-0.00012","0.00179","12.04153"
"7.70000","0.25672","469.54037","-0.00012","0.00187","12.17890"
"7.80000","0.26008","473.53992","-0.00009","0.00198","12.28264"
"7.90000","0.26330","478.32684","-0.00009","0.00181","12.40680"
"8.00000","0.26681","483.25589","-0.00007","0.00162","12.53465"
"8.10000","0.27017","487.99496","-0.00004","0.00157","12.65757"
"8.20000","0.27346","493.17215","-0.00005","0.00158","12.79186"
"8.30000","0.27668","496.88953","-0.00002","0.00155","12.88828"
"8.40000","0.28004","501.67572","-0.00003","0.00156","13.01242"
"8.50000","0.28340","507.68271","0.00000","0.00150","13.16823"
"8.60000","0.28662","511.59299","0.00003","0.00137","13.26966"
"8.70000","0.29013","516.07391","-0.00001","0.00141","13.38588"
"8.80000","0.29349","520.66626","0.00001","0.00144","13.50500"
"8.90000","0.29663","525.71930","0.00001","0.00142","13.63606"
"9.00000","0.30007","530.06305","0.00004","0.00145","13.74873"
"9.10000","0.30351","534.46576","0.00006","0.00123","13.86293"
"9.20000","0.30665","540.46338","0.00005","0.00121","14.01849"
"9.30000","0.31008","544.53064","0.00006","0.00135","14.12399"
"9.40000","0.31345","549.35406","0.00007","0.00136","14.24910"
"9.50000","0.31673","554.64496","0.00010","0.00143","14.38633"
"9.60000","0.32010","558.37488","0.00010","0.00156","14.48308"
"9.70000","0.32339","563.28424","0.00012","0.00174","14.61042"
"9.80000","0.32675","567.50824","0.00012","0.00182","14.71998"
"9.90000","0.32996","572.47205","0.00014","0.00184","14.84873"
"10.00000","0.33340","577.22882","0.00014","0.00182","14.97211"
"10.10000","0.33684","581.39709","0.00015","0.00180","15.08023"
"10.20000","0.33998","585.49146","0.00017","0.00175","15.18643"
"10.30000","0.34357","590.19055","0.00020","0.00177","15.30831"
"10.40000","0.34678","594.90778","0.00021","0.00182","15.43067"
"10.50000","0.34999","599.61670","0.00024","0.00181","15.55281"
"10.60000","0.35336","603.89539","0.00024","0.00188","15.66379"
"10.70000","0.35679","607.84888","0.00023","0.00189","15.76633"
"10.80000","0.36001","612.85870","0.00028","0.00188","15.89628"
"10.90000","0.36345","617.25604","0.00028","0.00210","16.01033"
"11.00000","0.36688","622.29395","0.00031","0.00188","16.14101"
"11.10000","0.37002","626.20374","0.00031","0.00185","16.24242"
"11.20000","0.37331","631.04846","0.00031","0.00168","16.36808"
"11.30000","0.37675","635.14453","0.00032","0.00172","16.47433"
"11.40000","0.38004","639.20697","0.00032","0.00166","16.57970"
"11.50000","0.38333","643.35742","0.00035","0.00169","16.68735"
"11.60000","0.38691","648.68494","0.00038","0.00165","16.82553"
"11.70000","0.39020","652.25677","0.00041","0.00162","16.91818"
"11.80000","0.39334","656.84265","0.00039","0.00155","17.03713"
"11.90000","0.39670","660.88013","0.00036","0.00159","17.14185"
"12.00000","0.40007","664.72699","0.00035","0.00159","17.24163"
"12.10000","0.40328","669.66687","0.00039","0.00157","17.36976"
"12.20000","0.40672","673.59515","0.00042","0.00146","17.47165"
"12.30000","0.41016","678.15027","0.00037","0.00144","17.58980"
"12.40000","0.41337","682.54974","0.00043","0.00132","17.70392"
"12.50000","0.41673","685.16223","0.00040","0.00147","17.77168"
"12.60000","0.42010","690.48688","0.00044","0.00152","17.90979"
"12.70000","0.42338","694.31024","0.00043","0.00159","18.00896"
"12.80000","0.42667","698.74634","0.00047","0.00175","18.12402"
"12.90000","0.43011","703.02740","0.00042","0.00185","18.23507"
"13.00000","0.43347","707.06097","0.00045","0.00195","18.33969"
"13.10000","0.43676","711.41174","0.00050","0.00192","18.45254"
"13.20000","0.44013","715.20123","0.00048","0.00188","18.55083"
"13.30000","0.44341","719.98297","0.00051","0.00186","18.67486"
"13.40000","0.44663","723.30640","0.00052","0.00187","18.76106"
"13.50000","0.45007","727.94598","0.00052","0.00190","18.88140"
"13.60000","0.45350","731.83936","0.00056","0.00197","18.98239"
"13.70000","0.45672","735.84167","0.00054","0.00195","19.08620"
"13.80000","0.46008","739.74579","0.00057","0.00202","19.18746"
"13.90000","0.46344","744.74786","0.00060","0.00202","19.31721"
"14.00000","0.46666","749.38770","0.00059","0.00168","19.43755"
"14.10000","0.47002","752.49695","0.00062","0.00172","19.51820"
"14.20000","0.47331","756.61865","0.00063","0.00179","19.62511"
"14.30000","0.47675","761.38678","0.00063","0.00184","19.74879"
"14.40000","0.48004","765.48438","0.00064","0.00185","19.85507"
"14.50000","0.48340","768.97040","0.00067","0.00177","19.94549"
"14.60000","0.48691","773.36871","0.00073","0.00179","20.05957"
"14.70000","0.48990","776.74493","0.00075","0.00179","20.14714"
"14.80000","0.49334","781.52057","0.00075","0.00177","20.27101"
"14.90000","0.49685","785.65265","0.00073","0.00175","20.37819"
"15.00000","0.49992","789.31982","0.00080","0.00172","20.47331"
"15.10000","0.50343","793.65259","0.00075","0.00173","20.58569"
"15.20000","0.50687","797.56134","0.00082","0.00169","20.68708"
"15.30000","0.51008","801.47217","0.00084","0.00171","20.78852"
"15.40000","0.51344","805.34210","0.00083","0.00154","20.88890"
"15.50000","0.51666","809.76038","0.00083","0.00147","21.00350"
"15.60000","0.52002","813.25220","0.00083","0.00147","21.09407"
"15.70000","0.52331","817.35059","0.00085","0.00162","21.20037"
"15.80000","0.52667","821.63232","0.00088","0.00164","21.31143"
"15.90000","0.53018","825.91663","0.00090","0.00168","21.42256"
"16.00000","0.53332","829.00690","0.00088","0.00172","21.50271"
"16.10000","0.53676","832.79742","0.00093","0.00170","21.60103"
"16.20000","0.54012","838.11877","0.00097","0.00198","21.73905"
"16.30000","0.54326","841.03345","0.00096","0.00206","21.81465"
"16.40000","0.54678","846.22430","0.00099","0.00197","21.94929"
"16.50000","0.55014","849.45422","0.00102","0.00200","22.03307"
"16.60000","0.55335","853.76215","0.00104","0.00204","22.14481"
"16.70000","0.55679","856.88342","0.00103","0.00207","22.22577"
"16.80000","0.56008","860.89850","0.00104","0.00196","22.32991"
"16.90000","0.56344","864.24982","0.00106","0.00207","22.41684"
"17.00000","0.56666","868.54382","0.00108","0.00177","22.52822"
"17.10000","0.57002","872.57178","0.00112","0.00185","22.63269"
"17.20000","0.57353","876.26575","0.00114","0.00186","22.72851"
"17.30000","0.57660","879.10138","0.00116","0.00191","22.80206"
"17.40000","0.58018","884.33044","0.00118","0.00197","22.93769"
"17.50000","0.58355","887.87927","0.00116","0.00201","23.02974"
"17.60000","0.58661","891.39594","0.00120","0.00193","23.12095"
"17.70000","0.59012","895.61951","0.00119","0.00198","23.23050"
"17.80000","0.59341","898.53192","0.00122","0.00194","23.30605"
"17.90000","0.59670","903.30225","0.00123","0.00193","23.42978"
"18.00000","0.60006","906.99084","0.00122","0.00189","23.52545"
"18.10000","0.60350","910.36505","0.00124","0.00194","23.61297"
"18.20000","0.60679","914.07916","0.00129","0.00193","23.70931"
"18.30000","0.61000","918.74341","0.00125","0.00198","23.83029"
"18.40000","0.61337","922.05212","0.00129","0.00189","23.91611"
"18.50000","0.61673","925.47607","0.00130","0.00189","24.00492"
"18.60000","0.61994","929.65460","0.00131","0.00180","24.11330"
"18.70000","0.62346","933.02478","0.00132","0.00164","24.20072"
"18.80000","0.62689","937.19177","0.00134","0.00171","24.30880"
"18.90000","0.63003","940.21143","0.00134","0.00173","24.38712"
"19.00000","0.63347","944.29755","0.00136","0.00179","24.49311"
"19.10000","0.63676","947.78436","0.00138","0.00187","24.58355"
"19.20000","0.63997","952.06628","0.00140","0.00198","24.69461"
"19.30000","0.64341","955.73376","0.00141","0.00207","24.78974"
"19.40000","0.64677","960.03583","0.00144","0.00214","24.90133"
"19.50000","0.65006","963.75439","0.00145","0.00215","24.99778"
"19.60000","0.65342","967.39178","0.00146","0.00216","25.09212"
"19.70000","0.65679","971.13831","0.00148","0.00218","25.18930"
"19.80000","0.66008","975.66376","0.00148","0.00214","25.30668"
"19.90000","0.66329","977.83832","0.00152","0.00220","25.36309"
"20.00000","0.66673","981.92328","0.00151","0.00207","25.46904"
"20.10000","0.67009","985.99304","0.00155","0.00189","25.57460"
"20.20000","0.67330","988.98651","0.00155","0.00197","25.65225"
"20.30000","0.67682","992.93024","0.00157","0.00199","25.75454"
"20.40000","0.68018","997.29895","0.00160","0.00204","25.86786"
"20.50000","0.68332","1,000.79907","0.00160","0.00205","25.95864"
"20.60000","0.68668","1,003.81104","0.00163","0.00211","26.03677"
"20.70000","0.69005","1,006.99963","0.00163","0.00209","26.11947"
"20.80000","0.69333","1,010.89813","0.00167","0.00208","26.22059"
"20.90000","0.69670","1,015.63037","0.00168","0.00215","26.34333"
"21.00000","0.70014","1,018.31519","0.00165","0.00206","26.41297"
"21.10000","0.70342","1,022.50867","0.00168","0.00204","26.52174"
"21.20000","0.70664","1,025.92761","0.00170","0.00201","26.61042"
"21.30000","0.71008","1,029.59790","0.00173","0.00208","26.70562"
"21.40000","0.71336","1,034.30176","0.00171","0.00205","26.82763"
"21.50000","0.71665","1,037.19641","0.00172","0.00203","26.90271"
"21.60000","0.72016","1,041.29883","0.00176","0.00200","27.00912"
"21.70000","0.72353","1,045.10242","0.00177","0.00202","27.10778"
"21.80000","0.72667","1,047.34790","0.00179","0.00174","27.16602"
"21.90000","0.73003","1,051.32959","0.00180","0.00173","27.26930"
"22.00000","0.73339","1,055.07092","0.00181","0.00188","27.36634"
"22.10000","0.73661","1,058.30603","0.00183","0.00180","27.45025"
"22.20000","0.74004","1,062.06934","0.00185","0.00193","27.54786"
"22.30000","0.74348","1,065.27722","0.00187","0.00200","27.63107"
"22.40000","0.74677","1,069.30579","0.00187","0.00199","27.73556"
"22.50000","0.75006","1,072.85693","0.00190","0.00202","27.82767"
"22.60000","0.75342","1,076.59229","0.00192","0.00212","27.92456"
"22.70000","0.75671","1,079.84460","0.00194","0.00222","28.00892"
"22.80000","0.76000","1,083.35559","0.00196","0.00221","28.09999"
"22.90000","0.76336","1,088.24695","0.00198","0.00224","28.22686"
"23.00000","0.76673","1,090.87830","0.00200","0.00229","28.29511"
"23.10000","0.77001","1,094.42834","0.00202","0.00231","28.38719"
"23.20000","0.77338","1,098.16333","0.00205","0.00195","28.48407"
"23.30000","0.77689","1,101.08923","0.00206","0.00199","28.55996"
"23.40000","0.77995","1,104.87134","0.00206","0.00194","28.65806"
"23.50000","0.78339","1,108.09717","0.00209","0.00205","28.74173"
"23.60000","0.78676","1,111.98816","0.00209","0.00207","28.84266"
"23.70000","0.79004","1,115.83655","0.00211","0.00211","28.94247"
"23.80000","0.79341","1,118.75269","0.00209","0.00222","29.01811"
"23.90000","0.79684","1,122.21423","0.00212","0.00220","29.10790"
"24.00000","0.80006","1,125.39453","0.00216","0.00213","29.19039"
"24.10000","0.80335","1,129.27563","0.00218","0.00214","29.29106"
"24.20000","0.80671","1,132.73279","0.00219","0.00206","29.38073"
"24.30000","0.81015","1,136.20557","0.00219","0.00207","29.47080"
"24.40000","0.81336","1,139.47705","0.00219","0.00218","29.55566"
"24.50000","0.81672","1,142.43774","0.00223","0.00213","29.63245"
"24.60000","0.82024","1,147.17078","0.00224","0.00213","29.75522"
"24.70000","0.82330","1,149.98035","0.00225","0.00214","29.82809"
"24.80000","0.82674","1,153.95654","0.00225","0.00212","29.93123"
"24.90000","0.83010","1,156.78076","0.00225","0.00212","30.00448"
"25.00000","0.83324","1,159.87329","0.00231","0.00200","30.08469"
"25.10000","0.83668","1,165.02991","0.00230","0.00189","30.21845"
"25.20000","0.84012","1,168.11230","0.00234","0.00200","30.29840"
"25.30000","0.84341","1,171.56641","0.00235","0.00200","30.38799"
"25.40000","0.84669","1,175.47510","0.00237","0.00201","30.48937"
"25.50000","0.84998","1,178.40967","0.00241","0.00195","30.56549"
"25.60000","0.85342","1,182.22754","0.00241","0.00213","30.66452"
"25.70000","0.85663","1,185.93188","0.00243","0.00221","30.76060"
"25.80000","0.86000","1,189.03516","0.00244","0.00229","30.84109"
"25.90000","0.86358","1,192.73132","0.00246","0.00228","30.93696"
"26.00000","0.86665","1,195.75830","0.00246","0.00233","31.01548"
"26.10000","0.87016","1,199.07166","0.00249","0.00231","31.10142"
"26.20000","0.87352","1,202.96936","0.00251","0.00238","31.20252"
"26.30000","0.87659","1,205.73132","0.00256","0.00234","31.27416"
"26.40000","0.88003","1,209.67371","0.00257","0.00215","31.37641"
"26.50000","0.88346","1,212.60852","0.00255","0.00216","31.45254"
"26.60000","0.88675","1,216.41370","0.00259","0.00209","31.55124"
"26.70000","0.89012","1,219.82947","0.00263","0.00208","31.63983"
"26.80000","0.89348","1,222.90771","0.00262","0.00219","31.71968"
"26.90000","0.89684","1,226.39832","0.00262","0.00212","31.81021"
"27.00000","0.89991","1,230.09399","0.00265","0.00225","31.90607"
"27.10000","0.90334","1,233.60205","0.00264","0.00221","31.99706"
"27.20000","0.90678","1,236.97375","0.00266","0.00222","32.08452"
"27.30000","0.90992","1,239.95801","0.00268","0.00214","32.16193"
"27.40000","0.91351","1,242.83228","0.00269","0.00213","32.23648"
"27.50000","0.91687","1,247.13831","0.00272","0.00215","32.34817"
"27.60000","0.91994","1,249.53625","0.00273","0.00218","32.41037"
"27.70000","0.92345","1,252.88770","0.00273","0.00216","32.49730"
"27.80000","0.92674","1,256.78943","0.00274","0.00225","32.59850"
"27.90000","0.92995","1,259.04248","0.00276","0.00215","32.65694"
"28.00000","0.93339","1,263.42639","0.00278","0.00220","32.77065"
"28.10000","0.93675","1,266.32617","0.00280","0.00216","32.84586"
"28.20000","0.94012","1,268.98376","0.00280","0.00207","32.91479"
"28.30000","0.94340","1,272.97668","0.00284","0.00214","33.01836"
"28.40000","0.94677","1,276.31860","0.00286","0.00211","33.10505"
"28.50000","0.95013","1,279.19983","0.00287","0.00225","33.17978"
"28.60000","0.95327","1,282.11011","0.00289","0.00212","33.25526"
"28.70000","0.95678","1,285.59607","0.00294","0.00219","33.34568"
"28.80000","0.96014","1,289.24500","0.00295","0.00235","33.44033"
"28.90000","0.96328","1,291.87439","0.00297","0.00238","33.50853"
"29.00000","0.96680","1,294.99255","0.00296","0.00234","33.58941"
"29.10000","0.97008","1,299.47742","0.00299","0.00243","33.70573"
"29.20000","0.97330","1,301.82678","0.00300","0.00243","33.76667"
"29.30000","0.97674","1,305.05579","0.00301","0.00240","33.85043"
"29.40000","0.98010","1,308.82654","0.00305","0.00250","33.94823"
"29.50000","0.98346","1,311.17517","0.00304","0.00231","34.00915"
"29.60000","0.98675","1,313.93420","0.00307","0.00234","34.08072"
"29.70000","0.99011","1,318.02307","0.00305","0.00231","34.18677"
"29.80000","0.99340","1,320.99158","0.00308","0.00221","34.26377"
"29.90000","0.99662","1,323.54175","0.00310","0.00229","34.32991"
"30.00000","1.00005","1,327.34229","0.00310","0.00234","34.42849"
"30.10000","1.00342","1,330.52173","0.00313","0.00241","34.51096"
"30.20000","1.00663","1,333.53735","0.00314","0.00240","34.58918"
"30.30000","1.01014","1,336.74243","0.00316","0.00238","34.67231"
"30.40000","1.01351","1,339.62012","0.00318","0.00233","34.74695"
"30.50000","1.01665","1,343.11145","0.00318","0.00236","34.83751"
"30.60000","1.02008","1,345.68298","0.00319","0.00237","34.90421"
"30.70000","1.02337","1,348.98792","0.00319","0.00240","34.98993"
"30.80000","1.02666","1,352.54053","0.00322","0.00234","35.08208"
"30.90000","1.03010","1,354.91663","0.00324","0.00243","35.14371"
"31.00000","1.03346","1,358.76355","0.00326","0.00235","35.24349"
"31.10000","1.03675","1,362.06775","0.00328","0.00234","35.32920"
"31.20000","1.03996","1,364.44238","0.00328","0.00232","35.39079"
"31.30000","1.04340","1,368.12756","0.00333","0.00217","35.48638"
"31.40000","1.04669","1,371.10376","0.00333","0.00231","35.56357"
"31.50000","1.04990","1,373.74512","0.00335","0.00240","35.63208"
"31.60000","1.05342","1,376.95947","0.00335","0.00236","35.71546"
"31.70000","1.05678","1,379.68481","0.00339","0.00231","35.78615"
"31.80000","1.06007","1,382.67163","0.00343","0.00235","35.86362"
"31.90000","1.06343","1,386.75891","0.00345","0.00262","35.96964"
"32.00000","1.06679","1,389.91809","0.00343","0.00260","36.05158"
"32.10000","1.07001","1,392.76538","0.00347","0.00253","36.12543"
"32.20000","1.07330","1,395.62268","0.00348","0.00252","36.19954"
"32.30000","1.07681","1,398.76172","0.00348","0.00255","36.28096"
"32.40000","1.08010","1,401.72009","0.00354","0.00258","36.35770"
"32.50000","1.08339","1,404.23230","0.00353","0.00260","36.42286"
"32.60000","1.08682","1,408.12109","0.00357","0.00271","36.52372"
"32.70000","1.09011","1,410.93774","0.00354","0.00269","36.59678"
"32.80000","1.09333","1,413.96924","0.00356","0.00250","36.67542"
"32.90000","1.09669","1,417.29346","0.00359","0.00234","36.76164"
"33.00000","1.10005","1,420.46387","0.00354","0.00236","36.84387"
"33.10000","1.10334","1,423.62329","0.00359","0.00233","36.92582"
"33.20000","1.10678","1,426.86987","0.00361","0.00243","37.01003"
"33.30000","1.11022","1,430.46216","0.00364","0.00246","37.10321"
"33.40000","1.11336","1,432.48413","0.00364","0.00248","37.15565"
"33.50000","1.11664","1,435.89771","0.00362","0.00244","37.24419"
"33.60000","1.12008","1,439.20752","0.00365","0.00242","37.33004"
"33.70000","1.12330","1,442.55005","0.00366","0.00245","37.41674"
"33.80000","1.12673","1,445.29138","0.00367","0.00249","37.48785"
"33.90000","1.13017","1,448.45569","0.00370","0.00242","37.56992"
"34.00000","1.13346","1,451.78076","0.00374","0.00248","37.65617"
"34.10000","1.13667","1,453.97156","0.00373","0.00247","37.71299"
"34.20000","1.14004","1,457.63953","0.00375","0.00245","37.80813"
"34.30000","1.14340","1,460.74487","0.00378","0.00243","37.88868"
"34.40000","1.14661","1,463.38440","0.00378","0.00241","37.95714"
"34.50000","1.15005","1,467.15686","0.00382","0.00231","38.05499"
"34.60000","1.15356","1,470.29651","0.00382","0.00239","38.13643"
"34.70000","1.15670","1,472.88281","0.00384","0.00235","38.20351"
"34.80000","1.16007","1,475.55383","0.00387","0.00235","38.27279"
"34.90000","1.16350","1,478.69275","0.00391","0.00241","38.35421"
"35.00000","1.16664","1,481.43445","0.00392","0.00254","38.42532"
"35.10000","1.17001","1,484.57727","0.00392","0.00261","38.50684"
"35.20000","1.17344","1,487.28467","0.00395","0.00262","38.57706"
"35.30000","1.17681","1,490.75488","0.00396","0.00262","38.66707"
"35.40000","1.18010","1,493.54919","0.00398","0.00262","38.73955"
"35.50000","1.18346","1,496.46570","0.00399","0.00261","38.81520"
"35.60000","1.18682","1,499.42822","0.00401","0.00272","38.89204"
"35.70000","1.18989","1,502.55676","0.00405","0.00275","38.97319"
"35.80000","1.19332","1,505.16663","0.00405","0.00272","39.04088"
"35.90000","1.19684","1,508.67371","0.00401","0.00250","39.13185"
"36.00000","1.19990","1,510.40369","0.00405","0.00245","39.17672"
"36.10000","1.20349","1,513.81201","0.00405","0.00247","39.26513"
"36.20000","1.20685","1,517.10022","0.00408","0.00248","39.35042"
"36.30000","1.20992","1,519.44788","0.00408","0.00247","39.41131"
"36.40000","1.21343","1,522.56299","0.00409","0.00258","39.49211"
"36.50000","1.21679","1,525.34473","0.00411","0.00257","39.56426"
"36.60000","1.22001","1,527.82263","0.00417","0.00261","39.62853"
"36.70000","1.22344","1,530.62061","0.00415","0.00258","39.70111"
"36.80000","1.22681","1,534.41455","0.00416","0.00262","39.79951"
"36.90000","1.23017","1,537.19202","0.00420","0.00258","39.87156"
"37.00000","1.23331","1,539.60693","0.00418","0.00265","39.93419"
"37.10000","1.23667","1,542.25098","0.00422","0.00253","40.00277"
"37.20000","1.24011","1,546.03772","0.00421","0.00263","40.10099"
"37.30000","1.24325","1,548.60205","0.00423","0.00254","40.16751"
"37.40000","1.24684","1,551.59790","0.00425","0.00260","40.24522"
"37.50000","1.25020","1,553.81030","0.00426","0.00263","40.30260"
"37.60000","1.25326","1,556.25525","0.00424","0.00254","40.36602"
"37.70000","1.25678","1,559.83142","0.00430","0.00254","40.45877"
"37.80000","1.26006","1,562.76880","0.00431","0.00239","40.53497"
"37.90000","1.26328","1,565.36365","0.00434","0.00236","40.60227"
"38.00000","1.26672","1,568.43066","0.00436","0.00238","40.68182"
"38.10000","1.27008","1,571.20007","0.00437","0.00271","40.75365"
"38.20000","1.27344","1,574.58508","0.00439","0.00274","40.84145"
"38.30000","1.27666","1,576.25879","0.00439","0.00274","40.88486"
"38.40000","1.28002","1,580.09229","0.00442","0.00271","40.98430"
"38.50000","1.28338","1,582.09900","0.00439","0.00274","41.03635"
"38.60000","1.28660","1,584.48010","0.00442","0.00275","41.09811"
"38.70000","1.29011","1,588.48462","0.00446","0.00281","41.20198"
"38.80000","1.29347","1,590.46985","0.00448","0.00282","41.25347"
"38.90000","1.29669","1,593.23694","0.00450","0.00287","41.32524"
"39.00000","1.30020","1,596.29309","0.00446","0.00271","41.40451"
"39.10000","1.30349","1,599.20654","0.00447","0.00260","41.48008"
"39.20000","1.30670","1,602.16077","0.00447","0.00255","41.55671"
"39.30000","1.31006","1,604.37549","0.00448","0.00258","41.61415"
"39.40000","1.31335","1,607.83752","0.00451","0.00262","41.70395"
"39.50000","1.31671","1,610.17700","0.00452","0.00265","41.76463"
"39.60000","1.32008","1,613.03638","0.00456","0.00270","41.83880"
"39.70000","1.32344","1,615.77051","0.00457","0.00271","41.90972"
"39.80000","1.32680","1,618.88135","0.00462","0.00272","41.99041"
"39.90000","1.32994","1,620.96228","0.00456","0.00271","42.04438"
"40.00000","1.33338","1,624.02930","0.00458","0.00277","42.12394"
"40.10000","1.33682","1,626.94958","0.00461","0.00274","42.19968"
"40.20000","1.33996","1,629.30713","0.00465","0.00276","42.26083"
"40.30000","1.34347","1,632.78223","0.00461","0.00278","42.35097"
"40.40000","1.34683","1,635.06812","0.00465","0.00275","42.41026"
"40.50000","1.35005","1,637.66614","0.00469","0.00270","42.47765"
"40.60000","1.35334","1,640.73914","0.00467","0.00276","42.55735"
"40.70000","1.35670","1,643.04541","0.00469","0.00279","42.61717"
"40.80000","1.35999","1,646.24756","0.00470","0.00285","42.70023"
"40.90000","1.36335","1,649.06213","0.00471","0.00269","42.77324"
"41.00000","1.36679","1,651.98889","0.00476","0.00254","42.84915"
"41.10000","1.37008","1,654.28894","0.00475","0.00253","42.90881"
"41.20000","1.37329","1,657.30188","0.00478","0.00251","42.98695"
"41.30000","1.37680","1,660.46619","0.00475","0.00263","43.06903"
"41.40000","1.38009","1,663.39758","0.00477","0.00290","43.14507"
"41.50000","1.38331","1,665.17102","0.00478","0.00284","43.19106"
"41.60000","1.38674","1,667.59094","0.00482","0.00290","43.25383"
"41.70000","1.39018","1,670.99683","0.00484","0.00295","43.34217"
"41.80000","1.39339","1,673.64905","0.00486","0.00290","43.41096"
"41.90000","1.39676","1,676.32861","0.00485","0.00286","43.48047"
"42.00000","1.40020","1,678.71484","0.00490","0.00303","43.54236"
"42.10000","1.40333","1,681.99060","0.00485","0.00295","43.62733"
"42.20000","1.40662","1,683.55200","0.00491","0.00279","43.66783"
"42.30000","1.41014","1,686.98352","0.00491","0.00267","43.75684"
"42.40000","1.41342","1,689.79651","0.00492","0.00270","43.82980"
"42.50000","1.41671","1,691.48291","0.00496","0.00268","43.87354"
"42.60000","1.42015","1,695.08215","0.00496","0.00279","43.96690"
"42.70000","1.42344","1,697.28064","0.00501","0.00282","44.02392"
"42.80000","1.42665","1,699.80042","0.00500","0.00289","44.08928"
"42.90000","1.43002","1,702.50269","0.00499","0.00291","44.15937"
"43.00000","1.43345","1,705.04968","0.00502","0.00289","44.22543"
"43.10000","1.43667","1,708.03345","0.00504","0.00288","44.30283"
"43.20000","1.44011","1,710.70020","0.00506","0.00292","44.37200"
"43.30000","1.44354","1,713.44128","0.00507","0.00291","44.44310"
"43.40000","1.44668","1,715.92957","0.00506","0.00292","44.50764"
"43.50000","1.45005","1,717.82129","0.00512","0.00293","44.55670"
"43.60000","1.45348","1,721.18530","0.00511","0.00294","44.64396"
"43.70000","1.45670","1,723.99414","0.00511","0.00295","44.71681"
"43.80000","1.46013","1,726.16724","0.00519","0.00289","44.77318"
"43.90000","1.46350","1,729.68457","0.00517","0.00295","44.86441"
"44.00000","1.46679","1,731.92676","0.00515","0.00281","44.92257"
"44.10000","1.47000","1,733.75476","0.00519","0.00271","44.96998"
"44.20000","1.47329","1,737.03186","0.00523","0.00272","45.05499"
"44.30000","1.47673","1,740.49133","0.00524","0.00271","45.14472"
"44.40000","1.47994","1,742.29126","0.00526","0.00279","45.19140"
"44.50000","1.48338","1,744.76855","0.00529","0.00276","45.25566"
"44.60000","1.48689","1,748.11609","0.00529","0.00316","45.34249"
"44.70000","1.48995","1,749.72510","0.00528","0.00307","45.38422"
"44.80000","1.49339","1,751.83826","0.00531","0.00305","45.43903"
"44.90000","1.49676","1,755.24255","0.00533","0.00306","45.52733"
"45.00000","1.49997","1,757.29456","0.00536","0.00286","45.58055"
"45.10000","1.50333","1,759.33069","0.00537","0.00277","45.63337"
"45.20000","1.50677","1,762.62671","0.00538","0.00285","45.71886"
"45.30000","1.51006","1,765.43188","0.00539","0.00275","45.79162"
"45.40000","1.51342","1,767.79492","0.00539","0.00280","45.85291"
"45.50000","1.51679","1,770.80945","0.00542","0.00282","45.93111"
"45.60000","1.52015","1,772.98633","0.00544","0.00291","45.98757"
"45.70000","1.52329","1,775.68347","0.00547","0.00289","46.05753"
"45.80000","1.52673","1,778.07178","0.00544","0.00296","46.11948"
"45.90000","1.53016","1,781.41016","0.00549","0.00296","46.20607"
"46.00000","1.53330","1,783.29810","0.00550","0.00298","46.25504"
"46.10000","1.53681","1,786.32629","0.00553","0.00305","46.33358"
"46.20000","1.54018","1,789.12952","0.00554","0.00308","46.40629"
"46.30000","1.54324","1,790.80957","0.00556","0.00314","46.44987"
"46.40000","1.54675","1,792.89294","0.00557","0.00307","46.50391"
"46.50000","1.55004","1,796.32458","0.00558","0.00310","46.59291"
"46.60000","1.55333","1,798.64819","0.00561","0.00306","46.65318"
"46.70000","1.55669","1,801.24768","0.00562","0.00306","46.72061"
"46.80000","1.56013","1,803.91614","0.00563","0.00311","46.78982"
"46.90000","1.56350","1,806.55750","0.00566","0.00313","46.85833"
"47.00000","1.56663","1,808.55396","0.00564","0.00310","46.91012"
"47.10000","1.57000","1,811.49280","0.00567","0.00305","46.98635"
"47.20000","1.57344","1,814.53259","0.00569","0.00296","47.06519"
"47.30000","1.57657","1,815.77393","0.00571","0.00285","47.09739"
"47.40000","1.58009","1,818.84473","0.00572","0.00292","47.17704"
"47.50000","1.58360","1,821.82263","0.00573","0.00295","47.25428"
"47.60000","1.58674","1,823.81140","0.00575","0.00294","47.30587"
"47.70000","1.59018","1,826.96399","0.00578","0.00315","47.38764"
"47.80000","1.59339","1,828.00830","0.00577","0.00328","47.41472"
"47.90000","1.59668","1,830.36719","0.00579","0.00316","47.47591"
"48.00000","1.60004","1,833.15149","0.00579","0.00318","47.54813"
"48.10000","1.60341","1,835.91699","0.00581","0.00317","47.61986"
"48.20000","1.60677","1,838.86609","0.00584","0.00289","47.69635"
"48.30000","1.61006","1,840.60461","0.00584","0.00299","47.74145"
"48.40000","1.61342","1,843.00659","0.00588","0.00298","47.80375"
"48.50000","1.61678","1,846.14319","0.00588","0.00295","47.88511"
"48.60000","1.61992","1,847.39026","0.00589","0.00308","47.91745"
"48.70000","1.62336","1,850.40454","0.00593","0.00308","47.99564"
"48.80000","1.62680","1,852.42346","0.00594","0.00311","48.04800"
"48.90000","1.63001","1,855.10352","0.00597","0.00318","48.11752"
"49.00000","1.63352","1,857.95227","0.00598","0.00317","48.19141"
"49.10000","1.63674","1,859.64160","0.00600","0.00322","48.23523"
"49.20000","1.64003","1,862.34131","0.00599","0.00319","48.30525"
"49.30000","1.64339","1,864.82385","0.00604","0.00325","48.36964"
"49.40000","1.64668","1,867.44702","0.00602","0.00333","48.43768"
"49.50000","1.65004","1,869.81445","0.00603","0.00328","48.49909"
"49.60000","1.65333","1,871.97974","0.00605","0.00334","48.55525"
"49.70000","1.65684","1,874.73608","0.00609","0.00331","48.62674"
"49.80000","1.66013","1,877.49243","0.00610","0.00332","48.69824"
"49.90000","1.66327","1,879.04895","0.00614","0.00336","48.73861"
"50.00000","1.66671","1,881.80298","0.00613","0.00331","48.81005"
"50.10000","1.67015","1,884.13245","0.00612","0.00338","48.87047"
"50.20000","1.67328","1,886.33655","0.00617","0.00338","48.92764"
"50.30000","1.67680","1,888.92078","0.00616","0.00321","48.99467"
"50.40000","1.68023","1,891.72437","0.00619","0.00312","49.06739"
"50.50000","1.68337","1,893.10962","0.00619","0.00316","49.10332"
"50.60000","1.68674","1,895.61450","0.00621","0.00321","49.16829"
"50.70000","1.69003","1,898.33154","0.00622","0.00319","49.23876"
"50.80000","1.69331","1,901.31372","0.00623","0.00334","49.31611"
"50.90000","1.69660","1,902.10364","0.00628","0.00343","49.33660"
"51.00000","1.70011","1,904.63379","0.00626","0.00343","49.40223"
"51.10000","1.70348","1,907.06067","0.00629","0.00329","49.46518"
"51.20000","1.70669","1,909.92285","0.00629","0.00316","49.53942"
"51.30000","1.71005","1,912.58215","0.00633","0.00311","49.60839"
"51.40000","1.71342","1,914.22827","0.00633","0.00317","49.65109"
"51.50000","1.71663","1,916.73315","0.00635","0.00314","49.71606"
"51.60000","1.72007","1,918.96301","0.00637","0.00322","49.77390"
"51.70000","1.72351","1,921.60791","0.00639","0.00332","49.84250"
"51.80000","1.72672","1,923.50146","0.00638","0.00336","49.89162"
"51.90000","1.73008","1,926.30554","0.00641","0.00334","49.96435"
"52.00000","1.73352","1,928.15332","0.00644","0.00332","50.01228"
"52.10000","1.73666","1,930.38306","0.00643","0.00334","50.07011"
"52.20000","1.74002","1,932.63928","0.00646","0.00342","50.12863"
"52.30000","1.74339","1,935.32947","0.00647","0.00339","50.19841"
"52.40000","1.74668","1,936.66895","0.00650","0.00352","50.23315"
"52.50000","1.75011","1,939.63013","0.00652","0.00342","50.30996"
"52.60000","1.75355","1,942.38721","0.00653","0.00345","50.38147"
"52.70000","1.75684","1,944.59766","0.00654","0.00350","50.43881"
"52.80000","1.75998","1,946.10828","0.00655","0.00351","50.47799"
"52.90000","1.76334","1,948.69800","0.00657","0.00352","50.54516"
"53.00000","1.76678","1,950.76172","0.00659","0.00354","50.59869"
"53.10000","1.76992","1,953.66296","0.00660","0.00348","50.67394"
"53.20000","1.77336","1,954.86047","0.00662","0.00352","50.70501"
"53.30000","1.77687","1,958.72168","0.00663","0.00360","50.80516"
"53.40000","1.78001","1,959.74182","0.00666","0.00355","50.83162"
"53.50000","1.78337","1,962.11304","0.00668","0.00334","50.89312"
"53.60000","1.78673","1,964.98389","0.00667","0.00327","50.96759"
"53.70000","1.78995","1,966.78748","0.00670","0.00334","51.01437"
"53.80000","1.79339","1,969.13672","0.00670","0.00344","51.07530"
"53.90000","1.79682","1,971.50171","0.00671","0.00356","51.13664"
"54.00000","1.80011","1,974.48352","0.00673","0.00353","51.21399"
"54.10000","1.80340","1,976.27417","0.00675","0.00336","51.26043"
"54.20000","1.80676","1,978.29211","0.00675","0.00326","51.31277"
"54.30000","1.81013","1,980.76904","0.00677","0.00333","51.37702"
"54.40000","1.81327","1,982.66077","0.00679","0.00329","51.42609"
"54.50000","1.81670","1,985.29834","0.00681","0.00331","51.49450"
"54.60000","1.82022","1,988.07861","0.00683","0.00334","51.56661"
"54.70000","1.82336","1,990.27771","0.00684","0.00337","51.62365"
"54.80000","1.82679","1,992.19751","0.00686","0.00352","51.67345"
"54.90000","1.83016","1,994.35205","0.00687","0.00349","51.72934"
"55.00000","1.83330","1,997.23389","0.00690","0.00346","51.80408"
"55.10000","1.83666","1,998.99316","0.00690","0.00353","51.84972"
"55.20000","1.84010","2,001.19897","0.00692","0.00358","51.90693"
"55.30000","1.84339","2,003.82849","0.00694","0.00360","51.97513"
"55.40000","1.84675","2,005.57239","0.00697","0.00363","52.02037"
"55.50000","1.85011","2,008.32434","0.00697","0.00358","52.09175"
"55.60000","1.85347","2,010.99182","0.00701","0.00368","52.16093"
"55.70000","1.85661","2,012.12256","0.00702","0.00374","52.19027"
"55.80000","1.86005","2,014.56177","0.00703","0.00369","52.25353"
"55.90000","1.86349","2,016.83118","0.00706","0.00376","52.31240"
"56.00000","1.86663","2,019.12390","0.00708","0.00375","52.37186"
"56.10000","1.87014","2,021.53125","0.00707","0.00367","52.43431"
"56.20000","1.87358","2,024.20862","0.00708","0.00376","52.50375"
"56.30000","1.87664","2,026.00415","0.00710","0.00375","52.55032"
"56.40000","1.88008","2,028.83887","0.00713","0.00377","52.62385"
"56.50000","1.88344","2,030.85913","0.00714","0.00389","52.67625"
"56.60000","1.88673","2,033.26099","0.00714","0.00380","52.73855"
"56.70000","1.89002","2,034.93738","0.00718","0.00359","52.78203"
"56.80000","1.89338","2,036.91846","0.00718","0.00351","52.83342"
"56.90000","1.89682","2,039.73914","0.00718","0.00359","52.90658"
"57.00000","1.90004","2,041.71692","0.00721","0.00379","52.95788"
"57.10000","1.90340","2,043.63318","0.00720","0.00370","53.00758"
"57.20000","1.90676","2,046.40088","0.00724","0.00350","53.07937"
"57.30000","1.90990","2,048.61401","0.00728","0.00342","53.13678"
"57.40000","1.91341","2,050.45508","0.00727","0.00347","53.18453"
"57.50000","1.91685","2,053.65601","0.00731","0.00349","53.26756"
"57.60000","1.92007","2,055.38501","0.00730","0.00346","53.31240"
"57.70000","1.92350","2,057.89111","0.00732","0.00351","53.37740"
"57.80000","1.92672","2,059.95654","0.00735","0.00355","53.43098"
"57.90000","1.93001","2,061.89331","0.00739","0.00358","53.48121"
"58.00000","1.93337","2,063.17163","0.00740","0.00366","53.51437"
"58.10000","1.93666","2,066.26294","0.00739","0.00362","53.59455"
"58.20000","1.94010","2,068.98926","0.00740","0.00365","53.66527"
"58.30000","1.94338","2,070.87036","0.00743","0.00378","53.71406"
"58.40000","1.94682","2,073.52930","0.00743","0.00370","53.78303"
"58.50000","1.95011","2,075.13599","0.00747","0.00376","53.82470"
"58.60000","1.95325","2,076.88330","0.00747","0.00380","53.87002"
"58.70000","1.95676","2,079.85913","0.00749","0.00389","53.94721"
"58.80000","1.96012","2,082.01855","0.00751","0.00392","54.00322"
"58.90000","1.96334","2,083.33423","0.00755","0.00389","54.03735"
"59.00000","1.96685","2,086.52734","0.00756","0.00389","54.12017"
"59.10000","1.97014","2,088.08398","0.00754","0.00391","54.16055"
"59.20000","1.97343","2,090.41992","0.00754","0.00394","54.22113"
"59.30000","1.97672","2,092.44629","0.00759","0.00382","54.27369"
"59.40000","1.98000","2,094.36279","0.00761","0.00395","54.32340"
"59.50000","1.98337","2,096.77173","0.00762","0.00395","54.38589"
"59.60000","1.98666","2,097.72363","0.00765","0.00398","54.41058"
"59.70000","1.99017","2,100.42896","0.00766","0.00404","54.48075"
"59.80000","1.99346","2,103.05908","0.00766","0.00371","54.54897"
"59.90000","1.99660","2,104.69971","0.00766","0.00368","54.59152"
"60.00000","2.00003","2,107.04346","0.00770","0.00363","54.65231"
"60.10000","2.00340","2,109.53687","0.00773","0.00386","54.71699"
"60.20000","2.00661","2,111.06396","0.00772","0.00366","54.75660"
"60.30000","2.01012","2,113.05200","0.00776","0.00356","54.80816"
"60.40000","2.01349","2,116.06372","0.00778","0.00360","54.88628"
"60.50000","2.01670","2,117.16919","0.00777","0.00368","54.91496"
"60.60000","2.02006","2,119.28760","0.00781","0.00359","54.96990"
"60.70000","2.02350","2,122.07446","0.00781","0.00362","55.04219"
"60.80000","2.02664","2,123.43555","0.00783","0.00374","55.07749"
"60.90000","2.03000","2,125.18604","0.00784","0.00372","55.12289"
"61.00000","2.03352","2,128.26514","0.00786","0.00378","55.20276"
"61.10000","2.03680","2,130.41626","0.00789","0.00376","55.25856"
"61.20000","2.04002","2,131.20459","0.00790","0.00386","55.27900"
"61.30000","2.04346","2,134.11914","0.00792","0.00387","55.35460"
"61.40000","2.04682","2,136.34790","0.00794","0.00382","55.41241"
"61.50000","2.04996","2,137.82959","0.00799","0.00389","55.45084"
"61.60000","2.05340","2,139.32666","0.00803","0.00386","55.48967"
"61.70000","2.05683","2,142.08569","0.00802","0.00389","55.56124"
"61.80000","2.05997","2,144.17456","0.00802","0.00405","55.61542"
"61.90000","2.06341","2,146.37622","0.00802","0.00403","55.67252"
"62.00000","2.06685","2,148.48535","0.00802","0.00410","55.72723"
"62.10000","2.06999","2,150.36401","0.00807","0.00402","55.77596"
"62.20000","2.07328","2,151.83838","0.00805","0.00407","55.81420"
"62.30000","2.07679","2,154.88477","0.00807","0.00411","55.89322"
"62.40000","2.08008","2,156.65381","0.00811","0.00412","55.93910"
"62.50000","2.08337","2,158.25488","0.00810","0.00409","55.98063"
"62.60000","2.08680","2,160.97974","0.00813","0.00409","56.05131"
"62.70000","2.09009","2,162.57153","0.00817","0.00414","56.09260"
"62.80000","2.09331","2,164.18921","0.00817","0.00417","56.13456"
"62.90000","2.09667","2,166.35791","0.00817","0.00410","56.19081"
"63.00000","2.10011","2,168.46118","0.00818","0.00382","56.24536"
"63.10000","2.10332","2,169.74463","0.00821","0.00393","56.27865"
"63.20000","2.10676","2,172.72681","0.00822","0.00400","56.35600"
"63.30000","2.11027","2,174.68555","0.00824","0.00370","56.40681"
"63.40000","2.11334","2,176.22217","0.00824","0.00372","56.44667"
"63.50000","2.11670","2,178.46167","0.00828","0.00373","56.50475"
"63.60000","2.12014","2,179.86426","0.00830","0.00373","56.54113"
"63.70000","2.12328","2,182.13037","0.00831","0.00374","56.59991"
"63.80000","2.12671","2,184.52246","0.00835","0.00377","56.66196"
"63.90000","2.13008","2,186.65527","0.00836","0.00377","56.71728"
"64.00000","2.13344","2,188.46118","0.00836","0.00386","56.76412"
"64.10000","2.13673","2,190.55518","0.00839","0.00380","56.81844"
"64.20000","2.14009","2,192.43311","0.00842","0.00380","56.86714"
"64.30000","2.14345","2,195.24927","0.00840","0.00393","56.94019"
"64.40000","2.14659","2,197.05957","0.00840","0.00395","56.98714"
"64.50000","2.15003","2,199.05981","0.00845","0.00392","57.03903"
"64.60000","2.15354","2,201.02661","0.00846","0.00398","57.09004"
"64.70000","2.15661","2,202.19873","0.00848","0.00395","57.12045"
"64.80000","2.16012","2,204.89233","0.00849","0.00404","57.19031"
"64.90000","2.16348","2,206.61743","0.00852","0.00416","57.23505"
"65.00000","2.16662","2,209.11377","0.00853","0.00417","57.29980"
"65.10000","2.17006","2,211.14111","0.00854","0.00418","57.35239"
"65.20000","2.17342","2,212.28833","0.00856","0.00420","57.38214"
"65.30000","2.17679","2,215.44995","0.00860","0.00416","57.46415"
"65.40000","2.18007","2,216.95557","0.00858","0.00423","57.50320"
"65.50000","2.18344","2,218.84814","0.00858","0.00426","57.55230"
"65.60000","2.18688","2,221.53076","0.00862","0.00421","57.62188"
"65.70000","2.18994","2,222.92139","0.00861","0.00418","57.65795"
"65.80000","2.19338","2,224.71924","0.00863","0.00430","57.70458"
"65.90000","2.19674","2,227.26733","0.00864","0.00431","57.77067"
"66.00000","2.19995","2,228.77148","0.00867","0.00427","57.80968"
"66.10000","2.20347","2,231.37598","0.00869","0.00420","57.87724"
"66.20000","2.20683","2,233.20435","0.00869","0.00418","57.92466"
"66.30000","2.21004","2,234.89697","0.00873","0.00394","57.96857"
"66.40000","2.21341","2,236.62866","0.00874","0.00390","58.01348"
"66.50000","2.21662","2,238.75366","0.00875","0.00386","58.06860"
"66.60000","2.21998","2,240.76831","0.00877","0.00388","58.12086"
"66.70000","2.22335","2,242.29443","0.00880","0.00387","58.16044"
"66.80000","2.22671","2,245.20557","0.00880","0.00392","58.23595"
"66.90000","2.23022","2,247.64648","0.00883","0.00389","58.29926"
"67.00000","2.23336","2,248.92505","0.00886","0.00386","58.33243"
"67.10000","2.23673","2,251.48584","0.00886","0.00399","58.39885"
"67.20000","2.24016","2,252.85156","0.00888","0.00397","58.43427"
"67.30000","2.24323","2,255.02856","0.00889","0.00405","58.49074"
"67.40000","2.24682","2,257.51855","0.00892","0.00406","58.55532"
"67.50000","2.25018","2,259.76440","0.00893","0.00412","58.61358"
"67.60000","2.25339","2,261.40674","0.00894","0.00404","58.65618"
"67.70000","2.25683","2,263.57764","0.00894","0.00400","58.71248"
"67.80000","2.26012","2,265.33765","0.00899","0.00412","58.75814"
"67.90000","2.26341","2,267.46924","0.00898","0.00420","58.81342"
"68.00000","2.26670","2,269.30835","0.00898","0.00434","58.86113"
"68.10000","2.26998","2,271.44458","0.00898","0.00436","58.91654"
"68.20000","2.27350","2,273.84595","0.00902","0.00438","58.97882"
"68.30000","2.27664","2,275.15112","0.00902","0.00433","59.01268"
"68.40000","2.28015","2,277.17944","0.00902","0.00435","59.06529"
"68.50000","2.28351","2,279.35107","0.00903","0.00434","59.12161"
"68.60000","2.28658","2,280.96631","0.00907","0.00440","59.16351"
"68.70000","2.29009","2,282.98730","0.00908","0.00442","59.21593"
"68.80000","2.29345","2,285.86328","0.00911","0.00448","59.29053"
"68.90000","2.29666","2,287.16089","0.00911","0.00446","59.32418"
"69.00000","2.30018","2,289.67139","0.00914","0.00458","59.38930"
"69.10000","2.30354","2,291.50513","0.00917","0.00444","59.43687"
"69.20000","2.30675","2,293.57227","0.00917","0.00439","59.49048"
"69.30000","2.31004","2,294.85547","0.00919","0.00442","59.52377"
"69.40000","2.31341","2,297.22876","0.00922","0.00449","59.58532"
"69.50000","2.31677","2,298.85010","0.00924","0.00422","59.62738"
"69.60000","2.31998","2,300.26953","0.00925","0.00419","59.66420"
"69.70000","2.32350","2,302.56958","0.00922","0.00402","59.72385"
"69.80000","2.32686","2,304.77881","0.00927","0.00406","59.78116"
"69.90000","2.33000","2,306.95093","0.00929","0.00400","59.83750"
"70.00000","2.33344","2,308.04883","0.00933","0.00407","59.86597"
"70.10000","2.33680","2,310.04907","0.00933","0.00412","59.91786"
"70.20000","2.33994","2,312.01855","0.00937","0.00407","59.96894"
"70.30000","2.34338","2,314.34009","0.00937","0.00408","60.02916"
"70.40000","2.34689","2,316.02588","0.00939","0.00408","60.07288"
"70.50000","2.35010","2,318.21729","0.00940","0.00413","60.12972"
"70.60000","2.35339","2,319.53101","0.00941","0.00409","60.16380"
"70.70000","2.35668","2,322.09302","0.00941","0.00414","60.23025"
"70.80000","2.35997","2,323.98193","0.00944","0.00427","60.27925"
"70.90000","2.36326","2,325.07373","0.00944","0.00427","60.30756"
"71.00000","2.36677","2,327.35156","0.00943","0.00433","60.36665"
"71.10000","2.37006","2,329.47290","0.00945","0.00444","60.42167"
"71.20000","2.37334","2,330.79419","0.00947","0.00443","60.45594"
"71.30000","2.37678","2,333.40015","0.00947","0.00450","60.52353"
"71.40000","2.38015","2,335.89331","0.00948","0.00453","60.58820"
"71.50000","2.38328","2,336.88086","0.00949","0.00450","60.61382"
"71.60000","2.38672","2,339.53369","0.00950","0.00448","60.68262"
"71.70000","2.39016","2,341.40356","0.00953","0.00450","60.73112"
"71.80000","2.39337","2,343.25708","0.00953","0.00452","60.77920"
"71.90000","2.39674","2,345.02295","0.00957","0.00457","60.82500"
"72.00000","2.40018","2,346.84058","0.00958","0.00462","60.87215"
"72.10000","2.40339","2,348.70996","0.00961","0.00464","60.92064"
"72.20000","2.40668","2,349.92212","0.00963","0.00461","60.95208"
"72.30000","2.41012","2,351.83179","0.00964","0.00447","61.00161"
"72.40000","2.41333","2,354.47510","0.00965","0.00466","61.07018"
"72.50000","2.41669","2,355.81909","0.00967","0.00464","61.10503"
"72.60000","2.42013","2,358.01929","0.00969","0.00435","61.16211"
"72.70000","2.42349","2,359.61597","0.00970","0.00413","61.20352"
"72.80000","2.42663","2,361.90259","0.00972","0.00413","61.26283"
"72.90000","2.43000","2,363.35132","0.00975","0.00412","61.30041"
"73.00000","2.43343","2,365.19214","0.00977","0.00422","61.34815"
"73.10000","2.43657","2,367.37988","0.00980","0.00429","61.40490"
"73.20000","2.44008","2,368.88159","0.00981","0.00432","61.44385"
"73.30000","2.44352","2,371.07983","0.00982","0.00433","61.50087"
"73.40000","2.44666","2,373.12671","0.00983","0.00430","61.55396"
"73.50000","2.45002","2,374.50537","0.00984","0.00426","61.58972"
"73.60000","2.45339","2,376.64282","0.00985","0.00429","61.64516"
"73.70000","2.45668","2,378.67773","0.00988","0.00430","61.69794"
"73.80000","2.45996","2,380.07959","0.00988","0.00440","61.73430"
"73.90000","2.46340","2,381.82593","0.00988","0.00437","61.77960"
"74.00000","2.46684","2,384.73462","0.00990","0.00440","61.85505"
"74.10000","2.47013","2,386.39404","0.00988","0.00444","61.89809"
"74.20000","2.47349","2,388.49194","0.00992","0.00445","61.95250"
"74.30000","2.47686","2,389.89355","0.00992","0.00456","61.98886"
"74.40000","2.47992","2,391.61499","0.00993","0.00468","62.03350"
"74.50000","2.48343","2,394.50562","0.00995","0.00473","62.10848"
"74.60000","2.48680","2,396.02417","0.00996","0.00473","62.14787"
"74.70000","2.49001","2,397.77271","0.00999","0.00471","62.19323"
"74.80000","2.49345","2,400.25952","0.00999","0.00474","62.25773"
"74.90000","2.49681","2,401.19116","0.01003","0.00466","62.28189"
"75.00000","2.50002","2,402.56763","0.01003","0.00473","62.31760"
"75.10000","2.50339","2,404.78125","0.01008","0.00479","62.37501"
"75.20000","2.50668","2,407.60791","0.01009","0.00477","62.44833"
"75.30000","2.51004","2,409.50171","0.01011","0.00463","62.49745"
"75.40000","2.51333","2,410.65796","0.01009","0.00473","62.52744"
"75.50000","2.51676","2,412.35596","0.01012","0.00492","62.57148"
"75.60000","2.52020","2,414.48462","0.01015","0.00488","62.62670"
"75.70000","2.52327","2,416.33179","0.01017","0.00456","62.67461"
"75.80000","2.52671","2,418.59717","0.01017","0.00438","62.73337"
"75.90000","2.53014","2,419.68848","0.01020","0.00436","62.76167"
"76.00000","2.53321","2,421.30615","0.01022","0.00432","62.80363"
"76.10000","2.53679","2,423.61377","0.01024","0.00436","62.86349"
"76.20000","2.54016","2,426.31567","0.01028","0.00437","62.93357"
"76.30000","2.54337","2,427.73779","0.01027","0.00442","62.97046"
"76.40000","2.54673","2,429.17139","0.01029","0.00430","63.00764"
"76.50000","2.55002","2,431.35913","0.01033","0.00437","63.06439"
"76.60000","2.55339","2,433.29468","0.01031","0.00446","63.11459"
"76.70000","2.55667","2,435.56616","0.01033","0.00449","63.17351"
"76.80000","2.56004","2,436.56348","0.01034","0.00450","63.19938"
"76.90000","2.56355","2,439.70728","0.01035","0.00459","63.28092"
"77.00000","2.56669","2,440.41040","0.01035","0.00452","63.29916"
"77.10000","2.57005","2,441.86719","0.01037","0.00457","63.33694"
"77.20000","2.57349","2,443.91162","0.01038","0.00453","63.38997"
"77.30000","2.57655","2,445.83716","0.01040","0.00463","63.43991"
"77.40000","2.58007","2,447.30908","0.01040","0.00469","63.47810"
"77.50000","2.58350","2,449.90112","0.01042","0.00470","63.54533"
"77.60000","2.58672","2,451.98267","0.01048","0.00480","63.59932"
"77.70000","2.59016","2,452.94141","0.01043","0.00478","63.62419"
"77.80000","2.59344","2,455.00171","0.01047","0.00491","63.67763"
"77.90000","2.59673","2,457.03394","0.01048","0.00484","63.73034"
"78.00000","2.60002","2,458.08911","0.01051","0.00481","63.75771"
"78.10000","2.60338","2,460.18213","0.01050","0.00489","63.81200"
"78.20000","2.60682","2,463.13843","0.01054","0.00491","63.88868"
"78.30000","2.60996","2,464.01831","0.01054","0.00491","63.91150"
"78.40000","2.61347","2,465.96924","0.01056","0.00484","63.96210"
"78.50000","2.61684","2,468.22754","0.01059","0.00474","64.02068"
"78.60000","2.61990","2,469.82275","0.01064","0.00484","64.06205"
"78.70000","2.62341","2,471.21460","0.01063","0.00500","64.09815"
"78.80000","2.62678","2,473.41846","0.01063","0.00500","64.15532"
"78.90000","2.62999","2,474.94775","0.01067","0.00474","64.19498"
"79.00000","2.63343","2,476.36353","0.01068","0.00454","64.23170"
"79.10000","2.63679","2,479.13843","0.01069","0.00455","64.30368"
"79.20000","2.64008","2,480.27954","0.01070","0.00454","64.33328"
"79.30000","2.64337","2,482.30688","0.01075","0.00448","64.38586"
"79.40000","2.64673","2,484.33081","0.01075","0.00452","64.43836"
"79.50000","2.65002","2,485.99341","0.01075","0.00461","64.48148"
"79.60000","2.65323","2,487.62695","0.01079","0.00461","64.52386"
"79.70000","2.65682","2,489.74756","0.01083","0.00463","64.57886"
"79.80000","2.66018","2,491.95679","0.01080","0.00459","64.63616"
"79.90000","2.66332","2,492.63428","0.01081","0.00468","64.65373"
"80.00000","2.66676","2,495.45142","0.01086","0.00472","64.72681"
"80.10000","2.67012","2,496.66577","0.01083","0.00471","64.75830"
"80.20000","2.67326","2,498.32153","0.01084","0.00471","64.80125"
"80.30000","2.67678","2,500.59229","0.01088","0.00475","64.86015"
"80.40000","2.68021","2,501.90039","0.01087","0.00485","64.89408"
"80.50000","2.68335","2,504.17676","0.01087","0.00483","64.95312"
"80.60000","2.68672","2,505.61523","0.01091","0.00486","64.99043"
"80.70000","2.69015","2,507.53662","0.01095","0.00494","65.04027"
"80.80000","2.69337","2,509.33008","0.01092","0.00503","65.08679"
"80.90000","2.69666","2,510.98315","0.01095","0.00502","65.12967"
"81.00000","2.70009","2,512.23291","0.01097","0.00500","65.16209"
"81.10000","2.70346","2,514.74536","0.01100","0.00506","65.22725"
"81.20000","2.70667","2,516.12183","0.01098","0.00510","65.26295"
"81.30000","2.71018","2,518.05103","0.01099","0.00507","65.31300"
"81.40000","2.71347","2,520.35107","0.01101","0.00499","65.37265"
"81.50000","2.71661","2,521.22583","0.01102","0.00507","65.39534"
"81.60000","2.72005","2,524.28564","0.01110","0.00500","65.47471"
"81.70000","2.72341","2,525.34326","0.01110","0.00522","65.50214"
"81.80000","2.72663","2,527.07446","0.01110","0.00507","65.54704"
"81.90000","2.73006","2,528.89697","0.01112","0.00523","65.59431"
"82.00000","2.73358","2,530.63135","0.01116","0.00492","65.63930"
"82.10000","2.73664","2,532.21533","0.01117","0.00462","65.68039"
"82.20000","2.74000","2,534.48438","0.01117","0.00458","65.73924"
"82.30000","2.74337","2,536.06177","0.01118","0.00466","65.78015"
"82.40000","2.74666","2,538.03271","0.01120","0.00465","65.83128"
"82.50000","2.75002","2,539.64258","0.01123","0.00471","65.87303"
"82.60000","2.75346","2,541.57959","0.01123","0.00467","65.92328"
"82.70000","2.75682","2,544.12842","0.01125","0.00467","65.98939"
"82.80000","2.76003","2,545.14136","0.01127","0.00475","66.01566"
"82.90000","2.76340","2,546.62817","0.01128","0.00478","66.05422"
"83.00000","2.76676","2,548.27075","0.01130","0.00485","66.09683"
"83.10000","2.76997","2,550.11401","0.01129","0.00483","66.14464"
"83.20000","2.77341","2,551.65796","0.01132","0.00485","66.18468"
"83.30000","2.77685","2,553.80933","0.01133","0.00486","66.24049"
"83.40000","2.78006","2,555.55518","0.01138","0.00487","66.28577"
"83.50000","2.78343","2,557.26245","0.01137","0.00492","66.33006"
"83.60000","2.78679","2,559.60498","0.01138","0.00503","66.39082"
"83.70000","2.79000","2,560.36157","0.01140","0.00503","66.41044"
"83.80000","2.79337","2,562.73682","0.01138","0.00513","66.47205"
"83.90000","2.79673","2,564.01758","0.01141","0.00515","66.50527"
"84.00000","2.80009","2,566.64502","0.01145","0.00512","66.57342"
"84.10000","2.80331","2,567.83032","0.01148","0.00512","66.60416"
"84.20000","2.80674","2,569.88892","0.01149","0.00524","66.65756"
"84.30000","2.81011","2,571.58301","0.01150","0.00524","66.70150"
"84.40000","2.81325","2,573.40454","0.01153","0.00521","66.74875"
"84.50000","2.81668","2,575.06641","0.01150","0.00524","66.79185"
"84.60000","2.82020","2,576.64087","0.01153","0.00514","66.83270"
"84.70000","2.82334","2,578.40869","0.01153","0.00518","66.87855"
"84.80000","2.82677","2,580.15723","0.01159","0.00516","66.92390"
"84.90000","2.83021","2,583.07983","0.01161","0.00542","66.99970"
"85.00000","2.83335","2,583.49316","0.01161","0.00535","67.01043"
"85.10000","2.83671","2,584.99536","0.01162","0.00516","67.04939"
"85.20000","2.84000","2,587.17432","0.01163","0.00489","67.10591"
"85.30000","2.84337","2,589.38037","0.01164","0.00472","67.16313"
"85.40000","2.84665","2,590.81982","0.01166","0.00467","67.20046"
"85.50000","2.85002","2,592.46802","0.01168","0.00476","67.24322"
"85.60000","2.85353","2,594.57983","0.01169","0.00483","67.29799"
"85.70000","2.85659","2,595.89478","0.01173","0.00481","67.33210"
"85.80000","2.86003","2,598.06763","0.01174","0.00486","67.38846"
"85.90000","2.86339","2,600.36670","0.01175","0.00489","67.44809"
"86.00000","2.86653","2,602.30493","0.01178","0.00488","67.49837"
"86.10000","2.87012","2,603.04053","0.01179","0.00498","67.51744"
"86.20000","2.87348","2,606.23242","0.01176","0.00493","67.60023"
"86.30000","2.87670","2,607.34595","0.01179","0.00497","67.62912"
"86.40000","2.88014","2,608.88965","0.01183","0.00497","67.66916"
"86.50000","2.88342","2,610.97485","0.01186","0.00507","67.72324"
"86.60000","2.88671","2,613.12964","0.01186","0.00510","67.77914"
"86.70000","2.89000","2,614.14404","0.01186","0.00521","67.80544"
"86.80000","2.89344","2,615.72827","0.01191","0.00514","67.84653"
"86.90000","2.89688","2,618.87671","0.01190","0.00524","67.92820"
"87.00000","2.89994","2,619.81860","0.01190","0.00533","67.95263"
"87.10000","2.90345","2,622.21851","0.01193","0.00534","68.01488"
"87.20000","2.90689","2,623.41870","0.01192","0.00531","68.04601"
"87.30000","2.90988","2,625.01660","0.01195","0.00536","68.08746"
"87.40000","2.91347","2,626.45630","0.01196","0.00534","68.12480"
"87.50000","2.91683","2,628.87500","0.01196","0.00530","68.18754"
"87.60000","2.92005","2,630.26001","0.01196","0.00530","68.22346"
"87.70000","2.92348","2,631.78320","0.01200","0.00531","68.26297"
"87.80000","2.92685","2,633.79492","0.01200","0.00530","68.31515"
"87.90000","2.93006","2,636.14233","0.01202","0.00554","68.37604"
"88.00000","2.93327","2,636.74487","0.01206","0.00543","68.39166"
"88.10000","2.93671","2,639.76196","0.01201","0.00539","68.46992"
"88.20000","2.94007","2,640.75464","0.01207","0.00510","68.49567"
"88.30000","2.94329","2,642.09595","0.01208","0.00507","68.53046"
"88.40000","2.94688","2,643.91113","0.01210","0.00479","68.57755"
"88.50000","2.95016","2,646.60815","0.01211","0.00477","68.64750"
"88.60000","2.95323","2,647.75317","0.01212","0.00479","68.67720"
"88.70000","2.95682","2,650.01514","0.01214","0.00491","68.73587"
"88.80000","2.96010","2,651.30249","0.01218","0.00497","68.76926"
"88.90000","2.96332","2,653.08130","0.01215","0.00498","68.81540"
"89.00000","2.96676","2,654.44922","0.01220","0.00502","68.85088"
"89.10000","2.97019","2,656.48560","0.01222","0.00506","68.90369"
"89.20000","2.97341","2,658.10107","0.01220","0.00503","68.94560"
"89.30000","2.97677","2,659.82495","0.01226","0.00508","68.99031"
"89.40000","2.98013","2,661.78003","0.01227","0.00509","69.04102"
"89.50000","2.98342","2,663.24341","0.01230","0.00513","69.07898"
"89.60000","2.98664","2,664.72681","0.01232","0.00519","69.11745"
"89.70000","2.99015","2,667.14380","0.01235","0.00520","69.18015"
"89.80000","2.99344","2,668.97705","0.01235","0.00529","69.22770"
"89.90000","2.99665","2,670.05029","0.01234","0.00531","69.25554"
"90.00000","3.00016","2,672.24561","0.01240","0.00537","69.31248"
"90.10000","3.00345","2,674.60132","0.01237","0.00536","69.37358"
"90.20000","3.00659","2,676.22217","0.01240","0.00546","69.41563"
"90.30000","3.01010","2,677.78955","0.01243","0.00545","69.45628"
"90.40000","3.01339","2,678.91772","0.01244","0.00545","69.48554"
"90.50000","3.01668","2,681.05957","0.01243","0.00552","69.54109"
"90.60000","3.02004","2,682.38477","0.01244","0.00547","69.57547"
"90.70000","3.02348","2,684.27588","0.01243","0.00545","69.62452"
"90.80000","3.02669","2,686.06714","0.01248","0.00547","69.67098"
"90.90000","3.02991","2,687.77905","0.01249","0.00537","69.71539"
"91.00000","3.03342","2,689.73438","0.01250","0.00547","69.76610"
"91.10000","3.03678","2,691.24902","0.01250","0.00555","69.80539"
"91.20000","3.04007","2,693.05444","0.01254","0.00574","69.85222"
"91.30000","3.04351","2,694.53833","0.01251","0.00560","69.89071"
"91.40000","3.04680","2,697.33276","0.01256","0.00539","69.96319"
"91.50000","3.05001","2,698.04590","0.01253","0.00495","69.98168"
"91.60000","3.05338","2,700.10620","0.01259","0.00496","70.03513"
"91.70000","3.05674","2,701.75464","0.01258","0.00509","70.07788"
"91.80000","3.06003","2,703.56201","0.01261","0.00505","70.12476"
"91.90000","3.06339","2,705.78906","0.01261","0.00505","70.18253"
"92.00000","3.06683","2,707.06055","0.01262","0.00512","70.21551"
"92.10000","3.07004","2,708.90356","0.01265","0.00516","70.26331"
"92.20000","3.07333","2,710.02661","0.01265","0.00517","70.29244"
"92.30000","3.07669","2,711.85913","0.01264","0.00528","70.33997"
"92.40000","3.07998","2,713.97388","0.01267","0.00520","70.39482"
"92.50000","3.08334","2,715.05444","0.01274","0.00529","70.42285"
"92.60000","3.08678","2,717.53345","0.01276","0.00530","70.48715"
"92.70000","3.09015","2,718.45947","0.01277","0.00535","70.51117"
"92.80000","3.09336","2,720.35474","0.01280","0.00545","70.56033"
"92.90000","3.09672","2,722.56519","0.01282","0.00542","70.61767"
"93.00000","3.10016","2,724.37158","0.01280","0.00541","70.66452"
"93.10000","3.10330","2,725.27295","0.01281","0.00549","70.68790"
"93.20000","3.10674","2,728.03003","0.01282","0.00551","70.75941"
"93.30000","3.11018","2,728.85254","0.01285","0.00563","70.78075"
"93.40000","3.11331","2,730.13794","0.01291","0.00560","70.81409"
"93.50000","3.11675","2,732.29785","0.01289","0.00563","70.87011"
"93.60000","3.12019","2,734.14478","0.01285","0.00565","70.91801"
"93.70000","3.12340","2,735.95703","0.01290","0.00562","70.96502"
"93.80000","3.12669","2,737.28491","0.01293","0.00553","70.99947"
"93.90000","3.13006","2,739.14600","0.01292","0.00559","71.04774"
"94.00000","3.13342","2,741.29272","0.01293","0.00554","71.10342"
"94.10000","3.13671","2,742.45093","0.01293","0.00558","71.13346"
"94.20000","3.14007","2,744.20410","0.01297","0.00556","71.17893"
"94.30000","3.14351","2,746.62817","0.01297","0.00557","71.24181"
"94.40000","3.14657","2,747.56396","0.01300","0.00561","71.26608"
"94.50000","3.15001","2,749.47632","0.01294","0.00544","71.31568"
"94.60000","3.15345","2,751.38184","0.01300","0.00540","71.36510"
"94.70000","3.15666","2,752.40698","0.01303","0.00520","71.39170"
"94.80000","3.16017","2,754.86914","0.01301","0.00533","71.45556"
"94.90000","3.16346","2,756.41577","0.01304","0.00521","71.49568"
"95.00000","3.16675","2,758.15527","0.01307","0.00527","71.54079"
"95.10000","3.17004","2,758.86914","0.01307","0.00522","71.55931"
"95.20000","3.17333","2,760.34399","0.01312","0.00526","71.59756"
"95.30000","3.17669","2,762.71191","0.01312","0.00535","71.65899"
"95.40000","3.17998","2,764.15601","0.01311","0.00534","71.69644"
"95.50000","3.18342","2,765.60522","0.01314","0.00541","71.73403"
"95.60000","3.18693","2,768.92383","0.01316","0.00542","71.82011"
"95.70000","3.19000","2,768.47876","0.01317","0.00543","71.80856"
"95.80000","3.19343","2,771.16455","0.01324","0.00544","71.87823"
"95.90000","3.19687","2,773.40161","0.01322","0.00552","71.93626"
"96.00000","3.19993","2,774.30029","0.01324","0.00553","71.95956"
"96.10000","3.20345","2,776.57056","0.01326","0.00555","72.01845"
"96.20000","3.20681","2,778.21655","0.01326","0.00557","72.06114"
"96.30000","3.21010","2,779.06738","0.01328","0.00560","72.08321"
"96.40000","3.21346","2,781.42651","0.01328","0.00567","72.14440"
"96.50000","3.21675","2,783.13110","0.01328","0.00571","72.18862"
"96.60000","3.22004","2,784.33325","0.01331","0.00579","72.21980"
"96.70000","3.22325","2,785.95605","0.01332","0.00576","72.26189"
"96.80000","3.22669","2,787.33496","0.01335","0.00564","72.29766"
"96.90000","3.23020","2,789.13037","0.01337","0.00560","72.34422"
"97.00000","3.23327","2,791.06079","0.01335","0.00566","72.39429"
"97.10000","3.23678","2,792.60107","0.01337","0.00571","72.43425"
"97.20000","3.24014","2,794.94531","0.01340","0.00567","72.49506"
"97.30000","3.24321","2,795.08813","0.01340","0.00588","72.49876"
"97.40000","3.24679","2,798.16138","0.01340","0.00555","72.57847"
"97.50000","3.25016","2,799.97095","0.01344","0.00555","72.62541"
"97.60000","3.25337","2,801.28076","0.01344","0.00551","72.65939"
"97.70000","3.25681","2,803.30737","0.01345","0.00548","72.71194"
"97.80000","3.26017","2,805.03418","0.01348","0.00549","72.75674"
"97.90000","3.26339","2,806.35327","0.01347","0.00531","72.79095"
"98.00000","3.26667","2,808.02344","0.01351","0.00530","72.83427"
"98.10000","3.27004","2,808.95972","0.01353","0.00531","72.85856"
"98.20000","3.27340","2,811.92163","0.01353","0.00534","72.93539"
"98.30000","3.27669","2,813.16528","0.01356","0.00543","72.96764"
"98.40000","3.28013","2,815.19678","0.01353","0.00545","73.02033"
"98.50000","3.28349","2,816.86865","0.01358","0.00547","73.06370"
"98.60000","3.28663","2,818.40894","0.01358","0.00546","73.10365"
"98.70000","3.29007","2,819.85376","0.01363","0.00561","73.14113"
"98.80000","3.29343","2,821.92554","0.01365","0.00559","73.19486"
"98.90000","3.29657","2,823.66919","0.01363","0.00562","73.24009"
"99.00000","3.30008","2,825.01172","0.01366","0.00564","73.27492"
"99.10000","3.30345","2,827.87744","0.01368","0.00563","73.34924"
"99.20000","3.30673","2,828.71436","0.01370","0.00571","73.37095"
"99.30000","3.31002","2,830.19214","0.01371","0.00569","73.40929"
"99.40000","3.31346","2,831.65918","0.01375","0.00575","73.44733"
"99.50000","3.31675","2,833.06860","0.01375","0.00579","73.48389"
"99.60000","3.31996","2,834.09351","0.01377","0.00586","73.51048"
"99.70000","3.32347","2,838.24072","0.01375","0.00595","73.61805"
"99.80000","3.32676","2,838.76489","0.01379","0.00584","73.63165"
"99.90000","3.33005","2,840.72485","0.01382","0.00584","73.68248"
"100.00000","3.33349","2,842.89478","0.01384","0.00582","73.73876"
"100.10000","3.33678","2,844.30176","0.01385","0.00587","73.77526"
"100.20000","3.33999","2,845.57104","0.01385","0.00593","73.80818"
"100.30000","3.34335","2,847.30054","0.01388","0.00584","73.85304"
"100.40000","3.34672","2,848.54443","0.01389","0.00596","73.88530"
"100.50000","3.35001","2,850.27393","0.01388","0.00578","73.93016"
"100.60000","3.35344","2,852.03320","0.01388","0.00572","73.97579"
"100.70000","3.35681","2,854.19482","0.01390","0.00566","74.03186"
"100.80000","3.36010","2,854.91187","0.01393","0.00565","74.05046"
"100.90000","3.36331","2,856.72461","0.01394","0.00563","74.09748"
"101.00000","3.36675","2,858.77686","0.01394","0.00551","74.15071"
"101.10000","3.37004","2,860.21411","0.01398","0.00544","74.18799"
"101.20000","3.37332","2,862.23022","0.01397","0.00546","74.24029"
"101.30000","3.37676","2,863.81226","0.01399","0.00552","74.28132"
"101.40000","3.38013","2,865.57739","0.01402","0.00556","74.32710"
"101.50000","3.38341","2,866.42529","0.01404","0.00557","74.34910"
"101.60000","3.38670","2,868.87695","0.01404","0.00562","74.41269"
"101.70000","3.39007","2,870.06030","0.01404","0.00560","74.44338"
"101.80000","3.39328","2,872.14380","0.01408","0.00574","74.49742"
"101.90000","3.39672","2,874.44507","0.01410","0.00562","74.55711"
"102.00000","3.40023","2,875.99463","0.01407","0.00579","74.59731"
"102.10000","3.40337","2,877.75684","0.01413","0.00575","74.64301"
"102.20000","3.40673","2,879.20044","0.01413","0.00583","74.68046"
"102.30000","3.41009","2,880.63379","0.01417","0.00581","74.71764"
"102.40000","3.41338","2,883.15283","0.01415","0.00587","74.78297"
"102.50000","3.41667","2,884.53076","0.01418","0.00594","74.81871"
"102.60000","3.42004","2,886.33960","0.01422","0.00601","74.86563"
"102.70000","3.42347","2,888.13208","0.01425","0.00606","74.91212"
"102.80000","3.42676","2,888.87183","0.01425","0.00598","74.93131"
"102.90000","3.43005","2,890.57446","0.01427","0.00609","74.97547"
"103.00000","3.43349","2,892.93896","0.01430","0.00599","75.03680"
"103.10000","3.43663","2,894.69214","0.01431","0.00595","75.08228"
"103.20000","3.43999","2,895.63843","0.01428","0.00597","75.10683"
"103.30000","3.44350","2,897.52417","0.01431","0.00603","75.15574"
"103.40000","3.44664","2,899.50977","0.01432","0.00596","75.20724"
"103.50000","3.45008","2,900.65430","0.01435","0.00558","75.23692"
"103.60000","3.45352","2,903.33545","0.01436","0.00589","75.30647"
"103.70000","3.45666","2,904.66553","0.01439","0.00582","75.34097"
"103.80000","3.46002","2,906.05469","0.01440","0.00581","75.37700"
"103.90000","3.46331","2,907.73022","0.01440","0.00576","75.42046"
"104.00000","3.46675","2,909.37085","0.01443","0.00579","75.46301"
"104.10000","3.47003","2,911.15796","0.01442","0.00564","75.50937"
"104.20000","3.47347","2,912.12720","0.01444","0.00547","75.53451"
"104.30000","3.47691","2,914.81250","0.01444","0.00561","75.60416"
"104.40000","3.47997","2,915.67822","0.01447","0.00568","75.62662"
"104.50000","3.48341","2,917.21387","0.01447","0.00569","75.66644"
"104.60000","3.48685","2,918.77393","0.01451","0.00577","75.70691"
"104.70000","3.48999","2,920.08081","0.01452","0.00579","75.74081"
"104.80000","3.49343","2,921.91113","0.01453","0.00577","75.78828"
"104.90000","3.49686","2,924.65137","0.01453","0.00588","75.85936"
"105.00000","3.50008","2,925.51221","0.01456","0.00586","75.88168"
"105.10000","3.50337","2,927.43042","0.01456","0.00595","75.93144"
"105.20000","3.50666","2,928.02759","0.01457","0.00593","75.94693"
"105.30000","3.51009","2,930.06104","0.01461","0.00603","75.99967"
"105.40000","3.51331","2,931.79541","0.01463","0.00599","76.04466"
"105.50000","3.51674","2,933.67822","0.01465","0.00606","76.09350"
"105.60000","3.52018","2,935.15430","0.01465","0.00609","76.13178"
"105.70000","3.52325","2,936.55835","0.01467","0.00610","76.16820"
"105.80000","3.52676","2,938.36230","0.01469","0.00623","76.21499"
"105.90000","3.53012","2,939.94165","0.01470","0.00627","76.25596"
"106.00000","3.53326","2,941.45361","0.01471","0.00617","76.29517"
"106.10000","3.53677","2,942.86499","0.01473","0.00613","76.33178"
"106.20000","3.54014","2,945.26904","0.01476","0.00609","76.39413"
"106.30000","3.54343","2,946.80786","0.01475","0.00616","76.43405"
"106.40000","3.54679","2,948.00903","0.01476","0.00609","76.46521"
"106.50000","3.55015","2,950.66284","0.01480","0.00618","76.53404"
"106.60000","3.55344","2,951.08350","0.01482","0.00594","76.54495"
"106.70000","3.55665","2,953.03809","0.01484","0.00601","76.59565"
"106.80000","3.56009","2,955.20215","0.01484","0.00607","76.65178"
"106.90000","3.56353","2,956.96021","0.01487","0.00606","76.69738"
"107.00000","3.56659","2,957.75146","0.01487","0.00595","76.71790"
"107.10000","3.57018","2,959.93457","0.01488","0.00592","76.77453"
"107.20000","3.57354","2,961.37451","0.01489","0.00598","76.81188"
"107.30000","3.57653","2,962.20117","0.01490","0.00579","76.83332"
"107.40000","3.58012","2,964.61719","0.01491","0.00579","76.89599"
"107.50000","3.58333","2,966.55054","0.01495","0.00582","76.94614"
"107.60000","3.58662","2,968.35352","0.01495","0.00588","76.99290"
"107.70000","3.59014","2,969.25513","0.01496","0.00588","77.01629"
"107.80000","3.59342","2,971.24634","0.01496","0.00593","77.06793"
"107.90000","3.59686","2,973.12402","0.01498","0.00597","77.11664"
"108.00000","3.60000","2,973.56738","0.01500","0.00598","77.12814"
"108.10000","3.60344","2,977.23071","0.01500","0.00603","77.22316"
"108.20000","3.60673","2,977.50952","0.01504","0.00602","77.23039"
"108.30000","3.60994","2,979.03027","0.01505","0.00612","77.26984"
"108.40000","3.61345","2,981.07129","0.01507","0.00609","77.32278"
"108.50000","3.61689","2,983.27637","0.01507","0.00617","77.37997"
"108.60000","3.62003","2,984.54419","0.01509","0.00624","77.41286"
"108.70000","3.62347","2,986.40088","0.01512","0.00623","77.46101"
"108.80000","3.62676","2,986.94775","0.01513","0.00631","77.47520"
"108.90000","3.63005","2,990.04688","0.01514","0.00634","77.55558"
"109.00000","3.63341","2,990.59741","0.01514","0.00642","77.56986"
"109.10000","3.63677","2,992.17529","0.01518","0.00634","77.61079"
"109.20000","3.64006","2,993.81665","0.01518","0.00629","77.65336"
"109.30000","3.64335","2,995.30273","0.01519","0.00631","77.69191"
"109.40000","3.64679","2,997.03394","0.01522","0.00627","77.73681"
"109.50000","3.65008","2,998.73901","0.01525","0.00614","77.78104"
"109.60000","3.65329","2,999.98047","0.01526","0.00607","77.81324"
"109.70000","3.65673","3,001.19019","0.01526","0.00605","77.84462"
"109.80000","3.66009","3,003.73486","0.01527","0.00622","77.91062"
"109.90000","3.66338","3,004.92017","0.01530","0.00622","77.94136"
"110.00000","3.66682","3,007.45581","0.01532","0.00617","78.00713"
"110.10000","3.67010","3,008.31006","0.01534","0.00615","78.02929"
"110.20000","3.67332","3,010.00732","0.01534","0.00620","78.07331"
"110.30000","3.67668","3,011.14404","0.01536","0.00614","78.10280"
"110.40000","3.68012","3,013.07568","0.01537","0.00615","78.15290"
"110.50000","3.68333","3,014.93994","0.01539","0.00591","78.20126"
"110.60000","3.68670","3,016.57422","0.01541","0.00600","78.24364"
"110.70000","3.69013","3,018.58691","0.01540","0.00605","78.29585"
"110.80000","3.69342","3,019.56836","0.01542","0.00610","78.32130"
"110.90000","3.69664","3,020.64575","0.01543","0.00607","78.34925"
"111.00000","3.70007","3,023.31494","0.01545","0.00609","78.41849"
"111.10000","3.70344","3,024.43677","0.01547","0.00618","78.44759"
"111.20000","3.70665","3,026.44751","0.01550","0.00618","78.49974"
"111.30000","3.71016","3,027.89844","0.01549","0.00632","78.53737"
"111.40000","3.71353","3,030.28369","0.01552","0.00628","78.59924"
"111.50000","3.71674","3,031.35278","0.01553","0.00626","78.62697"
"111.60000","3.72003","3,032.76758","0.01551","0.00634","78.66367"
"111.70000","3.72339","3,034.78467","0.01556","0.00634","78.71599"
"111.80000","3.72661","3,036.05811","0.01555","0.00638","78.74902"
"111.90000","3.73004","3,036.90698","0.01558","0.00644","78.77103"
"112.00000","3.73348","3,038.85449","0.01559","0.00645","78.82155"
"112.10000","3.73670","3,041.18921","0.01560","0.00647","78.88211"
"112.20000","3.73998","3,042.15430","0.01563","0.00648","78.90714"
"112.30000","3.74342","3,044.21655","0.01567","0.00639","78.96063"
"112.40000","3.74671","3,045.77344","0.01565","0.00629","79.00101"
"112.50000","3.75000","3,047.36011","0.01567","0.00634","79.04217"
"112.60000","3.75344","3,049.63135","0.01569","0.00652","79.10108"
"112.70000","3.75687","3,050.67725","0.01572","0.00628","79.12820"
"112.80000","3.76001","3,051.57275","0.01574","0.00635","79.15144"
"112.90000","3.76345","3,053.77368","0.01574","0.00631","79.20852"
"113.00000","3.76681","3,056.03760","0.01577","0.00638","79.26724"
"113.10000","3.76995","3,056.75024","0.01577","0.00638","79.28573"
"113.20000","3.77339","3,058.29736","0.01582","0.00635","79.32586"
"113.30000","3.77683","3,059.67871","0.01581","0.00634","79.36169"
"113.40000","3.78004","3,061.97852","0.01586","0.00625","79.42134"
"113.50000","3.78341","3,063.17896","0.01584","0.00636","79.45248"
"113.60000","3.78684","3,065.41748","0.01584","0.00612","79.51054"
"113.70000","3.79013","3,067.48608","0.01589","0.00619","79.56419"
"113.80000","3.79327","3,067.42676","0.01587","0.00614","79.56265"
"113.90000","3.79671","3,069.69409","0.01591","0.00612","79.62147"
"114.00000","3.80015","3,071.40674","0.01592","0.00617","79.66589"
"114.10000","3.80329","3,072.57690","0.01593","0.00621","79.69624"
"114.20000","3.80672","3,074.31470","0.01595","0.00628","79.74131"
"114.30000","3.81024","3,076.07178","0.01598","0.00639","79.78689"
"114.40000","3.81330","3,076.98877","0.01598","0.00641","79.81068"
"114.50000","3.81674","3,079.44556","0.01597","0.00640","79.87440"
"114.60000","3.82010","3,080.25415","0.01600","0.00644","79.89537"
"114.70000","3.82332","3,082.29370","0.01601","0.00641","79.94827"
"114.80000","3.82675","3,084.40039","0.01604","0.00656","80.00291"
"114.90000","3.83019","3,085.88159","0.01604","0.00650","80.04134"
"115.00000","3.83341","3,087.85156","0.01604","0.00653","80.09243"
"115.10000","3.83669","3,089.14746","0.01606","0.00650","80.12605"
"115.20000","3.84006","3,090.44727","0.01611","0.00661","80.15976"
"115.30000","3.84349","3,092.35425","0.01610","0.00644","80.20922"
"115.40000","3.84663","3,093.98413","0.01614","0.00626","80.25150"
"115.50000","3.85007","3,095.56860","0.01614","0.00637","80.29259"
"115.60000","3.85351","3,097.54639","0.01616","0.00626","80.34389"
"115.70000","3.85665","3,098.55005","0.01618","0.00637","80.36993"
"115.80000","3.86009","3,100.80566","0.01619","0.00636","80.42844"
"115.90000","3.86352","3,102.42090","0.01619","0.00640","80.47033"
"116.00000","3.86659","3,103.60645","0.01623","0.00656","80.50108"
"116.10000","3.87010","3,105.72192","0.01624","0.00649","80.55595"
"116.20000","3.87346","3,107.40015","0.01627","0.00649","80.59948"
"116.30000","3.87668","3,108.79443","0.01626","0.00654","80.63564"
"116.40000","3.88004","3,110.88574","0.01628","0.00653","80.68989"
"116.50000","3.88340","3,111.42090","0.01632","0.00657","80.70377"
"116.60000","3.88677","3,113.37524","0.01631","0.00651","80.75446"
"116.70000","3.88991","3,115.10010","0.01633","0.00657","80.79920"
"116.80000","3.89342","3,116.88232","0.01636","0.00629","80.84543"
"116.90000","3.89678","3,118.60840","0.01637","0.00630","80.89020"
"117.00000","3.89992","3,120.19727","0.01638","0.00639","80.93141"
"117.10000","3.90343","3,121.48901","0.01643","0.00637","80.96492"
"117.20000","3.90687","3,123.42334","0.01639","0.00642","81.01509"
"117.30000","3.90994","3,124.31201","0.01646","0.00650","81.03814"
"117.40000","3.91345","3,126.55908","0.01645","0.00652","81.09642"
"117.50000","3.91674","3,127.47241","0.01646","0.00649","81.12012"
"117.60000","3.92002","3,129.61646","0.01648","0.00657","81.17573"
"117.70000","3.92346","3,130.96338","0.01650","0.00661","81.21066"
"117.80000","3.92675","3,132.15283","0.01647","0.00663","81.24152"
"117.90000","3.93011","3,134.51392","0.01653","0.00672","81.30276"
"118.00000","3.93333","3,135.19238","0.01654","0.00672","81.32035"
"118.10000","3.93669","3,136.75439","0.01653","0.00678","81.36087"
"118.20000","3.94005","3,138.98364","0.01656","0.00678","81.41869"
"118.30000","3.94327","3,140.23169","0.01655","0.00674","81.45107"
"118.40000","3.94678","3,141.95239","0.01658","0.00669","81.49570"
"118.50000","3.95014","3,144.17480","0.01660","0.00654","81.55334"
"118.60000","3.95336","3,145.26514","0.01662","0.00634","81.58162"
"118.70000","3.95680","3,146.60669","0.01663","0.00638","81.61642"
"118.80000","3.96008","3,148.07886","0.01665","0.00642","81.65460"
"118.90000","3.96330","3,149.55493","0.01666","0.00651","81.69289"
"119.00000","3.96666","3,151.38354","0.01670","0.00674","81.74032"
"119.10000","3.97010","3,152.90918","0.01671","0.00669","81.77989"
"119.20000","3.97339","3,154.81250","0.01673","0.00669","81.82926"
"119.30000","3.97668","3,155.65137","0.01672","0.00668","81.85101"
"119.40000","3.98011","3,158.58398","0.01675","0.00668","81.92709"
"119.50000","3.98340","3,159.86353","0.01677","0.00672","81.96027"
"119.60000","3.98662","3,161.05786","0.01680","0.00671","81.99125"
"119.70000","3.99013","3,163.29517","0.01681","0.00668","82.04928"
"119.80000","3.99349","3,163.67554","0.01684","0.00667","82.05915"
"119.90000","3.99670","3,166.48486","0.01684","0.00671","82.13202"
"120.00000","4.00014","3,166.87012","0.01685","0.00657","82.14201"
"120.10000","4.00351","3,169.34668","0.01687","0.00649","82.20625"
"120.20000","4.00672","3,170.19995","0.01688","0.00647","82.22838"
"120.30000","4.01001","3,171.73486","0.01690","0.00657","82.26819"
"120.40000","4.01337","3,173.28979","0.01692","0.00660","82.30852"
"120.50000","4.01666","3,175.78662","0.01693","0.00659","82.37328"
"120.60000","4.02002","3,176.55737","0.01693","0.00669","82.39327"
"120.70000","4.02346","3,178.52173","0.01694","0.00672","82.44423"
"120.80000","4.02675","3,180.43042","0.01695","0.00675","82.49374"
"120.90000","4.02996","3,180.75537","0.01695","0.00672","82.50216"
"121.00000","4.03340","3,183.25488","0.01695","0.00682","82.56699"
"121.10000","4.03676","3,185.05762","0.01698","0.00684","82.61375"
"121.20000","4.03998","3,185.75903","0.01700","0.00687","82.63195"
"121.30000","4.04342","3,187.78003","0.01699","0.00684","82.68436"
"121.40000","4.04685","3,188.23755","0.01704","0.00672","82.69624"
"121.50000","4.05007","3,190.97070","0.01705","0.00645","82.76713"
"121.60000","4.05336","3,192.73169","0.01706","0.00648","82.81281"
"121.70000","4.05679","3,193.71216","0.01710","0.00652","82.83823"
"121.80000","4.06001","3,195.60571","0.01709","0.00647","82.88735"
"121.90000","4.06337","3,197.30640","0.01712","0.00658","82.93147"
"122.00000","4.06681","3,198.77612","0.01714","0.00664","82.96958"
"122.10000","4.07010","3,200.04150","0.01716","0.00684","83.00240"
"122.20000","4.07338","3,202.44360","0.01716","0.00681","83.06471"
"122.30000","4.07682","3,203.12817","0.01720","0.00684","83.08247"
"122.40000","4.08011","3,205.02808","0.01720","0.00682","83.13174"
"122.50000","4.08332","3,206.46045","0.01722","0.00681","83.16890"
"122.60000","4.08669","3,207.89478","0.01723","0.00683","83.20610"
"122.70000","4.09013","3,209.45166","0.01724","0.00686","83.24648"
"122.80000","4.09334","3,211.78760","0.01727","0.00682","83.30708"
"122.90000","4.09678","3,213.51660","0.01732","0.00682","83.35192"
"123.00000","4.10021","3,214.36377","0.01728","0.00673","83.37389"
"123.10000","4.10328","3,216.07690","0.01731","0.00669","83.41833"
"123.20000","4.10664","3,217.75903","0.01733","0.00659","83.46196"
"123.30000","4.11016","3,218.71753","0.01734","0.00665","83.48682"
"123.40000","4.11337","3,220.45312","0.01735","0.00667","83.53184"
"123.50000","4.11673","3,222.13208","0.01737","0.00674","83.57539"
"123.60000","4.12017","3,224.02612","0.01740","0.00678","83.62452"
"123.70000","4.12346","3,225.66602","0.01740","0.00682","83.66705"
"123.80000","4.12667","3,227.22485","0.01739","0.00689","83.70748"
"123.90000","4.13004","3,229.07983","0.01741","0.00686","83.75560"
"124.00000","4.13347","3,230.89038","0.01742","0.00689","83.80256"
"124.10000","4.13661","3,232.65649","0.01745","0.00692","83.84837"
"124.20000","4.14012","3,234.18335","0.01744","0.00700","83.88797"
"124.30000","4.14356","3,235.90015","0.01746","0.00699","83.93250"
"124.40000","4.14670","3,237.44092","0.01750","0.00675","83.97247"
"124.50000","4.15006","3,237.54297","0.01749","0.00661","83.97511"
"124.60000","4.15343","3,239.76660","0.01751","0.00651","84.03279"
"124.70000","4.15657","3,241.48975","0.01752","0.00654","84.07748"
"124.80000","4.16008","3,242.64136","0.01755","0.00658","84.10735"
"124.90000","4.16344","3,244.74048","0.01756","0.00662","84.16180"
"125.00000","4.16681","3,246.10669","0.01759","0.00669","84.19724"
"125.10000","4.17009","3,247.21289","0.01760","0.00684","84.22593"
"125.20000","4.17338","3,249.46899","0.01762","0.00699","84.28445"
"125.30000","4.17675","3,251.05298","0.01763","0.00692","84.32554"
"125.40000","4.17988","3,252.00977","0.01765","0.00697","84.35035"
"125.50000","4.18340","3,253.67163","0.01767","0.00693","84.39346"
"125.60000","4.18691","3,256.07520","0.01767","0.00692","84.45580"
"125.70000","4.18997","3,257.05151","0.01771","0.00695","84.48112"
"125.80000","4.19349","3,258.29614","0.01772","0.00697","84.51340"
"125.90000","4.19685","3,260.51147","0.01774","0.00703","84.57087"
"126.00000","4.19999","3,261.74561","0.01775","0.00703","84.60288"
"126.10000","4.20343","3,263.27612","0.01776","0.00704","84.64258"
"126.20000","4.20679","3,264.55298","0.01775","0.00693","84.67570"
"126.30000","4.21008","3,265.98584","0.01777","0.00684","84.71286"
"126.40000","4.21344","3,267.93530","0.01778","0.00678","84.76343"
"126.50000","4.21680","3,269.41162","0.01780","0.00685","84.80172"
"126.60000","4.22017","3,271.47388","0.01782","0.00687","84.85521"
"126.70000","4.22331","3,272.55322","0.01785","0.00689","84.88321"
"126.80000","4.22667","3,274.14648","0.01783","0.00696","84.92453"
"126.90000","4.23011","3,276.11426","0.01786","0.00696","84.97557"
"127.00000","4.23325","3,276.64307","0.01787","0.00696","84.98929"
"127.10000","4.23676","3,278.65186","0.01792","0.00701","85.04139"
"127.20000","4.24020","3,280.26367","0.01791","0.00703","85.08320"
"127.30000","4.24334","3,282.00903","0.01793","0.00701","85.12847"
"127.40000","4.24677","3,283.88184","0.01793","0.00691","85.17705"
"127.50000","4.25006","3,284.92969","0.01794","0.00666","85.20422"
"127.60000","4.25335","3,286.06177","0.01795","0.00658","85.23359"
"127.70000","4.25671","3,288.41699","0.01798","0.00658","85.29468"
"127.80000","4.26008","3,289.58716","0.01799","0.00657","85.32504"
"127.90000","4.26344","3,291.67798","0.01800","0.00672","85.37926"
"128.00000","4.26665","3,292.55347","0.01803","0.00671","85.40197"
"128.10000","4.27002","3,294.16870","0.01805","0.00681","85.44387"
"128.20000","4.27346","3,296.01440","0.01805","0.00710","85.49174"
"128.30000","4.27659","3,296.77319","0.01807","0.00712","85.51142"
"128.40000","4.28018","3,299.35547","0.01809","0.00709","85.57840"
"128.50000","4.28347","3,300.66650","0.01809","0.00708","85.61240"
"128.60000","4.28676","3,302.02539","0.01815","0.00708","85.64765"
"128.70000","4.29020","3,304.19604","0.01814","0.00708","85.70396"
"128.80000","4.29341","3,305.27832","0.01814","0.00713","85.73203"
"128.90000","4.29670","3,307.01807","0.01816","0.00706","85.77715"
"129.00000","4.29999","3,308.38940","0.01816","0.00716","85.81272"
"129.10000","4.30343","3,310.33203","0.01820","0.00715","85.86311"
"129.20000","4.30679","3,311.94189","0.01818","0.00714","85.90487"
"129.30000","4.31000","3,313.19189","0.01819","0.00718","85.93729"
"129.40000","4.31344","3,314.95288","0.01824","0.00701","85.98296"
"129.50000","4.31680","3,316.74146","0.01826","0.00700","86.02936"
"129.60000","4.31987","3,317.87988","0.01825","0.00700","86.05888"
"129.70000","4.32338","3,319.27344","0.01829","0.00696","86.09503"
"129.80000","4.32682","3,321.16528","0.01830","0.00704","86.14410"
"129.90000","4.32996","3,322.52319","0.01831","0.00708","86.17932"
"130.00000","4.33347","3,324.50000","0.01833","0.00714","86.23060"
"130.10000","4.33683","3,325.79810","0.01836","0.00713","86.26427"
"130.20000","4.34005","3,327.47168","0.01839","0.00718","86.30768"
"130.30000","4.34333","3,328.51343","0.01840","0.00714","86.33470"
"130.40000","4.34677","3,329.92188","0.01839","0.00712","86.37123"
"130.50000","4.35006","3,331.69800","0.01842","0.00694","86.41730"
"130.60000","4.35335","3,333.06982","0.01844","0.00688","86.45288"
"130.70000","4.35686","3,334.86426","0.01844","0.00675","86.49943"
"130.80000","4.36008","3,336.19189","0.01845","0.00676","86.53386"
"130.90000","4.36336","3,338.00684","0.01850","0.00670","86.58094"
"131.00000","4.36680","3,339.51440","0.01849","0.00681","86.62004"
"131.10000","4.37009","3,341.01440","0.01847","0.00690","86.65895"
"131.20000","4.37330","3,342.02637","0.01850","0.00696","86.68520"
"131.30000","4.37674","3,343.48828","0.01850","0.00728","86.72311"
"131.40000","4.38025","3,345.93506","0.01852","0.00727","86.78658"
"131.50000","4.38339","3,347.54590","0.01854","0.00723","86.82836"
"131.60000","4.38676","3,347.67847","0.01856","0.00725","86.83180"
"131.70000","4.39012","3,350.14844","0.01858","0.00728","86.89587"
"131.80000","4.39326","3,351.75952","0.01860","0.00726","86.93765"
"131.90000","4.39662","3,353.03394","0.01860","0.00725","86.97071"
"132.00000","4.40013","3,354.83545","0.01862","0.00727","87.01743"
"132.10000","4.40342","3,356.34717","0.01862","0.00730","87.05665"
"132.20000","4.40671","3,358.06201","0.01863","0.00733","87.10113"
"132.30000","4.41015","3,358.69556","0.01864","0.00731","87.11756"
"132.40000","4.41344","3,360.97632","0.01865","0.00729","87.17672"
"132.50000","4.41665","3,362.33716","0.01869","0.00730","87.21201"
"132.60000","4.42001","3,364.01562","0.01872","0.00735","87.25555"
"132.70000","4.42345","3,365.73950","0.01873","0.00713","87.30026"
"132.80000","4.42667","3,367.21533","0.01874","0.00716","87.33855"
"132.90000","4.43010","3,368.22192","0.01874","0.00715","87.36465"
"133.00000","4.43354","3,370.34912","0.01876","0.00719","87.41983"
"133.10000","4.43661","3,371.75977","0.01878","0.00716","87.45642"
"133.20000","4.44004","3,373.62134","0.01882","0.00718","87.50471"
"133.30000","4.44348","3,375.07324","0.01884","0.00713","87.54237"
"133.40000","4.44662","3,376.53760","0.01884","0.00691","87.58035"
"133.50000","4.45006","3,377.88135","0.01886","0.00699","87.61520"
"133.60000","4.45350","3,379.91943","0.01889","0.00696","87.66806"
"133.70000","4.45679","3,380.96436","0.01889","0.00687","87.69517"
"133.80000","4.46000","3,382.12964","0.01893","0.00681","87.72539"
"133.90000","4.46336","3,383.75464","0.01892","0.00675","87.76754"
"134.00000","4.46672","3,385.24121","0.01892","0.00679","87.80610"
"134.10000","4.46994","3,386.52466","0.01892","0.00687","87.83939"
"134.20000","4.47338","3,388.48755","0.01894","0.00695","87.89030"
"134.30000","4.47689","3,390.67993","0.01897","0.00716","87.94717"
"134.40000","4.47995","3,390.65039","0.01899","0.00720","87.94640"
"134.50000","4.48347","3,392.67896","0.01897","0.00742","87.99902"
"134.60000","4.48683","3,394.62671","0.01902","0.00735","88.04954"
"134.70000","4.48997","3,395.69702","0.01902","0.00745","88.07730"
"134.80000","4.49341","3,397.66431","0.01905","0.00734","88.12833"
"134.90000","4.49677","3,398.80884","0.01904","0.00742","88.15801"
"135.00000","4.50013","3,400.81421","0.01905","0.00743","88.21003"
"135.10000","4.50342","3,401.67773","0.01905","0.00745","88.23243"
"135.20000","4.50678","3,403.61182","0.01906","0.00747","88.28259"
"135.30000","4.51015","3,405.11060","0.01910","0.00741","88.32147"
"135.40000","4.51329","3,406.10522","0.01911","0.00748","88.34727"
"135.50000","4.51672","3,408.71436","0.01913","0.00747","88.41494"
"135.60000","4.52016","3,410.34839","0.01913","0.00752","88.45733"
"135.70000","4.52330","3,411.37085","0.01915","0.00757","88.48385"
"135.80000","4.52681","3,412.64600","0.01919","0.00741","88.51692"
"135.90000","4.53018","3,414.68311","0.01919","0.00729","88.56976"
"136.00000","4.53332","3,415.56934","0.01924","0.00725","88.59275"
"136.10000","4.53675","3,416.85181","0.01923","0.00736","88.62601"
"136.20000","4.53997","3,418.73242","0.01926","0.00732","88.67479"
"136.30000","4.54333","3,420.25244","0.01927","0.00727","88.71422"
"136.40000","4.54669","3,422.18774","0.01927","0.00725","88.76441"
"136.50000","4.55013","3,423.56079","0.01931","0.00708","88.80003"
"136.60000","4.55349","3,425.16333","0.01934","0.00704","88.84160"
"136.70000","4.55663","3,426.40576","0.01936","0.00692","88.87383"
"136.80000","4.56007","3,427.77515","0.01937","0.00697","88.90934"
"136.90000","4.56351","3,430.22681","0.01939","0.00690","88.97293"
"137.00000","4.56657","3,431.48755","0.01940","0.00700","89.00563"
"137.10000","4.57009","3,432.85864","0.01939","0.00693","89.04120"
"137.20000","4.57352","3,434.77612","0.01941","0.00702","89.09093"
"137.30000","4.57674","3,435.64453","0.01944","0.00705","89.11346"
"137.40000","4.58010","3,437.56982","0.01943","0.00733","89.16339"
"137.50000","4.58339","3,438.18994","0.01943","0.00756","89.17948"
"137.60000","4.58668","3,440.04492","0.01945","0.00754","89.22759"
"137.70000","4.58997","3,441.61157","0.01946","0.00754","89.26823"
"137.80000","4.59340","3,443.46533","0.01947","0.00758","89.31631"
"137.90000","4.59684","3,445.45020","0.01947","0.00757","89.36780"
"138.00000","4.59998","3,445.68237","0.01950","0.00757","89.37382"
"138.10000","4.60342","3,447.84253","0.01953","0.00751","89.42985"
"138.20000","4.60678","3,449.50073","0.01953","0.00758","89.47285"
"138.30000","4.60985","3,450.36719","0.01953","0.00762","89.49533"
"138.40000","4.61343","3,452.50708","0.01958","0.00757","89.55083"
"138.50000","4.61680","3,454.22168","0.01957","0.00759","89.59531"
"138.60000","4.62001","3,455.11475","0.01959","0.00762","89.61847"
"138.70000","4.62345","3,457.08984","0.01961","0.00768","89.66970"
"138.80000","4.62681","3,458.15796","0.01962","0.00765","89.69741"
"138.90000","4.63002","3,459.62671","0.01964","0.00761","89.73550"
"139.00000","4.63331","3,461.03906","0.01965","0.00752","89.77214"
"139.10000","4.63675","3,463.10620","0.01970","0.00741","89.82575"
"139.20000","4.64011","3,464.80933","0.01970","0.00745","89.86993"
"139.30000","4.64333","3,465.35303","0.01970","0.00744","89.88403"
"139.40000","4.64684","3,467.17456","0.01976","0.00729","89.93128"
"139.50000","4.65013","3,469.28394","0.01975","0.00732","89.98599"
"139.60000","4.65327","3,470.64917","0.01976","0.00719","90.02140"
"139.70000","4.65678","3,471.87891","0.01980","0.00721","90.05330"
"139.80000","4.66014","3,473.71240","0.01980","0.00707","90.10086"
"139.90000","4.66336","3,474.44336","0.01981","0.00695","90.11982"
"140.00000","4.66680","3,476.43604","0.01980","0.00701","90.17150"
"140.10000","4.67023","3,478.15894","0.01984","0.00698","90.21619"
"140.20000","4.67337","3,479.49219","0.01987","0.00704","90.25077"
"140.30000","4.67666","3,480.36206","0.01986","0.00707","90.27334"
"140.40000","4.68010","3,482.31494","0.01987","0.00738","90.32399"
"140.50000","4.68331","3,483.61401","0.01989","0.00739","90.35768"
"140.60000","4.68668","3,485.18384","0.01990","0.00769","90.39840"
"140.70000","4.69011","3,487.00684","0.01990","0.00764","90.44569"
"140.80000","4.69340","3,488.54468","0.01993","0.00766","90.48557"
"140.90000","4.69669","3,489.21704","0.01994","0.00768","90.50301"
"141.00000","4.70013","3,491.23096","0.01995","0.00769","90.55525"
"141.10000","4.70342","3,492.40869","0.01995","0.00766","90.58580"
"141.20000","4.70663","3,494.27026","0.01995","0.00763","90.63409"
"141.30000","4.71007","3,495.48828","0.01996","0.00773","90.66568"
"141.40000","4.71351","3,497.94653","0.01998","0.00767","90.72944"
"141.50000","4.71672","3,498.24976","0.01999","0.00773","90.73730"
"141.60000","4.72008","3,500.07910","0.02002","0.00778","90.78475"
"141.70000","4.72352","3,501.63501","0.02004","0.00779","90.82511"
"141.80000","4.72666","3,503.55322","0.02006","0.00779","90.87486"
"141.90000","4.73002","3,504.61182","0.02007","0.00780","90.90232"
"142.00000","4.73346","3,506.28857","0.02013","0.00780","90.94582"
"142.10000","4.73675","3,508.87329","0.02010","0.00754","91.01286"
"142.20000","4.74004","3,509.24585","0.02012","0.00760","91.02252"
"142.30000","4.74348","3,510.84497","0.02013","0.00757","91.06400"
"142.40000","4.74676","3,512.33936","0.02015","0.00746","91.10276"
"142.50000","4.74998","3,513.68750","0.02018","0.00731","91.13773"
"142.60000","4.75334","3,515.03540","0.02021","0.00729","91.17269"
"142.70000","4.75678","3,516.79810","0.02023","0.00736","91.21841"
"142.80000","4.75999","3,518.05273","0.02023","0.00699","91.25095"
"142.90000","4.76343","3,520.16919","0.02024","0.00713","91.30585"
"143.00000","4.76687","3,521.59814","0.02025","0.00716","91.34291"
"143.10000","4.76993","3,523.45898","0.02028","0.00712","91.39118"
"143.20000","4.77337","3,524.03369","0.02031","0.00721","91.40609"
"143.30000","4.77673","3,526.01978","0.02032","0.00717","91.45760"
"143.40000","4.77995","3,527.53613","0.02034","0.00721","91.49693"
"143.50000","4.78339","3,528.59155","0.02036","0.00754","91.52431"
"143.60000","4.78675","3,529.45410","0.02035","0.00767","91.54668"
"143.70000","4.79011","3,530.93359","0.02036","0.00781","91.58505"
"143.80000","4.79340","3,532.75049","0.02037","0.00780","91.63218"
"143.90000","4.79669","3,533.05933","0.02038","0.00779","91.64019"
"144.00000","4.80013","3,535.03662","0.02037","0.00781","91.69148"
"144.10000","4.80327","3,536.84912","0.02041","0.00783","91.73849"
"144.20000","4.80670","3,538.14819","0.02043","0.00787","91.77219"
"144.30000","4.81022","3,540.19189","0.02042","0.00785","91.82520"
"144.40000","4.81335","3,540.48389","0.02044","0.00783","91.83277"
"144.50000","4.81679","3,542.76270","0.02046","0.00785","91.89188"
"144.60000","4.82016","3,544.00903","0.02048","0.00794","91.92420"
"144.70000","4.82330","3,544.39087","0.02050","0.00796","91.93411"
"144.80000","4.82673","3,546.67969","0.02053","0.00795","91.99348"
"144.90000","4.83002","3,547.69824","0.02054","0.00801","92.01990"
"145.00000","4.83338","3,549.51855","0.02056","0.00798","92.06711"
"145.10000","4.83667","3,550.72461","0.02053","0.00801","92.09840"
"145.20000","4.84011","3,552.59839","0.02058","0.00795","92.14700"
"145.30000","4.84347","3,554.66162","0.02061","0.00797","92.20051"
"145.40000","4.84661","3,555.64209","0.02061","0.00768","92.22594"
"145.50000","4.85005","3,556.83569","0.02062","0.00741","92.25690"
"145.60000","4.85349","3,558.61304","0.02065","0.00744","92.30300"
"145.70000","4.85663","3,560.19336","0.02067","0.00743","92.34399"
"145.80000","4.86014","3,561.20532","0.02070","0.00741","92.37024"
"145.90000","4.86358","3,563.63403","0.02072","0.00715","92.43324"
"146.00000","4.86664","3,563.75732","0.02071","0.00722","92.43643"
"146.10000","4.87008","3,565.09912","0.02072","0.00728","92.47124"
"146.20000","4.87337","3,566.75049","0.02073","0.00724","92.51407"
"146.30000","4.87673","3,568.20190","0.02076","0.00729","92.55172"
"146.40000","4.88002","3,569.36816","0.02076","0.00734","92.58197"
"146.50000","4.88338","3,571.38037","0.02080","0.00740","92.63416"
"146.60000","4.88690","3,572.99927","0.02080","0.00781","92.67616"
"146.70000","4.88996","3,574.61060","0.02082","0.00786","92.71795"
"146.80000","4.89340","3,574.91626","0.02082","0.00794","92.72588"
"146.90000","4.89676","3,577.58179","0.02084","0.00793","92.79501"
"147.00000","4.89990","3,578.32422","0.02088","0.00796","92.81427"
"147.10000","4.90349","3,579.89624","0.02090","0.00799","92.85504"
"147.20000","4.90685","3,581.62085","0.02087","0.00800","92.89978"
"147.30000","4.91006","3,582.64233","0.02089","0.00800","92.92627"
"147.40000","4.91350","3,584.32617","0.02091","0.00803","92.96995"
"147.50000","4.91672","3,585.03638","0.02093","0.00797","92.98837"
"147.60000","4.92000","3,586.67139","0.02093","0.00808","93.03078"
"147.70000","4.92337","3,588.83765","0.02093","0.00810","93.08697"
"147.80000","4.92673","3,590.09619","0.02094","0.00805","93.11961"
"147.90000","4.93017","3,591.98047","0.02096","0.00813","93.16849"
"148.00000","4.93331","3,592.50537","0.02098","0.00813","93.18210"
"148.10000","4.93682","3,594.49414","0.02101","0.00815","93.23368"
"148.20000","4.94018","3,596.20239","0.02101","0.00816","93.27799"
"148.30000","4.94325","3,596.95752","0.02102","0.00797","93.29758"
"148.40000","4.94676","3,598.52417","0.02104","0.00787","93.33821"
"148.50000","4.95012","3,600.15479","0.02106","0.00757","93.38051"
"148.60000","4.95334","3,600.98486","0.02108","0.00759","93.40204"
"148.70000","4.95677","3,602.45117","0.02110","0.00758","93.44007"
"148.80000","4.96021","3,603.82788","0.02111","0.00739","93.47578"
"148.90000","4.96343","3,605.74170","0.02114","0.00741","93.52542"
"149.00000","4.96664","3,605.49585","0.02115","0.00740","93.51904"
"149.10000","4.97008","3,606.97095","0.02118","0.00741","93.55730"
"149.20000","4.97337","3,608.76318","0.02118","0.00737","93.60379"
"149.30000","4.97666","3,607.10767","0.02121","0.00741","93.56085"
"149.34400","4.97830","3,263.68091","0.02123","0.00754","84.65308"
"149.34800","4.97845","2,925.77856","0.02123","0.00754","75.88860"
"149.35200","4.97867","2,538.04541","0.02123","0.00754","65.83160"
"149.35600","4.97882","2,137.56226","0.02123","0.00754","55.44391"
