Modulus (Segment 0.001 mm/mm - 0.008 mm/mm) : Modulus (Segment 0.001 mm/mm - 0.008 mm/mm),"105,272.16",MPa,,,
Poisson's ratio (Least squares fit) : Poisson's ratio (Least squares fit),0.31219,,,,
Specimen properties : Gauge length,15.13,mm,,,
Specimen properties : Gauge length transverse,4.935,mm,,,
Specimen properties : Thickness,1.27,mm,,,
Specimen properties : Width,15.12,mm,,,
,,,,,
Time,Extension,Load,Video axial strain,Video transverse strain,Calculated Stress
(s),(mm),(N),(mm/mm),(mm/mm),(MPa)
0,0.01323,31.7533,-0.00001,-0.00002,1.65361
0.1,0.01413,33.19777,0.00001,-0.00003,1.72883
0.2,0.01831,63.15814,-0.00004,-0.00005,3.28908
0.3,0.02294,113.58918,0.00011,-0.0001,5.91536
0.4,0.02646,146.76758,0.00008,0.00002,7.64319
0.5,0.02997,182.43684,0.00019,-0.00019,9.50073
0.6,0.03333,215.0228,0.00018,-0.00037,11.19770
0.7,0.03662,246.10399,0.00023,-0.00037,12.81631
0.8,0.03998,279.10831,0.00018,-0.00018,14.53507
0.9,0.04335,309.82907,0.00016,-0.00015,16.13491
1,0.04649,341.72189,0.00022,-0.00019,17.79579
1.1,0.04992,372.65604,0.00034,-0.00022,19.40674
1.2,0.05336,406.01996,0.00034,-0.00019,21.14423
1.3,0.05658,436.56326,0.00027,-0.00018,22.73483
1.4,0.06001,468.82446,0.00029,-0.00016,24.41489
1.5,0.06338,501.7114,0.00029,-0.00008,26.12754
1.6,0.06652,531.8866,0.00042,-0.00008,27.69897
1.7,0.06995,562.59351,0.00047,-0.00007,29.29808
1.8,0.07317,591.82733,0.00047,-0.00005,30.82049
1.9,0.07661,623.71979,0.00052,0.00001,32.48135
2,0.07989,654.57733,0.00053,0.00003,34.08831
2.1,0.08326,687.11237,0.00047,0.00003,35.78263
2.2,0.08677,719.28284,0.00057,0.00015,37.45797
2.3,0.08983,747.71124,0.00057,0.00022,38.93843
2.4,0.09327,779.24829,0.00063,0.00019,40.58078
2.5,0.09671,810.63208,0.00063,0.00023,42.21515
2.6,0.09985,839.71844,0.00058,0.00017,43.72987
2.7,0.10336,869.73419,0.00063,0.00017,45.29300
2.8,0.10672,901.99103,0.00066,0.00025,46.97283
2.9,0.10994,933.04773,0.00075,0.00024,48.59016
3,0.1133,961.97052,0.00071,0.00019,50.09637
3.1,0.11659,992.35413,0.00054,0.00021,51.67865
3.2,0.11995,"1,023.23",0.00059,0.00018,53.28632
3.3,0.12324,"1,053.01",0.00063,0.00019,54.83735
3.4,0.1266,"1,083.86",0.0006,0.00016,56.44392
3.5,0.13012,"1,115.77",0.00062,0.00018,58.10553
3.6,0.13318,"1,142.71",0.00068,-0.00008,59.50889
3.7,0.13662,"1,172.46",0.00073,-0.0002,61.05816
3.8,0.14006,"1,202.64",0.00074,0.0001,62.62965
3.9,0.14312,"1,230.75",0.0007,-0.00002,64.09372
4,0.14663,"1,260.44",0.00077,0.00001,65.63963
4.1,0.15007,"1,291.55",0.00079,0.00003,67.25986
4.2,0.15329,"1,321.62",0.00085,-0.00004,68.82585
4.3,0.15672,"1,351.99",0.00086,-0.00002,70.40749
4.4,0.16001,"1,380.86",0.00087,0.00001,71.91089
4.5,0.1633,"1,409.56",0.00087,-0.00002,73.40526
4.6,0.16651,"1,437.80",0.00089,0.00001,74.87616
4.7,0.16988,"1,467.88",0.0009,-0.00001,76.44231
4.8,0.17339,"1,500.18",0.00095,0.0001,78.12461
4.9,0.17653,"1,526.68",0.00095,0.00009,79.50441
5,0.18004,"1,557.95",0.00096,0.00016,81.13315
5.1,0.1834,"1,589.44",0.00099,0.00013,82.77293
5.2,0.18647,"1,616.24",0.00102,0.00022,84.16869
5.3,0.18998,"1,647.14",0.00102,0.00022,85.77782
5.4,0.19334,"1,676.97",0.00108,0.00033,87.33129
5.5,0.19656,"1,706.65",0.00107,0.00044,88.87698
5.6,0.2,"1,736.72",0.00109,0.00042,90.44286
5.7,0.20336,"1,766.28",0.00109,0.0004,91.98235
5.8,0.20665,"1,795.11",0.00113,0.00044,93.48358
5.9,0.20986,"1,822.31",0.00117,0.00039,94.90022
6,0.21322,"1,852.08",0.0012,0.00046,96.45063
6.1,0.21666,"1,883.48",0.0012,0.00044,98.08590
6.2,0.2198,"1,910.41",0.00121,0.00031,99.48817
6.3,0.22339,"1,943.37",0.00122,0.00044,101.20469
6.4,0.22668,"1,973.31",0.00102,0.00037,102.76352
6.5,0.22989,"2,000.00",0.00107,0.00031,104.15354
6.6,0.23333,"2,030.25",0.00109,0.00019,105.72913
6.7,0.23662,"2,058.48",0.00112,0.00005,107.19906
6.8,0.23983,"2,087.48",0.0011,-0.00008,108.70927
6.9,0.24327,"2,117.48",0.00112,0.00028,110.27144
7,0.24671,"2,147.37",0.00113,0.00015,111.82832
7.1,0.24999,"2,177.32",0.00111,0.00022,113.38785
7.2,0.25328,"2,205.07",0.00125,0.00018,114.83289
7.3,0.25672,"2,235.65",0.00126,0.00025,116.42577
7.4,0.25993,"2,266.51",0.00127,0.00013,118.03281
7.5,0.26315,"2,292.78",0.00129,0.00016,119.40086
7.6,0.26666,"2,323.72",0.00129,0.00013,121.01179
7.7,0.27002,"2,354.05",0.00126,0.0002,122.59138
7.8,0.27316,"2,381.55",0.00134,0.00023,124.02365
7.9,0.27668,"2,412.13",0.00135,0.00023,125.61582
8,0.28004,"2,441.02",0.00133,0.00037,127.12037
8.1,0.28318,"2,469.04",0.00137,0.00031,128.57999
8.2,0.28662,"2,497.91",0.00141,0.00039,130.08315
8.3,0.28998,"2,528.52",0.00145,0.00043,131.67754
8.4,0.29319,"2,558.17",0.00146,0.00049,133.22145
8.5,0.29663,"2,586.75",0.00147,0.00053,134.70970
8.6,0.30007,"2,616.90",0.00148,0.00057,136.27983
8.7,0.30328,"2,645.07",0.00147,0.00057,137.74661
8.8,0.30657,"2,672.93",0.00145,0.00062,139.19775
8.9,0.30993,"2,703.44",0.00148,0.00059,140.78658
9,0.3133,"2,733.33",0.0015,0.00063,142.34329
9.1,0.31659,"2,761.94",0.00152,0.0006,143.83287
9.2,0.32002,"2,793.14",0.00156,0.00054,145.45784
9.3,0.32339,"2,821.98",0.00155,0.00059,146.95955
9.4,0.32653,"2,848.77",0.00167,0.00056,148.35495
9.5,0.32996,"2,878.47",0.00166,0.00047,149.90134
9.6,0.33333,"2,908.03",0.00163,0.00048,151.44090
9.7,0.33647,"2,936.77",0.00137,0.00023,152.93788
9.8,0.3399,"2,965.80",0.0013,0.00025,154.44960
9.9,0.34334,"2,996.34",0.00136,0.00043,156.04008
10,0.34663,"3,024.76",0.00149,0.00034,157.52014
10.1,0.34992,"3,052.06",0.00147,0.00026,158.94150
10.2,0.35328,"3,082.44",0.00149,0.00037,160.52351
10.3,0.35657,"3,110.18",0.00145,0.00037,161.96812
10.4,0.35986,"3,138.28",0.00148,0.00038,163.43188
10.5,0.36322,"3,169.69",0.00146,0.00042,165.06726
10.6,0.36666,"3,198.79",0.00137,0.00038,166.58286
10.7,0.36987,"3,225.58",0.00149,0.00029,167.97815
10.8,0.37324,"3,254.94",0.00158,0.00041,169.50682
10.9,0.37675,"3,284.31",0.00163,0.00029,171.03670
11,0.37981,"3,311.91",0.00149,0.00041,172.47366
11.1,0.38325,"3,340.43",0.00147,0.00048,173.95914
11.2,0.38669,"3,370.10",0.00146,0.00052,175.50421
11.3,0.3899,"3,398.05",0.0016,0.00051,176.95978
11.4,0.39334,"3,426.34",0.00161,0.00052,178.43307
11.5,0.3967,"3,457.06",0.00172,0.00065,180.03249
11.6,0.39992,"3,484.57",0.00172,0.00067,181.46558
11.7,0.40328,"3,512.38",0.00176,0.00075,182.91382
11.8,0.40657,"3,542.97",0.0016,0.00078,184.50668
11.9,0.41001,"3,573.66",0.00164,0.00078,186.10469
12,0.41322,"3,601.55",0.00176,0.00077,187.55724
12.1,0.41658,"3,628.90",0.00184,0.00069,188.98181
12.2,0.4201,"3,659.43",0.00177,0.00074,190.57137
12.3,0.42316,"3,687.08",0.00179,0.00075,192.01151
12.4,0.4266,"3,715.04",0.0017,0.00066,193.46768
12.5,0.42996,"3,744.10",0.00192,0.00066,194.98067
12.6,0.43317,"3,772.32",0.00184,0.00068,196.45026
12.7,0.43661,"3,801.54",0.00179,0.00056,197.97208
12.8,0.43998,"3,831.30",0.00191,0.00055,199.52170
12.9,0.44326,"3,859.94",0.00174,0.00026,201.01329
13,0.44663,"3,887.19",0.00157,0.00027,202.43236
13.1,0.44984,"3,915.89",0.00161,0.00041,203.92737
13.2,0.4532,"3,945.46",0.00171,0.00045,205.46700
13.3,0.45649,"3,973.08",0.00165,0.00049,206.90553
13.4,0.45993,"4,002.68",0.00174,0.00047,208.44678
13.5,0.46344,"4,033.62",0.0017,0.00053,210.05836
13.6,0.46658,"4,060.64",0.00177,0.00053,211.46512
13.7,0.47002,"4,089.55",0.00174,0.00049,212.97095
13.8,0.47338,"4,118.95",0.0018,0.00049,214.50208
13.9,0.47645,"4,145.35",0.00183,0.00051,215.87692
14,0.47996,"4,176.02",0.00186,0.00053,217.47388
14.1,0.48332,"4,205.35",0.00189,0.00061,219.00102
14.2,0.48661,"4,234.02",0.00191,0.00061,220.49414
14.3,0.48998,"4,261.54",0.0019,0.00055,221.92770
14.4,0.49334,"4,290.50",0.00194,0.00066,223.43556
14.5,0.49663,"4,319.44",0.00199,0.00072,224.94266
14.6,0.49984,"4,346.42",0.00191,0.00073,226.34775
14.7,0.5032,"4,376.32",0.0019,0.0008,227.90504
14.8,0.50664,"4,406.18",0.00186,0.00086,229.45969
14.9,0.50978,"4,433.54",0.00193,0.00087,230.88470
15,0.51337,"4,464.72",0.00199,0.00088,232.50853
15.1,0.51673,"4,493.17",0.00201,0.00081,233.99004
15.2,0.5198,"4,519.27",0.00197,0.00086,235.34904
15.3,0.52331,"4,549.03",0.00199,0.0009,236.89882
15.4,0.52667,"4,578.19",0.00204,0.00082,238.41739
15.5,0.52988,"4,606.95",0.00211,0.00079,239.91521
15.6,0.53332,"4,635.99",0.00212,0.00079,241.42764
15.7,0.53669,"4,665.33",0.00219,0.00078,242.95560
15.8,0.53997,"4,694.41",0.00219,0.00075,244.47020
15.9,0.54326,"4,722.34",0.00218,0.00073,245.92436
16,0.54663,"4,751.20",0.00221,0.00059,247.42723
16.1,0.54999,"4,779.69",0.00228,0.00058,248.91110
16.2,0.55313,"4,806.66",0.00218,0.00053,250.31561
16.3,0.55672,"4,837.53",0.00208,0.00062,251.92337
16.4,0.56008,"4,867.73",0.00207,0.00064,253.49599
16.5,0.56314,"4,892.54",0.00207,0.00067,254.78795
16.6,0.56666,"4,922.80",0.0021,0.00067,256.36383
16.7,0.57002,"4,951.18",0.00204,0.00062,257.84167
16.8,0.57316,"4,980.17",0.0021,0.00062,259.35126
16.9,0.5766,"5,009.32",0.00216,0.00062,260.86938
17,0.58003,"5,037.67",0.00221,0.00071,262.34601
17.1,0.58332,"5,067.19",0.00217,0.00071,263.88321
17.2,0.58661,"5,094.34",0.0022,0.00073,265.29727
17.3,0.59005,"5,123.80",0.00213,0.00078,266.83102
17.4,0.59326,"5,151.44",0.00213,0.00078,268.27060
17.5,0.59648,"5,178.10",0.00227,0.00084,269.65897
17.6,0.59991,"5,208.56",0.00233,0.00082,271.24515
17.7,0.60328,"5,238.62",0.00223,0.00084,272.81061
17.8,0.60656,"5,266.35",0.0022,0.00086,274.25497
17.9,0.61,"5,295.19",0.00234,0.00088,275.75684
18,0.61337,"5,324.00",0.00241,0.00096,277.25699
18.1,0.61658,"5,352.28",0.00245,0.00097,278.72980
18.2,0.61994,"5,380.42",0.0024,0.00098,280.19507
18.3,0.62331,"5,407.66",0.0025,0.00103,281.61353
18.4,0.62652,"5,435.21",0.00253,0.00099,283.04861
18.5,0.62996,"5,464.64",0.00259,0.00097,284.58130
18.6,0.6334,"5,494.82",0.00253,0.00089,286.15265
18.7,0.63661,"5,522.77",0.00254,0.00084,287.60806
18.8,0.6399,"5,549.05",0.00264,0.00092,288.97684
18.9,0.64326,"5,578.01",0.00258,0.00088,290.48483
19,0.64655,"5,607.52",0.00262,0.00087,292.02191
19.1,0.64984,"5,635.98",0.00262,0.00073,293.50372
19.2,0.65328,"5,663.55",0.00268,0.00082,294.93945
19.3,0.65664,"5,691.95",0.00272,0.00106,296.41852
19.4,0.65993,"5,720.92",0.00275,0.00095,297.92758
19.5,0.66329,"5,750.42",0.00275,0.00071,299.46387
19.6,0.66665,"5,777.99",0.0028,0.00069,300.89923
19.7,0.66987,"5,805.38",0.00255,0.00075,302.32581
19.8,0.67323,"5,833.72",0.00261,0.00064,303.80176
19.9,0.67667,"5,864.19",0.0026,0.00061,305.38834
20,0.67996,"5,892.74",0.00261,0.0007,306.87531
20.1,0.68332,"5,919.04",0.00261,0.00077,308.24500
20.2,0.68668,"5,948.88",0.00265,0.00082,309.79871
20.3,0.68997,"5,977.91",0.00266,0.00086,311.31042
20.4,0.69318,"6,004.67",0.00272,0.00075,312.70404
20.5,0.69662,"6,034.98",0.00269,0.00086,314.28278
20.6,0.69999,"6,062.82",0.00267,0.00081,315.73236
20.7,0.70327,"6,091.28",0.0027,0.00091,317.21472
20.8,0.70664,"6,121.02",0.00275,0.0008,318.76324
20.9,0.71015,"6,149.83",0.00275,0.00081,320.26382
21,0.71314,"6,175.61",0.00276,0.0009,321.60599
21.1,0.7165,"6,202.45",0.00285,0.00102,323.00397
21.2,0.72002,"6,233.20",0.00286,0.00109,324.60526
21.3,0.72315,"6,261.41",0.00283,0.00109,326.07410
21.4,0.72667,"6,289.71",0.00292,0.00092,327.54800
21.5,0.73003,"6,319.03",0.00292,0.001,329.07516
21.6,0.73332,"6,346.64",0.00294,0.00106,330.51300
21.7,0.73661,"6,374.26",0.003,0.00094,331.95102
21.8,0.7399,"6,402.01",0.00298,0.00109,333.39612
21.9,0.74326,"6,430.34",0.00296,0.00093,334.87167
22,0.74647,"6,457.01",0.00301,0.00087,336.26050
22.1,0.74998,"6,487.13",0.00304,0.00086,337.82886
22.2,0.75342,"6,517.56",0.00306,0.00079,339.41376
22.3,0.75656,"6,543.36",0.00306,0.00089,340.75717
22.4,0.75992,"6,571.05",0.00307,0.00107,342.19949
22.5,0.76336,"6,601.00",0.00312,0.00093,343.75934
22.6,0.7665,"6,628.54",0.00312,0.0008,345.19345
22.7,0.77001,"6,657.15",0.00315,0.00073,346.68329
22.8,0.77338,"6,685.61",0.00319,0.00078,348.16516
22.9,0.77667,"6,713.87",0.00314,0.00068,349.63702
23,0.77995,"6,741.28",0.00298,0.00071,351.06464
23.1,0.78332,"6,770.56",0.00301,0.00075,352.58923
23.2,0.78668,"6,798.68",0.00299,0.00072,354.05359
23.3,0.78982,"6,824.30",0.00301,0.00083,355.38782
23.4,0.79326,"6,855.26",0.00306,0.00076,356.99994
23.5,0.79677,"6,884.95",0.00304,0.00082,358.54617
23.6,0.79983,"6,912.95",0.00309,0.00083,360.00433
23.7,0.80335,"6,941.62",0.00301,0.00079,361.49750
23.8,0.80671,"6,969.89",0.00305,0.00094,362.96973
23.9,0.80985,"6,996.43",0.00305,0.00079,364.35184
24,0.81329,"7,025.21",0.00312,0.00089,365.85086
24.1,0.81665,"7,053.65",0.00319,0.00094,367.33142
24.2,0.81994,"7,081.36",0.0032,0.00098,368.77469
24.3,0.8233,"7,110.33",0.00322,0.00107,370.28345
24.4,0.82674,"7,138.29",0.00326,0.00114,371.73941
24.5,0.83003,"7,167.90",0.00328,0.00109,373.28143
24.6,0.83317,"7,193.21",0.0033,0.00115,374.59973
24.7,0.8366,"7,223.28",0.00329,0.00109,376.16562
24.8,0.84004,"7,252.41",0.00328,0.0011,377.68256
24.9,0.84318,"7,278.03",0.00331,0.00105,379.01694
25,0.84669,"7,307.67",0.00335,0.00105,380.56000
25.1,0.85006,"7,335.54",0.00345,0.001,382.01147
25.2,0.8532,"7,361.24",0.00344,0.00098,383.34988
25.3,0.85663,"7,390.45",0.00343,0.001,384.87134
25.4,0.85992,"7,418.20",0.00345,0.001,386.31628
25.5,0.86314,"7,445.50",0.0035,0.00129,387.73776
25.6,0.86665,"7,474.76",0.0035,0.00116,389.26199
25.7,0.87001,"7,502.94",0.00349,0.00097,390.72903
25.8,0.8733,"7,532.31",0.0035,0.00083,392.25882
25.9,0.87659,"7,557.53",0.00353,0.00086,393.57230
26,0.87995,"7,585.95",0.00353,0.00094,395.05215
26.1,0.88324,"7,614.97",0.00355,0.0009,396.56369
26.2,0.88645,"7,639.77",0.00356,0.0008,397.85477
26.3,0.89004,"7,670.70",0.00343,0.00087,399.46561
26.4,0.89333,"7,698.91",0.00342,0.00091,400.93460
26.5,0.89654,"7,726.12",0.00342,0.0009,402.35165
26.6,0.90006,"7,755.95",0.00348,0.00095,403.90543
26.7,0.90334,"7,783.00",0.00349,0.00094,405.31393
26.8,0.90656,"7,809.78",0.00352,0.00103,406.70874
26.9,0.90992,"7,837.16",0.00355,0.00103,408.13449
27,0.91328,"7,865.29",0.00352,0.00105,409.59930
27.1,0.91665,"7,893.27",0.00356,0.00104,411.05649
27.2,0.91994,"7,920.46",0.00357,0.00106,412.47263
27.3,0.9233,"7,947.42",0.00363,0.00116,413.87628
27.4,0.92666,"7,976.30",0.0036,0.00116,415.38040
27.5,0.9298,"8,001.71",0.0036,0.00117,416.70367
27.6,0.93324,"8,032.33",0.00363,0.00122,418.29825
27.7,0.93668,"8,059.57",0.00364,0.00121,419.71689
27.8,0.93989,"8,084.73",0.00367,0.00121,421.02713
27.9,0.94333,"8,115.51",0.00374,0.00117,422.63004
28,0.94669,"8,143.07",0.00383,0.00121,424.06503
28.1,0.94991,"8,170.22",0.0038,0.00119,425.47888
28.2,0.95327,"8,196.14",0.00381,0.00116,426.82907
28.3,0.95663,"8,224.56",0.00386,0.00109,428.30884
28.4,0.95992,"8,253.03",0.00387,0.00115,429.79141
28.5,0.96328,"8,280.00",0.0039,0.00147,431.19626
28.6,0.96672,"8,309.69",0.00394,0.00139,432.74243
28.7,0.97001,"8,337.33",0.00396,0.0011,434.18143
28.8,0.97322,"8,363.66",0.00399,0.00098,435.55276
28.9,0.97666,"8,392.30",0.00395,0.00101,437.04413
29,0.98002,"8,421.06",0.00398,0.00099,438.54199
29.1,0.98316,"8,445.62",0.00402,0.00104,439.82108
29.2,0.9866,"8,474.74",0.00396,0.00106,441.33777
29.3,0.99004,"8,503.61",0.004,0.00095,442.84116
29.4,0.99325,"8,531.50",0.00401,0.00097,444.29358
29.5,0.99662,"8,558.30",0.00407,0.00102,445.68903
29.6,1.00005,"8,584.62",0.00384,0.00096,447.05981
29.7,1.00319,"8,613.77",0.00379,0.00104,448.57755
29.8,1.00656,"8,639.50",0.00382,0.00103,449.91766
29.9,1.01007,"8,668.17",0.00389,0.0011,451.41077
30,1.01328,"8,695.48",0.00391,0.00113,452.83276
30.1,1.01657,"8,722.00",0.00393,0.00112,454.21396
30.2,1.02001,"8,750.86",0.00395,0.00114,455.71677
30.3,1.0233,"8,778.95",0.00398,0.00115,457.17960
30.4,1.02651,"8,803.87",0.00401,0.00122,458.47733
30.5,1.02987,"8,832.56",0.00405,0.00131,459.97159
30.6,1.03331,"8,860.30",0.00406,0.00141,461.41617
30.7,1.03653,"8,888.07",0.00408,0.00138,462.86230
30.8,1.03996,"8,916.02",0.00408,0.00143,464.31787
30.9,1.0434,"8,943.13",0.00412,0.00132,465.72989
31,1.04654,"8,970.48",0.0042,0.00135,467.15424
31.1,1.0499,"8,997.41",0.00421,0.00139,468.55640
31.2,1.05334,"9,025.11",0.0042,0.00127,469.99884
31.3,1.05656,"9,052.96",0.00417,0.00126,471.44962
31.4,1.05999,"9,079.51",0.00419,0.0013,472.83188
31.5,1.06336,"9,109.14",0.00427,0.00128,474.37527
31.6,1.06664,"9,136.92",0.00431,0.00158,475.82202
31.7,1.06993,"9,162.52",0.0043,0.00143,477.15506
31.8,1.07322,"9,189.38",0.00432,0.00132,478.55353
31.9,1.07658,"9,217.76",0.00433,0.00103,480.03143
32,1.0798,"9,243.97",0.00438,0.0011,481.39673
32.1,1.08331,"9,272.67",0.00439,0.00112,482.89136
32.2,1.08675,"9,301.24",0.00439,0.00117,484.37885
32.3,1.08981,"9,325.30",0.00442,0.00119,485.63214
32.4,1.09333,"9,354.18",0.00443,0.00112,487.13580
32.5,1.09669,"9,383.54",0.00442,0.0011,488.66516
32.6,1.09983,"9,409.51",0.00445,0.00104,490.01718
32.7,1.10327,"9,436.06",0.0045,0.00113,491.39996
32.8,1.10663,"9,465.14",0.00449,0.00115,492.91467
32.9,1.10999,"9,492.21",0.00438,0.00112,494.32401
33,1.11336,"9,519.54",0.00422,0.00121,495.74741
33.1,1.11664,"9,546.29",0.00425,0.00123,497.14035
33.2,1.12001,"9,574.89",0.00423,0.00125,498.62970
33.3,1.12315,"9,600.36",0.00426,0.00127,499.95642
33.4,1.12666,"9,629.18",0.00433,0.00127,501.45709
33.5,1.13002,"9,657.34",0.00436,0.00137,502.92349
33.6,1.13316,"9,681.31",0.00439,0.00143,504.17181
33.7,1.13667,"9,710.33",0.00441,0.00152,505.68329
33.8,1.14004,"9,739.09",0.00445,0.00155,507.18091
33.9,1.1431,"9,763.94",0.00444,0.00148,508.47507
34,1.14669,"9,791.78",0.00443,0.00153,509.92480
34.1,1.14998,"9,818.83",0.00452,0.00148,511.33344
34.2,1.15319,"9,845.62",0.00456,0.00147,512.72870
34.3,1.15663,"9,873.07",0.00457,0.00148,514.15814
34.4,1.15999,"9,900.95",0.00454,0.00142,515.61017
34.5,1.16328,"9,928.77",0.00452,0.00156,517.05872
34.6,1.16649,"9,955.18",0.00463,0.00169,518.43427
34.7,1.16993,"9,983.89",0.00466,0.00174,519.92950
34.8,1.17329,"10,011.25",0.00463,0.00138,521.35406
34.9,1.17651,"10,036.77",0.00462,0.00125,522.68304
35,1.18002,"10,064.36",0.00463,0.00113,524.11969
35.1,1.18338,"10,092.85",0.00466,0.00126,525.60358
35.2,1.1866,"10,117.17",0.00468,0.00129,526.87018
35.3,1.19004,"10,145.45",0.0047,0.00134,528.34259
35.4,1.19332,"10,172.46",0.00474,0.00125,529.74951
35.5,1.19654,"10,199.27",0.00476,0.00133,531.14575
35.6,1.19998,"10,227.06",0.00481,0.00125,532.59296
35.7,1.20334,"10,254.72",0.00482,0.00128,534.03308
35.8,1.20663,"10,282.82",0.00484,0.00122,535.49652
35.9,1.20992,"10,307.28",0.00486,0.00125,536.77014
36,1.21328,"10,336.33",0.00484,0.00128,538.28333
36.1,1.21664,"10,363.73",0.00452,0.00133,539.71008
36.2,1.21986,"10,388.36",0.00458,0.00135,540.99304
36.3,1.22329,"10,415.85",0.00459,0.00137,542.42413
36.4,1.22666,"10,444.09",0.00462,0.00145,543.89520
36.5,1.22994,"10,471.28",0.00463,0.00143,545.31110
36.6,1.23338,"10,499.92",0.00463,0.00147,546.80273
36.7,1.23667,"10,525.53",0.00466,0.00153,548.13629
36.8,1.23988,"10,551.98",0.00473,0.00166,549.51379
36.9,1.24325,"10,578.94",0.00477,0.00164,550.91766
37,1.24661,"10,607.16",0.00477,0.00164,552.38696
37.1,1.2499,"10,634.46",0.00477,0.00164,553.80908
37.2,1.25326,"10,659.37",0.0048,0.00164,555.10626
37.3,1.2567,"10,687.68",0.00483,0.0016,556.58020
37.4,1.25999,"10,716.10",0.00485,0.00161,558.06042
37.5,1.2632,"10,740.06",0.00486,0.00155,559.30829
37.6,1.26664,"10,768.15",0.00487,0.00153,560.77094
37.7,1.27,"10,795.74",0.00488,0.00179,562.20776
37.8,1.27322,"10,822.43",0.00491,0.00178,563.59784
37.9,1.27666,"10,851.95",0.00492,0.0017,565.13519
38,1.28009,"10,878.20",0.00493,0.00155,566.50232
38.1,1.28323,"10,903.99",0.00496,0.00134,567.84534
38.2,1.2866,"10,930.68",0.00495,0.00141,569.23529
38.3,1.28996,"10,957.63",0.00496,0.00142,570.63873
38.4,1.29317,"10,985.43",0.005,0.00148,572.08649
38.5,1.29654,"11,010.52",0.00503,0.00145,573.39307
38.6,1.29997,"11,038.57",0.00505,0.00145,574.85382
38.7,1.30334,"11,066.63",0.00508,0.00143,576.31512
38.8,1.30655,"11,091.54",0.00507,0.00138,577.61206
38.9,1.30999,"11,120.98",0.00509,0.00137,579.14557
39,1.31328,"11,146.23",0.00515,0.0014,580.46051
39.1,1.31649,"11,171.69",0.00521,0.00144,581.78619
39.2,1.31993,"11,200.77",0.00523,0.00149,583.30029
39.3,1.32337,"11,228.39",0.00518,0.00151,584.73901
39.4,1.32658,"11,253.35",0.00488,0.00152,586.03894
39.5,1.32994,"11,280.36",0.00492,0.00157,587.44519
39.6,1.33338,"11,308.64",0.00494,0.00163,588.91791
39.7,1.33652,"11,335.35",0.00493,0.00167,590.30890
39.8,1.33996,"11,361.16",0.00505,0.0017,591.65326
39.9,1.34332,"11,389.17",0.00506,0.00175,593.11169
40,1.34661,"11,416.51",0.00507,0.00181,594.53564
40.1,1.34997,"11,442.58",0.00512,0.00186,595.89343
40.2,1.35341,"11,471.70",0.00514,0.00172,597.40979
40.3,1.3567,"11,496.63",0.00516,0.00177,598.70813
40.4,1.35984,"11,521.30",0.00515,0.00172,599.99298
40.5,1.36328,"11,549.64",0.00514,0.00168,601.46838
40.6,1.36664,"11,577.13",0.00518,0.00174,602.90033
40.7,1.36985,"11,603.38",0.00523,0.00167,604.26709
40.8,1.37329,"11,630.07",0.00525,0.00194,605.65729
40.9,1.3768,"11,659.35",0.00527,0.00186,607.18207
41,1.37987,"11,685.30",0.0053,0.00188,608.53320
41.1,1.38331,"11,712.00",0.00528,0.0017,609.92377
41.2,1.38667,"11,738.49",0.00532,0.00154,611.30310
41.3,1.38988,"11,766.23",0.00536,0.00154,612.74811
41.4,1.39332,"11,793.11",0.00539,0.00153,614.14795
41.5,1.39676,"11,820.85",0.00538,0.00155,615.59210
41.6,1.39997,"11,848.01",0.00535,0.0015,617.00690
41.7,1.40333,"11,872.89",0.00545,0.0016,618.30237
41.8,1.40662,"11,900.63",0.00541,0.00156,619.74689
41.9,1.40999,"11,927.97",0.00546,0.00158,621.17096
42,1.4132,"11,952.74",0.00545,0.00159,622.46075
42.1,1.41664,"11,978.74",0.00545,0.00158,623.81476
42.2,1.42015,"12,008.22",0.00547,0.00157,625.34998
42.3,1.42321,"12,032.53",0.00553,0.00164,626.61584
42.4,1.42665,"12,060.54",0.00551,0.00162,628.07471
42.5,1.43002,"12,087.30",0.0055,0.00168,629.46808
42.6,1.43315,"12,111.68",0.00555,0.00172,630.73804
42.7,1.43667,"12,139.67",0.00559,0.00172,632.19537
42.8,1.43996,"12,167.26",0.00538,0.00171,633.63226
42.9,1.44324,"12,194.22",0.00538,0.0018,635.03619
43,1.44661,"12,219.29",0.00545,0.00183,636.34198
43.1,1.44997,"12,246.42",0.00547,0.00193,637.75488
43.2,1.45333,"12,273.82",0.00542,0.00191,639.18140
43.3,1.45647,"12,298.42",0.00551,0.00189,640.46289
43.4,1.45991,"12,325.72",0.0055,0.00188,641.88440
43.5,1.46335,"12,351.69",0.00558,0.00186,643.23669
43.6,1.46649,"12,377.37",0.00554,0.00188,644.57385
43.7,1.47,"12,406.53",0.00559,0.0017,646.09247
43.8,1.47344,"12,433.38",0.00559,0.00199,647.49084
43.9,1.4765,"12,457.77",0.00564,0.00199,648.76129
44,1.48001,"12,485.54",0.0056,0.00203,650.20734
44.1,1.4833,"12,512.06",0.00564,0.00193,651.58832
44.2,1.48659,"12,538.69",0.00564,0.00181,652.97528
44.3,1.48995,"12,564.08",0.00565,0.0017,654.29742
44.4,1.49332,"12,591.46",0.00567,0.00168,655.72321
44.5,1.49668,"12,619.18",0.00566,0.00162,657.16681
44.6,1.49989,"12,644.11",0.00572,0.00167,658.46521
44.7,1.50326,"12,671.73",0.00571,0.00168,659.90356
44.8,1.50662,"12,698.27",0.00574,0.00171,661.28558
44.9,1.50983,"12,724.52",0.00576,0.00165,662.65277
45,1.51335,"12,751.88",0.00577,0.00163,664.07751
45.1,1.51671,"12,779.68",0.00576,0.00161,665.52539
45.2,1.51992,"12,804.53",0.00578,0.00175,666.81909
45.3,1.52329,"12,831.36",0.00584,0.00166,668.21625
45.4,1.52658,"12,858.01",0.00581,0.00176,669.60443
45.5,1.52986,"12,884.12",0.00585,0.00171,670.96417
45.6,1.53323,"12,910.81",0.00588,0.00181,672.35388
45.7,1.53667,"12,936.56",0.00587,0.00177,673.69501
45.8,1.54003,"12,964.97",0.00589,0.00184,675.17456
45.9,1.54324,"12,989.91",0.00587,0.00191,676.47314
46,1.54668,"13,017.42",0.00588,0.00186,677.90576
46.1,1.54997,"13,045.29",0.00561,0.00188,679.35730
46.2,1.55311,"13,068.35",0.00581,0.00207,680.55823
46.3,1.55669,"13,096.94",0.0057,0.00201,682.04688
46.4,1.56006,"13,124.43",0.00571,0.00202,683.47858
46.5,1.56327,"13,148.52",0.0057,0.00194,684.73334
46.6,1.56671,"13,176.47",0.00577,0.00196,686.18890
46.7,1.57007,"13,201.58",0.00586,0.00197,687.49664
46.8,1.57329,"13,228.77",0.00588,0.00195,688.91229
46.9,1.57657,"13,253.46",0.00588,0.00193,690.19800
47,1.57994,"13,280.82",0.00592,0.002,691.62286
47.1,1.5833,"13,307.81",0.00589,0.00212,693.02869
47.2,1.58659,"13,332.95",0.00585,0.00205,694.33746
47.3,1.59003,"13,361.06",0.00586,0.00193,695.80170
47.4,1.59332,"13,387.76",0.00583,0.00193,697.19196
47.5,1.59645,"13,410.27",0.00585,0.00194,698.36450
47.6,1.59997,"13,439.72",0.00586,0.00191,699.89813
47.7,1.60333,"13,466.55",0.00602,0.00173,701.29535
47.8,1.60654,"13,490.98",0.00588,0.00176,702.56750
47.9,1.60998,"13,519.36",0.00591,0.00178,704.04523
48,1.61335,"13,545.87",0.00598,0.00184,705.42596
48.1,1.61663,"13,571.45",0.00606,0.00173,706.75818
48.2,1.61992,"13,597.87",0.00603,0.00166,708.13403
48.3,1.62336,"13,624.14",0.00609,0.00177,709.50189
48.4,1.62657,"13,650.28",0.00613,0.00181,710.86328
48.5,1.62994,"13,675.67",0.00609,0.0019,712.18530
48.6,1.63337,"13,702.89",0.00608,0.00185,713.60284
48.7,1.63659,"13,730.43",0.00616,0.0018,715.03711
48.8,1.63988,"13,752.73",0.00618,0.00178,716.19855
48.9,1.64331,"13,782.31",0.00621,0.0018,717.73914
49,1.64668,"13,808.39",0.00625,0.00189,719.09711
49.1,1.64982,"13,833.03",0.00626,0.00189,720.38019
49.2,1.65325,"13,860.41",0.00624,0.00188,721.80615
49.3,1.65669,"13,886.28",0.00627,0.00193,723.15314
49.4,1.65991,"13,912.88",0.00613,0.00195,724.53882
49.5,1.66327,"13,939.26",0.00608,0.00215,725.91229
49.6,1.66671,"13,966.21",0.00599,0.00209,727.31586
49.7,1.66985,"13,991.54",0.00614,0.00208,728.63489
49.8,1.67321,"14,015.89",0.00616,0.00205,729.90308
49.9,1.67672,"14,043.89",0.00615,0.00204,731.36127
50,1.67986,"14,071.53",0.00606,0.00206,732.80066
50.1,1.6833,"14,095.90",0.00606,0.00193,734.06964
50.2,1.68666,"14,124.10",0.00612,0.00194,735.53821
50.3,1.69003,"14,150.81",0.00624,0.00198,736.92902
50.4,1.69324,"14,175.76",0.00618,0.00204,738.22876
50.5,1.6966,"14,202.55",0.00614,0.00212,739.62384
50.6,1.69997,"14,228.84",0.00615,0.00214,740.99255
50.7,1.70318,"14,253.74",0.0063,0.00197,742.28967
50.8,1.70662,"14,281.30",0.00633,0.00189,743.72479
50.9,1.71013,"14,308.82",0.00634,0.00176,745.15784
51,1.71319,"14,333.47",0.00635,0.00175,746.44177
51.1,1.71663,"14,358.84",0.00637,0.00172,747.76270
51.2,1.71999,"14,385.55",0.00635,0.00175,749.15381
51.3,1.72321,"14,412.00",0.00642,0.00173,750.53107
51.4,1.72665,"14,438.40",0.00645,0.00182,751.90625
51.5,1.73001,"14,464.72",0.00639,0.0018,753.27649
51.6,1.7333,"14,489.31",0.00645,0.00175,754.55725
51.7,1.73659,"14,514.41",0.00646,0.00183,755.86420
51.8,1.73995,"14,542.08",0.00647,0.00184,757.30536
51.9,1.74331,"14,568.62",0.00653,0.00182,758.68744
52,1.74645,"14,592.49",0.00654,0.00177,759.93036
52.1,1.74996,"14,619.44",0.00656,0.00194,761.33380
52.2,1.7534,"14,647.75",0.00654,0.00196,762.80847
52.3,1.75654,"14,672.07",0.00661,0.00193,764.07495
52.4,1.76005,"14,698.47",0.00656,0.00208,765.44983
52.5,1.76334,"14,723.62",0.00663,0.00204,766.75958
52.6,1.76656,"14,750.37",0.00664,0.00204,768.15234
52.7,1.76999,"14,776.61",0.0066,0.00204,769.51868
52.8,1.77328,"14,803.54",0.00655,0.00204,770.92139
52.9,1.77665,"14,828.32",0.00644,0.00209,772.21155
53,1.78001,"14,853.54",0.00646,0.00206,773.52545
53.1,1.7833,"14,880.51",0.00636,0.00201,774.92987
53.2,1.78673,"14,909.03",0.00635,0.00204,776.41479
53.3,1.7898,"14,930.93",0.00646,0.00203,777.55542
53.4,1.79324,"14,958.18",0.0065,0.00207,778.97473
53.5,1.79667,"14,984.95",0.00652,0.00231,780.36847
53.6,1.79981,"15,009.91",0.0065,0.00224,781.66864
53.7,1.80333,"15,036.09",0.00654,0.00236,783.03180
53.8,1.80669,"15,061.54",0.00656,0.00227,784.35724
53.9,1.8099,"15,088.11",0.00661,0.00211,785.74060
54,1.81327,"15,114.35",0.00665,0.00183,787.10754
54.1,1.81648,"15,138.87",0.00666,0.00181,788.38409
54.2,1.81984,"15,164.16",0.00663,0.00192,789.70111
54.3,1.82328,"15,190.37",0.00667,0.00184,791.06635
54.4,1.82664,"15,217.52",0.00669,0.00191,792.47986
54.5,1.83008,"15,246.47",0.00668,0.00191,793.98767
54.6,1.83322,"15,269.16",0.0067,0.0018,795.16943
54.7,1.83658,"15,294.46",0.00674,0.00187,796.48663
54.8,1.84002,"15,322.65",0.00675,0.00188,797.95483
54.9,1.84309,"15,346.38",0.00671,0.00196,799.19073
55,1.84667,"15,374.69",0.00681,0.00188,800.66504
55.1,1.85004,"15,399.36",0.0068,0.00188,801.94977
55.2,1.85325,"15,424.04",0.00686,0.0019,803.23505
55.3,1.85669,"15,451.80",0.0069,0.00194,804.68073
55.4,1.85998,"15,477.60",0.00688,0.00188,806.02411
55.5,1.86327,"15,503.95",0.00687,0.00204,807.39630
55.6,1.86655,"15,527.75",0.00691,0.00196,808.63568
55.7,1.86992,"15,554.58",0.00692,0.002,810.03314
55.8,1.87335,"15,583.02",0.0069,0.00204,811.51428
55.9,1.87657,"15,605.91",0.00692,0.00208,812.70605
56,1.88001,"15,632.26",0.00697,0.00217,814.07837
56.1,1.88329,"15,659.68",0.00695,0.00218,815.50659
56.2,1.88643,"15,682.60",0.00698,0.00222,816.69977
56.3,1.89002,"15,710.98",0.00661,0.00215,818.17792
56.4,1.89331,"15,736.91",0.00669,0.00212,819.52820
56.5,1.89652,"15,760.78",0.00667,0.00214,820.77161
56.6,1.90004,"15,789.54",0.00677,0.00227,822.26892
56.7,1.9034,"15,815.24",0.0067,0.00245,823.60754
56.8,1.90661,"15,839.97",0.00676,0.00253,824.89526
56.9,1.9099,"15,864.71",0.00684,0.00247,826.18359
57,1.91334,"15,890.92",0.00687,0.00242,827.54858
57.1,1.91663,"15,918.31",0.00684,0.00226,828.97510
57.2,1.91992,"15,941.86",0.00687,0.00213,830.20148
57.3,1.92343,"15,968.99",0.00684,0.00196,831.61432
57.4,1.92664,"15,994.35",0.00688,0.00203,832.93512
57.5,1.92986,"16,017.11",0.00689,0.00203,834.12036
57.6,1.93329,"16,046.19",0.0069,0.00203,835.63452
57.7,1.93666,"16,071.77",0.00692,0.00205,836.96674
57.8,1.93987,"16,096.17",0.00697,0.00195,838.23743
57.9,1.94331,"16,122.08",0.00703,0.00198,839.58673
58,1.94682,"16,149.46",0.00699,0.00199,841.01233
58.1,1.94996,"16,174.18",0.00704,0.00202,842.29993
58.2,1.95325,"16,198.82",0.00707,0.00204,843.58301
58.3,1.95661,"16,223.58",0.00708,0.00209,844.87238
58.4,1.95983,"16,251.07",0.00712,0.00207,846.30414
58.5,1.96319,"16,275.31",0.00712,0.00207,847.56665
58.6,1.9667,"16,302.45",0.00719,0.00208,848.97998
58.7,1.96991,"16,326.70",0.00716,0.00207,850.24286
58.8,1.9732,"16,350.98",0.00723,0.00215,851.50690
58.9,1.97664,"16,378.36",0.00725,0.0022,852.93280
59,1.98,"16,403.60",0.00719,0.00221,854.24738
59.1,1.98322,"16,427.16",0.00722,0.0023,855.47430
59.2,1.98658,"16,453.45",0.00726,0.00229,856.84357
59.3,1.99009,"16,479.87",0.00727,0.00236,858.21942
59.4,1.99323,"16,504.41",0.00727,0.00232,859.49713
59.5,1.99667,"16,530.11",0.00705,0.00236,860.83582
59.6,2.00003,"16,556.43",0.00701,0.00239,862.20618
59.7,2.00317,"16,580.89",0.00706,0.0024,863.48022
59.8,2.00654,"16,605.81",0.0071,0.00249,864.77795
59.9,2.01005,"16,632.90",0.0071,0.00253,866.18842
60,2.01326,"16,658.31",0.00708,0.00254,867.51202
60.1,2.01655,"16,681.73",0.00709,0.00254,868.73157
60.2,2.01999,"16,710.78",0.00712,0.00252,870.24438
60.3,2.02335,"16,735.16",0.00716,0.00247,871.51398
60.4,2.02649,"16,758.87",0.00717,0.00232,872.74860
60.5,2.02985,"16,784.16",0.00712,0.00205,874.06567
60.6,2.03329,"16,810.88",0.00718,0.00214,875.45709
60.7,2.03651,"16,835.54",0.00723,0.0021,876.74139
60.8,2.03994,"16,862.24",0.00726,0.00211,878.13190
60.9,2.04338,"16,888.61",0.00731,0.00213,879.50513
61,2.04652,"16,911.53",0.00732,0.0021,880.69861
61.1,2.04996,"16,937.59",0.00748,0.00217,882.05597
61.2,2.05332,"16,964.43",0.00746,0.00218,883.45349
61.3,2.05654,"16,989.73",0.00738,0.0021,884.77130
61.4,2.0599,"17,012.81",0.00746,0.00212,885.97333
61.5,2.06334,"17,039.80",0.00749,0.00214,887.37872
61.6,2.0667,"17,065.76",0.00754,0.00224,888.73035
61.7,2.06999,"17,089.77",0.00754,0.00227,889.98083
61.8,2.07328,"17,115.39",0.00759,0.00226,891.31500
61.9,2.07671,"17,140.06",0.00767,0.00223,892.60010
62,2.07985,"17,164.75",0.00753,0.00221,893.88544
62.1,2.08329,"17,190.34",0.00758,0.00226,895.21851
62.2,2.08673,"17,216.50",0.00763,0.00233,896.58063
62.3,2.08987,"17,240.12",0.0077,0.00231,897.81085
62.4,2.09338,"17,265.26",0.00774,0.00244,899.11981
62.5,2.09667,"17,291.27",0.00768,0.00241,900.47418
62.6,2.09988,"17,315.96",0.00769,0.0025,901.76013
62.7,2.10332,"17,340.33",0.00775,0.00247,903.02954
62.8,2.10661,"17,365.10",0.00773,0.00245,904.31934
62.9,2.1099,"17,391.34",0.00773,0.00248,905.68561
63,2.11319,"17,415.03",0.00776,0.00253,906.91962
63.1,2.11662,"17,440.18",0.00746,0.00264,908.22894
63.2,2.12006,"17,465.96",0.00748,0.00263,909.57159
63.3,2.12313,"17,488.99",0.00757,0.00267,910.77106
63.4,2.12664,"17,515.50",0.00756,0.00258,912.15179
63.5,2.13008,"17,541.49",0.00768,0.00252,913.50507
63.6,2.13314,"17,564.53",0.00759,0.00244,914.70502
63.7,2.13673,"17,590.82",0.00758,0.00241,916.07397
63.8,2.14009,"17,616.39",0.00763,0.00222,917.40564
63.9,2.14323,"17,641.04",0.00771,0.00226,918.68939
64,2.14667,"17,665.48",0.00777,0.00226,919.96191
64.1,2.14996,"17,690.34",0.00776,0.00222,921.25671
64.2,2.15324,"17,715.87",0.00778,0.00224,922.58618
64.3,2.15661,"17,740.09",0.00781,0.00226,923.84741
64.4,2.15997,"17,765.84",0.00785,0.0022,925.18860
64.5,2.16341,"17,791.93",0.00791,0.00228,926.54706
64.6,2.16655,"17,814.62",0.00791,0.00221,927.72876
64.7,2.16991,"17,839.99",0.00793,0.00229,929.04993
64.8,2.17335,"17,866.21",0.00793,0.00226,930.41565
64.9,2.17649,"17,888.84",0.00796,0.00237,931.59406
65,2.18,"17,914.27",0.00797,0.00228,932.91827
65.1,2.18336,"17,939.90",0.00797,0.00232,934.25281
65.2,2.18658,"17,964.16",0.00795,0.00232,935.51648
65.3,2.19002,"17,989.42",0.00798,0.00235,936.83173
65.4,2.1933,"18,012.94",0.00799,0.00246,938.05658
65.5,2.19659,"18,038.71",0.00801,0.00247,939.39844
65.6,2.19988,"18,061.51",0.00799,0.00242,940.58594
65.7,2.20332,"18,087.97",0.00803,0.00247,941.96405
65.8,2.20668,"18,114.59",0.00804,0.00261,943.35028
65.9,2.2099,"18,135.35",0.00809,0.0025,944.43152
66,2.21341,"18,162.86",0.00809,0.00258,945.86414
66.1,2.2167,"18,187.58",0.00812,0.00256,947.15131
66.2,2.21984,"18,209.74",0.00809,0.00253,948.30554
66.3,2.22327,"18,235.37",0.00812,0.00274,949.63989
66.4,2.22664,"18,259.73",0.00815,0.00281,950.90869
66.5,2.22985,"18,284.01",0.00808,0.00274,952.17328
66.6,2.23329,"18,309.02",0.0079,0.00281,953.47559
66.7,2.23673,"18,333.88",0.00796,0.00283,954.77039
66.8,2.23994,"18,357.49",0.00801,0.00271,955.99976
66.9,2.24323,"18,381.51",0.00799,0.00255,957.25043
67,2.24667,"18,407.62",0.00799,0.00253,958.61041
67.1,2.24995,"18,432.83",0.00801,0.00258,959.92316
67.2,2.25317,"18,453.89",0.00808,0.00237,961.02008
67.3,2.25668,"18,479.75",0.00806,0.00245,962.36676
67.4,2.25997,"18,506.32",0.00807,0.00238,963.75049
67.5,2.26318,"18,528.21",0.00805,0.00233,964.89038
67.6,2.26662,"18,553.10",0.00813,0.00243,966.18628
67.7,2.26998,"18,577.06",0.0081,0.00239,967.43439
67.8,2.2732,"18,599.76",0.00813,0.00241,968.61633
67.9,2.27664,"18,626.00",0.00819,0.00239,969.98291
68,2.28007,"18,652.26",0.00821,0.00242,971.35065
68.1,2.28321,"18,674.45",0.00821,0.00246,972.50610
68.2,2.28665,"18,697.41",0.00816,0.00244,973.70197
68.3,2.29001,"18,723.16",0.00819,0.00241,975.04291
68.4,2.29323,"18,747.75",0.00827,0.00236,976.32318
68.5,2.29652,"18,770.92",0.00829,0.00244,977.52979
68.6,2.30003,"18,795.89",0.00825,0.00244,978.83026
68.7,2.30332,"18,820.30",0.00827,0.00243,980.10156
68.8,2.3066,"18,842.87",0.00827,0.0025,981.27655
68.9,2.31004,"18,869.34",0.00825,0.00255,982.65552
69,2.31333,"18,891.39",0.00825,0.00253,983.80371
69.1,2.31647,"18,913.51",0.00833,0.0025,984.95551
69.2,2.31991,"18,938.95",0.0083,0.00256,986.28021
69.3,2.32335,"18,963.58",0.00831,0.00267,987.56299
69.4,2.32648,"18,987.35",0.00828,0.00266,988.80109
69.5,2.32992,"19,011.65",0.00833,0.00264,990.06635
69.6,2.33344,"19,036.55",0.00835,0.00265,991.36328
69.7,2.3365,"19,060.38",0.00837,0.00261,992.60388
69.8,2.33994,"19,083.34",0.00842,0.00294,993.79962
69.9,2.3433,"19,107.81",0.00842,0.0029,995.07410
70,2.34659,"19,131.27",0.00843,0.00282,996.29596
70.1,2.34995,"19,154.95",0.00823,0.00272,997.52869
70.2,2.35339,"19,181.00",0.00825,0.00268,998.88538
70.3,2.35668,"19,204.46",0.00829,0.00269,1000.10730
70.4,2.35989,"19,226.41",0.00829,0.00264,1001.25055
70.5,2.36326,"19,250.57",0.00833,0.0026,1002.50836
70.6,2.36669,"19,275.72",0.00833,0.00258,1003.81830
70.7,2.36983,"19,297.84",0.00836,0.00248,1004.97009
70.8,2.37327,"19,321.94",0.00828,0.00248,1006.22522
70.9,2.37671,"19,346.65",0.00834,0.00266,1007.51221
71,2.37992,"19,369.94",0.00833,0.00249,1008.72473
71.1,2.38328,"19,393.79",0.00829,0.00245,1009.96674
71.2,2.38665,"19,417.13",0.00845,0.00248,1011.18219
71.3,2.38986,"19,439.35",0.00829,0.00245,1012.33936
71.4,2.3933,"19,463.14",0.00846,0.00249,1013.57843
71.5,2.39659,"19,488.39",0.00846,0.00249,1014.89349
71.6,2.40003,"19,512.83",0.00844,0.00251,1016.16620
71.7,2.40324,"19,534.52",0.00844,0.00235,1017.29553
71.8,2.4066,"19,558.90",0.0084,0.00241,1018.56543
71.9,2.41004,"19,584.12",0.00838,0.00257,1019.87872
72,2.4131,"19,605.58",0.00838,0.00258,1020.99615
72.1,2.41662,"19,630.31",0.00852,0.00255,1022.28424
72.2,2.42006,"19,653.47",0.00849,0.00241,1023.49054
72.3,2.42319,"19,675.87",0.00849,0.00246,1024.65686
72.4,2.42671,"19,699.73",0.00843,0.00252,1025.89954
72.5,2.43007,"19,724.05",0.00845,0.00261,1027.16577
72.6,2.43321,"19,745.42",0.00857,0.00273,1028.27881
72.7,2.43665,"19,768.80",0.00853,0.00273,1029.49634
72.8,2.43986,"19,792.20",0.00862,0.00272,1030.71484
72.9,2.4433,"19,817.32",0.00862,0.00258,1032.02307
73,2.44659,"19,838.98",0.00858,0.00275,1033.15125
73.1,2.44995,"19,862.21",0.00864,0.00282,1034.36096
73.2,2.45339,"19,888.05",0.00867,0.00299,1035.70667
73.3,2.45645,"19,908.41",0.00868,0.00299,1036.76672
73.4,2.45996,"19,932.12",0.00872,0.00291,1038.00159
73.5,2.46333,"19,955.30",0.00877,0.00284,1039.20850
73.6,2.46647,"19,976.97",0.00869,0.00276,1040.33704
73.7,2.46998,"20,001.75",0.00845,0.00276,1041.62781
73.8,2.47334,"20,025.44",0.00846,0.00276,1042.86145
73.9,2.47656,"20,047.61",0.00843,0.00257,1044.01599
74,2.47999,"20,070.39",0.00858,0.00242,1045.20215
74.1,2.48328,"20,092.42",0.00859,0.00244,1046.34961
74.2,2.48657,"20,116.82",0.00854,0.00247,1047.62024
74.3,2.48993,"20,138.38",0.00856,0.00251,1048.74292
74.4,2.4933,"20,162.42",0.0086,0.00239,1049.99475
74.5,2.49674,"20,187.19",0.00857,0.00243,1051.28455
74.6,2.49987,"20,207.58",0.00864,0.00237,1052.34656
74.7,2.50331,"20,232.35",0.00861,0.00243,1053.63635
74.8,2.50668,"20,254.49",0.00857,0.00244,1054.78931
74.9,2.50981,"20,273.72",0.00854,0.00243,1055.79089
75,2.51333,"20,299.02",0.0086,0.00244,1057.10852
75.1,2.51669,"20,322.41",0.0086,0.00246,1058.32678
75.2,2.5199,"20,344.15",0.00864,0.00251,1059.45886
75.3,2.52334,"20,365.33",0.00869,0.00247,1060.56189
75.4,2.52671,"20,389.66",0.0088,0.00252,1061.82898
75.5,2.52992,"20,412.09",0.00882,0.00251,1062.99683
75.6,2.53321,"20,433.70",0.00879,0.00251,1064.12231
75.7,2.53664,"20,457.58",0.00887,0.0025,1065.36572
75.8,2.53993,"20,480.13",0.00886,0.00256,1066.53992
75.9,2.54322,"20,500.71",0.00887,0.00264,1067.61169
76,2.54673,"20,525.56",0.00878,0.00264,1068.90613
76.1,2.55002,"20,548.45",0.0089,0.0027,1070.09790
76.2,2.55316,"20,567.08",0.00887,0.00268,1071.06836
76.3,2.55667,"20,591.46",0.00889,0.00263,1072.33813
76.4,2.55996,"20,613.96",0.00886,0.00293,1073.50940
76.5,2.56318,"20,636.21",0.00896,0.00298,1074.66833
76.6,2.56661,"20,658.00",0.00892,0.00305,1075.80322
76.7,2.57005,"20,680.99",0.009,0.00304,1077.00012
76.8,2.57327,"20,703.02",0.00902,0.00303,1078.14734
76.9,2.57655,"20,725.11",0.00903,0.003,1079.29785
77,2.57999,"20,747.07",0.00908,0.00299,1080.44128
77.1,2.58321,"20,769.28",0.00905,0.00294,1081.59814
77.2,2.58657,"20,789.70",0.00874,0.00272,1082.66162
77.3,2.59001,"20,814.89",0.00872,0.00262,1083.97327
77.4,2.5933,"20,837.48",0.00873,0.00257,1085.14966
77.5,2.59651,"20,855.91",0.00874,0.00256,1086.10950
77.6,2.60002,"20,880.68",0.00875,0.00262,1087.39954
77.7,2.60331,"20,902.10",0.00875,0.00255,1088.51501
77.8,2.60652,"20,923.75",0.00877,0.00249,1089.64270
77.9,2.60996,"20,945.82",0.0088,0.0026,1090.79187
78,2.61332,"20,967.34",0.00878,0.00255,1091.91248
78.1,2.61654,"20,989.60",0.00877,0.00259,1093.07166
78.2,2.61998,"21,011.67",0.00885,0.00253,1094.22083
78.3,2.62334,"21,034.51",0.00884,0.00257,1095.41052
78.4,2.62648,"21,055.17",0.00875,0.00257,1096.48633
78.5,2.62992,"21,074.89",0.00885,0.00259,1097.51331
78.6,2.63335,"21,099.15",0.00887,0.00264,1098.77698
78.7,2.63664,"21,121.29",0.00896,0.00266,1099.92944
78.8,2.63993,"21,140.33",0.00896,0.00267,1100.92139
78.9,2.64337,"21,163.06",0.0089,0.00268,1102.10522
79,2.64666,"21,185.25",0.00894,0.00274,1103.26050
79.1,2.64987,"21,205.50",0.00898,0.00268,1104.31519
79.2,2.65323,"21,227.36",0.00893,0.00272,1105.45337
79.3,2.65667,"21,248.57",0.00899,0.00267,1106.55811
79.4,2.65989,"21,269.70",0.00899,0.00286,1107.65820
79.5,2.66332,"21,291.36",0.00901,0.00289,1108.78662
79.6,2.66669,"21,313.15",0.00904,0.00292,1109.92126
79.7,2.6699,"21,334.58",0.00902,0.00296,1111.03699
79.8,2.67326,"21,353.79",0.00905,0.00318,1112.03748
79.9,2.67663,"21,375.21",0.00906,0.00316,1113.15320
80,2.67984,"21,397.18",0.00914,0.00325,1114.29724
80.1,2.68328,"21,417.42",0.00917,0.00321,1115.35132
80.2,2.68657,"21,439.45",0.00914,0.00315,1116.49829
80.3,2.69,"21,461.03",0.00919,0.00314,1117.62207
80.4,2.69329,"21,481.17",0.00918,0.00307,1118.67114
80.5,2.69658,"21,501.31",0.00924,0.00294,1119.71985
80.6,2.70002,"21,522.68",0.00895,0.00278,1120.83264
80.7,2.70316,"21,540.74",0.00899,0.00267,1121.77344
80.8,2.70667,"21,561.25",0.00901,0.00269,1122.84119
80.9,2.71011,"21,582.85",0.00895,0.0027,1123.96631
81,2.71317,"21,601.17",0.00901,0.0027,1124.92053
81.1,2.71669,"21,620.82",0.00904,0.00273,1125.94360
81.2,2.72005,"21,641.52",0.00905,0.0027,1127.02148
81.3,2.72326,"21,662.09",0.00904,0.00262,1128.09277
81.4,2.72663,"21,680.81",0.00905,0.00257,1129.06763
81.5,2.72999,"21,700.51",0.00917,0.00273,1130.09363
81.6,2.73335,"21,719.29",0.00927,0.00272,1131.07178
81.7,2.73657,"21,737.63",0.00925,0.00278,1132.02673
81.8,2.73993,"21,757.35",0.00923,0.00271,1133.05371
81.9,2.74337,"21,777.53",0.00921,0.00264,1134.10449
82,2.74643,"21,793.87",0.00916,0.0027,1134.95532
82.1,2.74994,"21,813.49",0.00916,0.00276,1135.97729
82.2,2.75338,"21,833.69",0.00919,0.00272,1137.02930
82.3,2.75652,"21,851.61",0.00916,0.00277,1137.96216
82.4,2.76003,"21,870.20",0.00916,0.00279,1138.93030
82.5,2.7634,"21,889.00",0.00918,0.00281,1139.90967
82.6,2.76654,"21,906.73",0.00924,0.00282,1140.83289
82.7,2.76997,"21,924.02",0.00933,0.00286,1141.73328
82.8,2.77326,"21,942.15",0.0094,0.00294,1142.67725
82.9,2.77655,"21,961.02",0.00938,0.00302,1143.66040
83,2.77984,"21,976.81",0.00933,0.00303,1144.48267
83.1,2.78335,"21,998.54",0.00935,0.00306,1145.61414
83.2,2.78679,"22,019.22",0.00945,0.00322,1146.69128
83.3,2.78985,"22,034.42",0.00953,0.0033,1147.48279
83.4,2.79329,"22,051.49",0.00955,0.00332,1148.37158
83.5,2.79673,"22,071.20",0.00954,0.00327,1149.39819
83.6,2.79979,"22,087.34",0.00952,0.00317,1150.23853
83.7,2.80338,"22,107.79",0.0095,0.00326,1151.30322
83.8,2.80674,"22,125.03",0.0096,0.00303,1152.20142
83.9,2.80996,"22,142.59",0.00966,0.00306,1153.11572
84,2.81332,"22,159.77",0.00963,0.00305,1154.01038
84.1,2.81668,"22,178.73",0.00961,0.00307,1154.99792
84.2,2.81997,"22,196.73",0.00969,0.00287,1155.93542
84.3,2.82319,"22,211.54",0.00969,0.00281,1156.70667
84.4,2.82662,"22,231.01",0.00937,0.00283,1157.72021
84.5,2.82999,"22,251.42",0.00945,0.00284,1158.78308
84.6,2.8332,"22,266.82",0.00942,0.00275,1159.58533
84.7,2.83664,"22,286.15",0.00939,0.00286,1160.59192
84.8,2.84,"22,304.68",0.00943,0.0028,1161.55701
84.9,2.84314,"22,320.31",0.00936,0.00282,1162.37073
85,2.84665,"22,340.44",0.00951,0.00276,1163.41907
85.1,2.85002,"22,358.49",0.00953,0.00283,1164.35901
85.2,2.85323,"22,375.01",0.00958,0.00283,1165.21924
85.3,2.85667,"22,392.43",0.00959,0.00283,1166.12646
85.4,2.86011,"22,411.32",0.00965,0.00281,1167.11060
85.5,2.86325,"22,428.99",0.00967,0.00292,1168.03052
85.6,2.86653,"22,444.59",0.00965,0.00288,1168.84277
85.7,2.86997,"22,464.90",0.00963,0.00294,1169.90051
85.8,2.87333,"22,484.09",0.00959,0.00292,1170.89990
85.9,2.87655,"22,498.79",0.00967,0.00286,1171.66541
86,2.88006,"22,518.99",0.0097,0.00299,1172.71753
86.1,2.88335,"22,536.18",0.00969,0.00296,1173.61243
86.2,2.88649,"22,551.21",0.00973,0.00305,1174.39539
86.3,2.89,"22,571.70",0.00974,0.00308,1175.46228
86.4,2.89329,"22,588.84",0.00974,0.00305,1176.35522
86.5,2.8965,"22,603.02",0.00975,0.0032,1177.09351
86.6,2.89994,"22,621.73",0.00979,0.00327,1178.06812
86.7,2.90338,"22,640.55",0.00982,0.0034,1179.04797
86.8,2.90659,"22,657.37",0.00982,0.00339,1179.92395
86.9,2.90996,"22,673.09",0.00979,0.00342,1180.74231
87,2.91332,"22,690.40",0.00982,0.00334,1181.64392
87.1,2.91661,"22,708.30",0.00986,0.00335,1182.57593
87.2,2.9199,"22,723.01",0.0099,0.00324,1183.34229
87.3,2.92341,"22,741.97",0.00991,0.0032,1184.32935
87.4,2.92662,"22,756.44",0.00993,0.00316,1185.08325
87.5,2.92991,"22,771.53",0.0099,0.00315,1185.86914
87.6,2.93335,"22,791.92",0.00996,0.00308,1186.93054
87.7,2.93664,"22,806.52",0.00995,0.00289,1187.69116
87.8,2.93985,"22,822.04",0.00997,0.00286,1188.49939
87.9,2.94321,"22,838.51",0.01001,0.00293,1189.35730
88,2.94665,"22,854.93",0.0098,0.00291,1190.21216
88.1,2.94987,"22,871.37",0.00984,0.00294,1191.06812
88.2,2.9533,"22,886.69",0.00988,0.00293,1191.86609
88.3,2.95667,"22,902.64",0.00989,0.00298,1192.69666
88.4,2.95988,"22,918.86",0.00989,0.00295,1193.54150
88.5,2.96324,"22,933.57",0.00986,0.00293,1194.30774
88.6,2.96661,"22,950.57",0.00991,0.00294,1195.19299
88.7,2.96997,"22,965.97",0.00991,0.00296,1195.99463
88.8,2.97326,"22,978.95",0.00991,0.00297,1196.67053
88.9,2.97662,"22,997.16",0.00992,0.00291,1197.61890
89,2.97998,"23,012.49",0.00996,0.003,1198.41736
89.1,2.98327,"23,026.35",0.00995,0.003,1199.13916
89.2,2.98656,"23,041.21",0.00998,0.00304,1199.91321
89.3,2.99,"23,057.78",0.00997,0.00307,1200.77600
89.4,2.99321,"23,072.36",0.00997,0.00304,1201.53503
89.5,2.99665,"23,088.91",0.00996,0.00308,1202.39722
89.6,3.00009,"23,104.25",0.00999,0.0031,1203.19580
89.7,3.00323,"23,118.58",0.01002,0.00318,1203.94226
89.8,3.00659,"23,134.03",0.01003,0.00344,1204.74695
89.9,3.00995,"23,149.75",0.01005,0.00341,1205.56555
90,3.01324,"23,164.24",0.01005,0.00343,1206.31995
90.1,3.01661,"23,177.67",0.01009,0.00346,1207.01929
90.2,3.01997,"23,193.87",0.01017,0.00334,1207.86304
90.3,3.02341,"23,209.99",0.01017,0.00322,1208.70276
90.4,3.02662,"23,222.82",0.01017,0.00327,1209.37061
90.5,3.02991,"23,237.75",0.01016,0.00325,1210.14832
90.6,3.03335,"23,253.20",0.0102,0.0032,1210.95276
90.7,3.03649,"23,267.27",0.01021,0.00321,1211.68530
90.8,3.03992,"23,281.60",0.01021,0.00317,1212.43188
90.9,3.04344,"23,297.94",0.01023,0.00294,1213.28259
91,3.0465,"23,310.09",0.01021,0.00304,1213.91565
91.1,3.05001,"23,324.87",0.01003,0.00295,1214.68530
91.2,3.05338,"23,340.91",0.01011,0.00309,1215.52063
91.3,3.05651,"23,354.45",0.01009,0.003,1216.22546
91.4,3.05995,"23,368.11",0.0101,0.00299,1216.93689
91.5,3.06324,"23,381.59",0.01009,0.00292,1217.63904
91.6,3.06668,"23,396.30",0.01012,0.00308,1218.40491
91.7,3.06989,"23,409.97",0.01012,0.00299,1219.11670
91.8,3.07333,"23,424.43",0.01014,0.00302,1219.86975
91.9,3.07677,"23,439.24",0.01015,0.00305,1220.64111
92,3.07983,"23,450.37",0.01018,0.00304,1221.22058
92.1,3.08327,"23,465.78",0.01016,0.00304,1222.02319
92.2,3.08671,"23,481.84",0.01017,0.00308,1222.85950
92.3,3.08985,"23,491.92",0.01018,0.0031,1223.38477
92.4,3.09336,"23,506.98",0.01018,0.00316,1224.16870
92.5,3.09672,"23,522.39",0.01018,0.00317,1224.97144
92.6,3.09994,"23,535.49",0.01023,0.00323,1225.65369
92.7,3.10322,"23,547.32",0.01024,0.00325,1226.26941
92.8,3.10659,"23,561.06",0.01026,0.00328,1226.98535
92.9,3.10995,"23,574.24",0.01025,0.00349,1227.67163
93,3.11317,"23,585.48",0.01026,0.00356,1228.25696
93.1,3.1166,"23,600.26",0.01027,0.00353,1229.02637
93.2,3.12004,"23,613.35",0.01034,0.00347,1229.70813
93.3,3.12311,"23,621.52",0.01035,0.00335,1230.13354
93.4,3.12662,"23,634.51",0.01035,0.00324,1230.80994
93.5,3.12998,"23,647.31",0.01036,0.00331,1231.47668
93.6,3.13312,"23,655.36",0.01039,0.00324,1231.89624
93.7,3.13671,"23,667.11",0.01038,0.0033,1232.50769
93.8,3.14007,"23,680.28",0.01039,0.00329,1233.19373
93.9,3.14328,"23,690.05",0.01041,0.003,1233.70251
94,3.14665,"23,699.92",0.01044,0.00302,1234.21667
94.1,3.15001,"23,710.08",0.01041,0.00301,1234.74561
94.2,3.1533,"23,720.55",0.01023,0.00302,1235.29114
94.3,3.15651,"23,728.34",0.01028,0.00307,1235.69641
94.4,3.15995,"23,740.54",0.01026,0.00301,1236.33203
94.5,3.16339,"23,749.57",0.01028,0.00305,1236.80212
94.6,3.16653,"23,755.52",0.01028,0.00303,1237.11218
94.7,3.17004,"23,766.92",0.0103,0.00307,1237.70544
94.8,3.1734,"23,775.36",0.01029,0.00302,1238.14514
94.9,3.17647,"23,781.45",0.01028,0.00307,1238.46228
95,3.17998,"23,790.68",0.0103,0.00306,1238.94312
95.1,3.18327,"23,798.41",0.01029,0.0031,1239.34546
95.2,3.18648,"23,805.08",0.01032,0.0031,1239.69312
95.3,3.19,"23,813.64",0.01032,0.00307,1240.13892
95.4,3.19336,"23,820.99",0.01033,0.00308,1240.52161
95.5,3.19665,"23,827.81",0.01034,0.00312,1240.87671
95.6,3.19986,"23,833.43",0.01033,0.00315,1241.16919
95.7,3.2033,"23,840.62",0.01034,0.00312,1241.54382
95.8,3.20659,"23,848.02",0.01034,0.00317,1241.92908
95.9,3.2098,"23,851.78",0.01034,0.00316,1242.12476
96,3.21339,"23,859.87",0.01036,0.00323,1242.54602
96.1,3.21668,"23,867.16",0.01036,0.00332,1242.92566
96.2,3.21989,"23,870.58",0.01039,0.00352,1243.10425
96.3,3.22333,"23,877.41",0.0104,0.00344,1243.45972
96.4,3.22662,"23,882.08",0.01038,0.00344,1243.70276
96.5,3.2299,"23,887.45",0.01048,0.00352,1243.98230
96.6,3.23334,"23,893.09",0.01048,0.00341,1244.27637
96.7,3.23671,"23,898.55",0.01047,0.00344,1244.56055
96.8,3.23992,"23,902.23",0.01048,0.00339,1244.75232
96.9,3.24328,"23,906.33",0.0105,0.00328,1244.96558
97,3.24665,"23,911.77",0.0105,0.00329,1245.24927
97.1,3.24993,"23,916.50",0.0105,0.00331,1245.49524
97.2,3.25322,"23,918.29",0.01048,0.00331,1245.58862
97.3,3.25666,"23,924.05",0.01051,0.00329,1245.88855
97.4,3.25995,"23,928.38",0.01053,0.0033,1246.11401
97.5,3.26324,"23,930.90",0.01054,0.00325,1246.24524
97.6,3.26667,"23,934.60",0.01053,0.00327,1246.43811
97.7,3.26996,"23,937.75",0.01054,0.00307,1246.60193
97.8,3.27325,"23,940.44",0.01055,0.00316,1246.74231
97.9,3.27661,"23,943.96",0.01049,0.00301,1246.92517
98,3.27998,"23,946.71",0.01053,0.00304,1247.06836
98.1,3.28327,"23,948.87",0.01052,0.00311,1247.18127
98.2,3.28663,"23,949.21",0.01034,0.00317,1247.19885
98.3,3.29007,"23,953.91",0.01029,0.00319,1247.44373
98.4,3.29328,"23,955.68",0.01034,0.0032,1247.53577
98.5,3.29657,"23,954.93",0.01031,0.00311,1247.49670
98.6,3.30001,"23,958.31",0.01038,0.00309,1247.67285
98.7,3.3033,"23,960.35",0.01035,0.00307,1247.77881
98.8,3.30658,"23,960.63",0.01031,0.00305,1247.79370
98.9,3.31002,"23,964.66",0.01029,0.00308,1248.00354
99,3.31346,"23,966.71",0.01035,0.00308,1248.11023
99.1,3.3166,"23,966.79",0.01039,0.00303,1248.11401
99.2,3.31996,"23,968.71",0.01035,0.00308,1248.21448
99.3,3.32333,"23,971.31",0.01034,0.0031,1248.34973
99.4,3.32654,"23,972.53",0.01035,0.00311,1248.41333
99.5,3.3299,"23,973.96",0.01037,0.00315,1248.48767
99.6,3.33334,"23,978.04",0.01035,0.00306,1248.69995
99.7,3.33655,"23,980.40",0.01039,0.00312,1248.82324
99.8,3.33992,"23,980.94",0.01039,0.00305,1248.85132
99.9,3.34328,"23,983.75",0.01041,0.0031,1248.99756
100,3.34657,"23,985.88",0.0104,0.00316,1249.10815
100.1,3.34993,"23,987.12",0.01035,0.00306,1249.17297
100.2,3.35329,"23,990.06",0.01041,0.00312,1249.32617
100.3,3.35673,"23,992.87",0.0104,0.00312,1249.47229
100.4,3.35987,"23,991.27",0.01033,0.00309,1249.38892
100.5,3.36323,"23,994.77",0.01032,0.00313,1249.57141
100.6,3.36667,"23,997.44",0.01038,0.00319,1249.71021
100.7,3.36981,"23,997.90",0.01042,0.00312,1249.73425
100.8,3.37332,"24,000.84",0.01038,0.00319,1249.88733
100.9,3.37676,"24,002.21",0.01034,0.00319,1249.95898
101,3.3799,"24,004.90",0.01033,0.00316,1250.09912
101.1,3.38334,"24,007.69",0.01035,0.00327,1250.24426
101.2,3.3867,"24,009.65",0.01043,0.00339,1250.34631
101.3,3.38992,"24,011.28",0.01032,0.00336,1250.43127
101.4,3.3932,"24,013.65",0.01034,0.0035,1250.55469
101.5,3.39657,"24,016.73",0.01035,0.00357,1250.71484
101.6,3.40001,"24,020.61",0.01036,0.00353,1250.91699
101.7,3.40322,"24,019.57",0.01039,0.00348,1250.86279
101.8,3.40658,"24,022.53",0.0104,0.00354,1251.01685
101.9,3.41009,"24,026.54",0.01045,0.00349,1251.22607
102,3.41308,"24,024.92",0.01044,0.00337,1251.14160
102.1,3.4166,"24,027.85",0.0105,0.00335,1251.29419
102.2,3.42004,"24,030.08",0.01056,0.00341,1251.41028
102.3,3.42317,"24,029.64",0.01055,0.00333,1251.38721
102.4,3.42669,"24,032.22",0.01052,0.00332,1251.52161
102.5,3.43005,"24,033.03",0.01047,0.00329,1251.56360
102.6,3.43334,"24,032.36",0.01047,0.00329,1251.52893
102.7,3.43663,"24,031.90",0.01044,0.00333,1251.50500
102.8,3.43999,"24,033.12",0.0105,0.00332,1251.56836
102.9,3.44335,"24,034.80",0.01047,0.00332,1251.65601
103,3.44649,"24,032.56",0.0105,0.00331,1251.53943
103.1,3.44993,"24,032.97",0.01047,0.00323,1251.56091
103.2,3.45337,"24,034.06",0.01058,0.00331,1251.61755
103.3,3.45651,"24,030.95",0.01049,0.0033,1251.45557
103.4,3.46002,"24,033.01",0.01056,0.0033,1251.56274
103.5,3.46338,"24,032.34",0.01054,0.00329,1251.52771
103.6,3.46645,"24,031.25",0.0105,0.0033,1251.47131
103.7,3.47003,"24,033.72",0.01056,0.00326,1251.59985
103.8,3.47332,"24,034.57",0.01056,0.00327,1251.64417
103.9,3.47661,"24,034.85",0.01055,0.00315,1251.65857
104,3.47997,"24,035.21",0.01054,0.00314,1251.67761
104.1,3.48326,"24,037.23",0.01055,0.00316,1251.78271
104.2,3.48663,"24,039.68",0.01057,0.00308,1251.91040
104.3,3.48984,"24,039.54",0.01057,0.00326,1251.90283
104.4,3.49335,"24,042.71",0.01055,0.00323,1252.06812
104.5,3.49671,"24,044.61",0.0105,0.0033,1252.16699
104.6,3.49985,"24,044.04",0.01032,0.00326,1252.13733
104.7,3.50337,"24,049.19",0.0103,0.00324,1252.40564
104.8,3.50673,"24,051.58",0.01029,0.00314,1252.53003
104.9,3.50979,"24,049.55",0.01024,0.00305,1252.42432
105,3.51338,"24,053.30",0.01021,0.00309,1252.61963
105.1,3.51667,"24,054.86",0.01029,0.00309,1252.70068
105.2,3.51988,"24,055.80",0.01033,0.00308,1252.74976
105.3,3.52332,"24,058.27",0.01031,0.00305,1252.87830
105.4,3.52668,"24,059.41",0.01018,0.00311,1252.93750
105.5,3.52997,"24,061.56",0.01035,0.00312,1253.04956
105.6,3.53326,"24,061.48",0.01035,0.00312,1253.04553
105.7,3.53662,"24,063.53",0.01035,0.00307,1253.15210
105.8,3.53991,"24,064.20",0.01031,0.0031,1253.18701
105.9,3.5432,"24,064.52",0.01034,0.00309,1253.20349
106,3.54664,"24,067.38",0.01035,0.00312,1253.35291
106.1,3.55,"24,067.44",0.01038,0.00311,1253.35559
106.2,3.55322,"24,065.98",0.01034,0.00308,1253.28003
106.3,3.55665,"24,066.48",0.01037,0.00309,1253.30579
106.4,3.55994,"24,065.98",0.01035,0.00317,1253.27991
106.5,3.56316,"24,065.49",0.01033,0.00307,1253.25439
106.6,3.56659,"24,065.25",0.01034,0.00312,1253.24194
106.7,3.57003,"24,065.05",0.01033,0.00312,1253.23157
106.8,3.57325,"24,065.09",0.01035,0.00313,1253.23340
106.9,3.57661,"24,063.79",0.01036,0.00308,1253.16565
107,3.58005,"24,065.35",0.01032,0.00309,1253.24707
107.1,3.58326,"24,064.59",0.01034,0.00312,1253.20752
107.2,3.58647,"24,062.87",0.01032,0.00312,1253.11804
107.3,3.58999,"24,064.93",0.01034,0.00312,1253.22510
107.4,3.59335,"24,065.37",0.01037,0.00313,1253.24805
107.5,3.59656,"24,063.84",0.01039,0.00306,1253.16833
107.6,3.6,"24,064.97",0.01034,0.00312,1253.22729
107.7,3.60336,"24,066.22",0.01039,0.00308,1253.29211
107.8,3.60658,"24,066.26",0.01045,0.00313,1253.29431
107.9,3.60994,"24,066.84",0.01041,0.00311,1253.32471
108,3.6133,"24,068.43",0.01041,0.00309,1253.40747
108.1,3.61659,"24,069.88",0.01039,0.00315,1253.48303
108.2,3.61996,"24,070.71",0.01033,0.00306,1253.52637
108.3,3.62339,"24,073.87",0.01042,0.00302,1253.69080
108.4,3.62661,"24,074.82",0.01036,0.00308,1253.74036
108.5,3.62982,"24,073.94",0.01035,0.00303,1253.69446
108.6,3.63326,"24,077.79",0.01028,0.00307,1253.89465
108.7,3.63662,"24,080.08",0.01036,0.00319,1254.01416
108.8,3.63991,"24,080.13",0.01039,0.00318,1254.01697
108.9,3.64327,"24,080.63",0.01039,0.00304,1254.04272
109,3.64671,"24,081.68",0.01037,0.00319,1254.09753
109.1,3.64993,"24,081.48",0.01033,0.00315,1254.08679
109.2,3.65329,"24,081.98",0.01043,0.00328,1254.11292
109.3,3.65665,"24,083.31",0.01036,0.00329,1254.18237
109.4,3.65987,"24,083.71",0.0104,0.00321,1254.20337
109.5,3.6633,"24,084.53",0.01042,0.00321,1254.24573
109.6,3.66682,"24,088.08",0.0104,0.00323,1254.43066
109.7,3.66996,"24,088.48",0.0104,0.0032,1254.45166
109.8,3.67324,"24,087.60",0.01042,0.0033,1254.40552
109.9,3.67668,"24,091.63",0.01045,0.00357,1254.61572
110,3.67997,"24,093.85",0.01039,0.0035,1254.73120
110.1,3.68318,"24,093.18",0.01042,0.00347,1254.69653
110.2,3.68662,"24,095.72",0.01037,0.00339,1254.82874
110.3,3.68998,"24,096.42",0.01041,0.00351,1254.86487
110.4,3.69327,"24,097.09",0.01047,0.00332,1254.89966
110.5,3.69664,"24,097.98",0.01048,0.0035,1254.94617
110.6,3.70007,"24,099.90",0.01039,0.00335,1255.04626
110.7,3.70314,"24,096.85",0.01042,0.00333,1254.88757
110.8,3.70658,"24,097.61",0.01038,0.00338,1254.92676
110.9,3.71009,"24,099.75",0.01052,0.00331,1255.03833
111,3.71323,"24,098.17",0.01055,0.00338,1254.95630
111.1,3.71667,"24,098.06",0.01047,0.00336,1254.95068
111.2,3.72003,"24,097.64",0.01044,0.00339,1254.92859
111.3,3.72332,"24,097.52",0.01035,0.00335,1254.92212
111.4,3.72661,"24,096.28",0.01047,0.00334,1254.85767
111.5,3.72997,"24,095.89",0.01048,0.00336,1254.83740
111.6,3.73333,"24,095.25",0.01047,0.00328,1254.80408
111.7,3.73655,"24,093.63",0.01041,0.0033,1254.71973
111.8,3.73998,"24,094.39",0.01038,0.00336,1254.75940
111.9,3.7435,"24,095.37",0.01052,0.00334,1254.81018
112,3.74649,"24,092.38",0.01055,0.00326,1254.65479
112.1,3.75,"24,091.96",0.01054,0.00331,1254.63281
112.2,3.75336,"24,094.68",0.01054,0.00328,1254.77441
112.3,3.7565,"24,093.33",0.01051,0.00334,1254.70422
112.4,3.76001,"24,095.15",0.01051,0.0033,1254.79895
112.5,3.76338,"24,095.64",0.01048,0.00327,1254.82446
112.6,3.76666,"24,098.05",0.0105,0.00317,1254.95007
112.7,3.76995,"24,098.74",0.01045,0.00313,1254.98608
112.8,3.77324,"24,100.06",0.01044,0.00308,1255.05457
112.9,3.7766,"24,101.11",0.01047,0.00305,1255.10901
113,3.77982,"24,101.30",0.0104,0.00298,1255.11926
113.1,3.78333,"24,105.09",0.01045,0.00321,1255.31677
113.2,3.78677,"24,108.05",0.01049,0.00319,1255.47070
113.3,3.78983,"24,107.27",0.01044,0.00325,1255.43018
113.4,3.79335,"24,110.91",0.0104,0.00302,1255.61951
113.5,3.79671,"24,112.41",0.0104,0.00297,1255.69788
113.6,3.79985,"24,111.96",0.0104,0.00302,1255.67419
113.7,3.80336,"24,115.63",0.01046,0.00313,1255.86536
113.8,3.80665,"24,116.65",0.01046,0.00315,1255.91833
113.9,3.80994,"24,117.51",0.01036,0.00314,1255.96326
114,3.8133,"24,118.84",0.01045,0.00332,1256.03271
114.1,3.81666,"24,119.98",0.01013,0.00324,1256.09204
114.2,3.81995,"24,120.69",0.01032,0.00317,1256.12878
114.3,3.82317,"24,118.80",0.01032,0.00325,1256.03027
114.4,3.8266,"24,119.88",0.01027,0.00318,1256.08667
114.5,3.82997,"24,119.26",0.01033,0.00291,1256.05420
114.6,3.83318,"24,115.46",0.01019,0.00291,1255.85645
114.7,3.83669,"24,115.13",0.01022,0.00307,1255.83923
114.8,3.84006,"24,112.67",0.0103,0.003,1255.71143
114.9,3.8432,"24,109.68",0.01028,0.00308,1255.55579
115,3.84663,"24,109.29",0.01033,0.00299,1255.53540
115.1,3.84992,"24,107.19",0.01021,0.0031,1255.42566
115.2,3.85321,"24,105.80",0.0102,0.00299,1255.35339
115.3,3.85657,"24,104.24",0.01016,0.0029,1255.27222
115.4,3.86001,"24,103.37",0.01018,0.00288,1255.22681
115.5,3.8633,"24,102.77",0.01012,0.00286,1255.19543
115.6,3.86651,"24,100.98",0.01032,0.00307,1255.10242
115.7,3.86995,"24,102.56",0.01007,0.00308,1255.18457
115.8,3.87331,"24,103.89",0.01014,0.0031,1255.25391
115.9,3.87653,"24,103.80",0.0101,0.00312,1255.24951
116,3.88004,"24,107.38",0.01011,0.00307,1255.43579
116.1,3.8834,"24,108.47",0.01022,0.0031,1255.49243
116.2,3.88662,"24,108.83",0.01031,0.0031,1255.51135
116.3,3.88998,"24,112.59",0.01033,0.00311,1255.70728
116.4,3.89334,"24,114.74",0.01032,0.00317,1255.81934
116.5,3.89656,"24,115.68",0.01027,0.00289,1255.86816
116.6,3.89992,"24,117.62",0.01022,0.00296,1255.96924
116.7,3.90336,"24,120.60",0.01015,0.00298,1256.12427
116.8,3.90665,"24,123.20",0.01032,0.00312,1256.25940
116.9,3.90994,"24,122.55",0.01028,0.00313,1256.22607
117,3.91337,"24,125.03",0.01035,0.00316,1256.35498
117.1,3.91666,"24,127.12",0.0101,0.00305,1256.46362
117.2,3.9198,"24,125.68",0.01034,0.00309,1256.38892
117.3,3.92331,"24,128.02",0.01004,0.00302,1256.51038
117.4,3.92668,"24,127.83",0.01034,0.00307,1256.50085
117.5,3.92989,"24,126.78",0.0102,0.00305,1256.44604
117.6,3.93333,"24,129.87",0.01031,0.00312,1256.60706
117.7,3.93677,"24,129.70",0.01033,0.00311,1256.59790
117.8,3.9399,"24,128.75",0.01027,0.00301,1256.54846
117.9,3.94319,"24,127.33",0.01024,0.00302,1256.47485
118,3.94663,"24,127.19",0.0103,0.0031,1256.46765
118.1,3.94992,"24,126.53",0.01016,0.00303,1256.43286
118.2,3.95328,"24,124.07",0.01028,0.00309,1256.30493
118.3,3.95672,"24,124.98",0.01024,0.0031,1256.35229
118.4,3.95993,"24,123.54",0.0104,0.0031,1256.27759
118.5,3.96322,"24,122.76",0.01037,0.00298,1256.23645
118.6,3.96666,"24,123.40",0.01038,0.0031,1256.27026
118.7,3.97002,"24,122.94",0.01036,0.00296,1256.24609
118.8,3.97324,"24,120.45",0.01039,0.0031,1256.11658
118.9,3.97668,"24,121.38",0.01038,0.00306,1256.16492
119,3.98011,"24,122.01",0.01032,0.00298,1256.19763
119.1,3.98325,"24,120.97",0.01033,0.00294,1256.14331
119.2,3.98654,"24,122.05",0.01023,0.00301,1256.19983
119.3,3.98998,"24,122.90",0.01035,0.00317,1256.24402
119.4,3.99312,"24,122.24",0.01015,0.00314,1256.20972
119.5,3.99656,"24,124.15",0.01041,0.00314,1256.30908
119.6,4.00007,"24,126.97",0.01039,0.00311,1256.45593
119.7,4.00321,"24,125.23",0.01041,0.00307,1256.36523
119.8,4.00664,"24,126.47",0.01033,0.00308,1256.43005
119.9,4.01001,"24,128.20",0.01038,0.00308,1256.52002
120,4.0133,"24,128.83",0.01041,0.00311,1256.55286
120.1,4.01651,"24,128.17",0.01043,0.00295,1256.51843
120.2,4.01995,"24,130.79",0.0104,0.00301,1256.65503
120.3,4.02339,"24,133.26",0.01031,0.00302,1256.78333
120.4,4.02652,"24,132.48",0.01039,0.00301,1256.74268
120.5,4.02996,"24,135.85",0.01024,0.00302,1256.91846
120.6,4.0334,"24,136.99",0.01043,0.00322,1256.97791
120.7,4.03646,"24,137.05",0.01025,0.0031,1256.98071
120.8,4.03998,"24,138.35",0.01024,0.00317,1257.04834
120.9,4.04342,"24,141.04",0.01027,0.0032,1257.18848
121,4.04648,"24,141.03",0.01033,0.00324,1257.18811
121.1,4.05007,"24,142.18",0.01035,0.00327,1257.24817
121.2,4.05336,"24,144.74",0.01038,0.00324,1257.38123
121.3,4.05664,"24,146.01",0.01039,0.00341,1257.44775
121.4,4.05993,"24,144.86",0.01037,0.00331,1257.38757
121.5,4.06322,"24,144.43",0.01034,0.00347,1257.36499
121.6,4.06666,"24,146.42",0.01042,0.0034,1257.46887
121.7,4.0698,"24,145.84",0.01048,0.00344,1257.43884
121.8,4.07331,"24,147.76",0.01042,0.00345,1257.53870
121.9,4.07675,"24,147.98",0.01026,0.00332,1257.55029
122,4.07981,"24,145.70",0.01042,0.00357,1257.43127
122.1,4.08332,"24,147.17",0.01051,0.00353,1257.50793
122.2,4.08669,"24,146.32",0.01046,0.00347,1257.46362
122.3,4.0899,"24,143.64",0.01047,0.00344,1257.32397
122.4,4.09334,"24,141.61",0.01031,0.00339,1257.21826
122.5,4.0967,"24,140.82",0.01044,0.00348,1257.17737
122.6,4.09992,"24,138.81",0.01042,0.00338,1257.07239
122.7,4.10328,"24,136.82",0.01047,0.00348,1256.96899
122.8,4.10664,"24,136.09",0.0104,0.00336,1256.93079
122.9,4.10993,"24,137.61",0.0103,0.00344,1257.01001
123,4.11314,"24,136.68",0.01031,0.00341,1256.96143
123.1,4.11666,"24,138.71",0.01036,0.00332,1257.06750
123.2,4.12002,"24,139.28",0.01041,0.00339,1257.09705
123.3,4.12316,"24,136.77",0.01049,0.00335,1256.96606
123.4,4.12675,"24,139.90",0.0105,0.00342,1257.12939
123.5,4.13004,"24,141.63",0.01044,0.00342,1257.21912
123.6,4.13317,"24,141.41",0.01044,0.00344,1257.20789
123.7,4.13661,"24,143.27",0.01045,0.00339,1257.30505
123.8,4.1399,"24,144.65",0.01043,0.00332,1257.37646
123.9,4.14319,"24,146.88",0.01045,0.00332,1257.49280
124,4.14663,"24,150.07",0.01035,0.00331,1257.65918
124.1,4.14999,"24,152.43",0.01034,0.00329,1257.78198
124.2,4.15335,"24,155.76",0.01032,0.00336,1257.95532
124.3,4.15649,"24,155.35",0.01036,0.00331,1257.93384
124.4,4.15993,"24,159.55",0.01039,0.00327,1258.15271
124.5,4.16337,"24,162.52",0.01037,0.0033,1258.30713
124.6,4.16651,"24,162.38",0.01037,0.00327,1258.29993
124.7,4.17002,"24,165.35",0.01053,0.0033,1258.45459
124.8,4.17338,"24,167.50",0.01051,0.00323,1258.56689
124.9,4.1766,"24,166.17",0.01041,0.00324,1258.49719
125,4.17996,"24,166.96",0.01039,0.00329,1258.53845
125.1,4.18325,"24,166.37",0.01055,0.00324,1258.50769
125.2,4.18654,"24,166.27",0.01049,0.0032,1258.50281
125.3,4.1899,"24,164.56",0.01047,0.00297,1258.41333
125.4,4.19334,"24,166.50",0.01042,0.00313,1258.51440
125.5,4.1967,"24,166.17",0.01054,0.00316,1258.49719
125.6,4.19984,"24,163.63",0.01051,0.00301,1258.36487
125.7,4.20328,"24,164.88",0.01049,0.00294,1258.42993
125.8,4.20664,"24,164.02",0.01049,0.00294,1258.38538
125.9,4.20985,"24,160.58",0.01046,0.00313,1258.20642
126,4.21329,"24,160.83",0.01043,0.00305,1258.21924
126.1,4.21673,"24,159.80",0.01042,0.0031,1258.16589
126.2,4.21994,"24,158.05",0.0104,0.00306,1258.07434
126.3,4.22331,"24,159.41",0.01039,0.0031,1258.14514
126.4,4.22667,"24,158.17",0.01039,0.00325,1258.08069
126.5,4.22988,"24,157.50",0.0105,0.00322,1258.04578
126.6,4.23325,"24,159.52",0.01053,0.00335,1258.15088
126.7,4.23668,"24,161.51",0.01056,0.00327,1258.25476
126.8,4.23997,"24,162.87",0.01025,0.00317,1258.32532
126.9,4.24326,"24,162.90",0.01011,0.0032,1258.32703
127,4.24677,"24,167.67",0.01031,0.00315,1258.57532
127.1,4.24991,"24,169.00",0.0103,0.00293,1258.64478
127.2,4.2532,"24,169.04",0.01022,0.00296,1258.64661
127.3,4.25664,"24,172.65",0.01007,0.00297,1258.83459
127.4,4.26,"24,175.25",0.01007,0.00292,1258.96997
127.5,4.26322,"24,174.32",0.01019,0.00307,1258.92175
127.6,4.26665,"24,178.16",0.01007,0.00292,1259.12183
127.7,4.27009,"24,180.08",0.01019,0.00295,1259.22156
127.8,4.27316,"24,178.49",0.01006,0.00289,1259.13904
127.9,4.27659,"24,181.94",0.01012,0.003,1259.31885
128,4.28003,"24,184.91",0.01021,0.00309,1259.47314
128.10001,4.28317,"24,186.56",0.01025,0.003,1259.55945
128.2,4.28661,"24,187.04",0.0103,0.00311,1259.58411
128.3,4.29012,"24,191.04",0.01013,0.00302,1259.79260
128.39999,4.29326,"24,191.15",0.01014,0.00308,1259.79822
128.5,4.29655,"24,191.02",0.01019,0.00302,1259.79150
128.60001,4.29999,"24,192.12",0.01038,0.00312,1259.84888
128.7,4.30328,"24,191.85",0.01032,0.00295,1259.83472
128.8,4.30656,"24,190.49",0.0104,0.00299,1259.76404
128.89999,4.31,"24,191.88",0.01027,0.00288,1259.83618
129,4.31344,"24,193.72",0.01016,0.00316,1259.93188
129.10001,4.31658,"24,190.82",0.01035,0.00315,1259.78113
129.2,4.31994,"24,190.96",0.01041,0.003,1259.78857
129.3,4.32345,"24,192.59",0.01031,0.00306,1259.87329
129.39999,4.32652,"24,191.00",0.01017,0.00298,1259.79028
129.5,4.33003,"24,191.03",0.01022,0.00295,1259.79187
129.60001,4.33339,"24,191.00",0.01012,0.003,1259.79028
129.7,4.33661,"24,190.26",0.01038,0.00314,1259.75183
129.8,4.34005,"24,190.05",0.0104,0.00313,1259.74097
129.89999,4.34333,"24,190.10",0.01023,0.00293,1259.74365
130,4.34662,"24,189.04",0.01029,0.00293,1259.68860
130.10001,4.34984,"24,187.53",0.01033,0.00307,1259.60986
130.2,4.3532,"24,189.34",0.01033,0.00306,1259.70410
130.3,4.35664,"24,190.14",0.01044,0.00302,1259.74573
130.39999,4.35985,"24,188.81",0.01026,0.00304,1259.67627
130.5,4.36336,"24,190.52",0.01026,0.00301,1259.76550
130.60001,4.3668,"24,192.35",0.01022,0.00301,1259.86060
130.7,4.36979,"24,191.83",0.01028,0.00305,1259.83386
130.8,4.3733,"24,195.01",0.0104,0.00313,1259.99951
130.89999,4.37667,"24,196.49",0.01041,0.00314,1260.07642
131,4.37988,"24,197.18",0.01044,0.00308,1260.11230
131.10001,4.38339,"24,200.17",0.0104,0.00305,1260.26807
131.2,4.38668,"24,201.11",0.01037,0.00299,1260.31702
131.3,4.38997,"24,201.76",0.01031,0.0031,1260.35071
131.39999,4.39326,"24,201.35",0.01025,0.00306,1260.32947
131.5,4.39662,"24,204.13",0.01041,0.00296,1260.47412
131.60001,4.39999,"24,205.79",0.01026,0.00305,1260.56079
131.7,4.4032,"24,206.29",0.01031,0.00303,1260.58679
131.8,4.40664,"24,208.64",0.0104,0.00314,1260.70886
131.89999,4.41007,"24,210.94",0.01042,0.00315,1260.82861
132,4.41321,"24,211.00",0.01044,0.00307,1260.83203
132.10001,4.41673,"24,213.78",0.01046,0.00311,1260.97656
132.2,4.42001,"24,214.50",0.01041,0.00301,1261.01416
132.3,4.42315,"24,215.31",0.01038,0.00303,1261.05652
132.39999,4.42667,"24,216.81",0.01046,0.00311,1261.13477
132.5,4.42995,"24,215.85",0.01039,0.003,1261.08447
132.60001,4.43324,"24,216.63",0.01033,0.0031,1261.12488
132.7,4.43661,"24,215.35",0.0103,0.00309,1261.05847
132.8,4.43997,"24,215.03",0.01029,0.0032,1261.04163
132.89999,4.44333,"24,214.53",0.0103,0.00318,1261.01562
133,4.44647,"24,211.90",0.01036,0.00329,1260.87891
133.10001,4.44998,"24,211.46",0.01038,0.00322,1260.85620
133.2,4.45342,"24,211.64",0.01043,0.00321,1260.86560
133.3,4.45656,"24,208.73",0.01038,0.00333,1260.71387
133.39999,4.46007,"24,209.56",0.0104,0.00337,1260.75708
133.5,4.46336,"24,209.31",0.01046,0.00328,1260.74377
133.60001,4.4665,"24,206.06",0.01047,0.00349,1260.57458
133.7,4.46994,"24,206.11",0.01049,0.00348,1260.57715
133.8,4.4733,"24,205.80",0.01048,0.00352,1260.56116
133.89999,4.47667,"24,206.01",0.01048,0.0035,1260.57202
134,4.47995,"24,204.15",0.01048,0.00341,1260.47522
134.10001,4.48332,"24,204.54",0.01049,0.00353,1260.49561
134.2,4.48668,"24,207.31",0.01044,0.00349,1260.63965
134.3,4.48982,"24,206.28",0.01033,0.00347,1260.58618
134.39999,4.49326,"24,208.93",0.01032,0.00343,1260.72400
134.5,4.49662,"24,209.78",0.01036,0.00353,1260.76855
134.60001,4.49983,"24,210.49",0.01038,0.00331,1260.80554
134.7,4.50335,"24,214.97",0.01039,0.00339,1261.03882
134.8,4.50671,"24,216.91",0.01046,0.0034,1261.14001
134.89999,4.50992,"24,216.45",0.01037,0.00336,1261.11584
135,4.51329,"24,218.96",0.01038,0.00332,1261.24658
135.10001,4.51665,"24,219.94",0.01048,0.00343,1261.29761
135.2,4.51986,"24,223.05",0.01039,0.00348,1261.45972
135.3,4.52323,"24,222.49",0.01043,0.00339,1261.43030
135.39999,4.52666,"24,224.79",0.01041,0.00336,1261.54993
135.5,4.53003,"24,227.58",0.01038,0.00337,1261.69568
135.60001,4.53324,"24,225.77",0.01038,0.00334,1261.60132
135.7,4.53668,"24,228.24",0.01036,0.00337,1261.72986
135.8,4.53997,"24,228.75",0.01042,0.00331,1261.75623
135.89999,4.54318,"24,227.54",0.01049,0.00329,1261.69324
136,4.54669,"24,230.38",0.01053,0.00329,1261.84131
136.10001,4.54998,"24,230.02",0.01056,0.00327,1261.82263
136.2,4.5532,"24,228.57",0.01042,0.00317,1261.74707
136.3,4.55671,"24,228.27",0.01043,0.00322,1261.73157
136.39999,4.56007,"24,228.45",0.01039,0.00314,1261.74060
136.5,4.56328,"24,226.45",0.01042,0.00318,1261.63660
136.60001,4.56657,"24,223.55",0.01041,0.00316,1261.48535
136.7,4.57001,"24,222.68",0.01038,0.00313,1261.44006
136.8,4.57323,"24,222.21",0.01042,0.00324,1261.41602
136.89999,4.57651,"24,219.38",0.01048,0.00327,1261.26843
137,4.58003,"24,221.37",0.01051,0.00325,1261.37207
137.10001,4.58331,"24,219.57",0.01052,0.00319,1261.27844
137.2,4.58653,"24,217.12",0.0105,0.00304,1261.15063
137.3,4.58997,"24,220.17",0.01042,0.00289,1261.30957
137.39999,4.59333,"24,220.71",0.0104,0.003,1261.33765
137.5,4.59662,"24,219.57",0.0104,0.00295,1261.27832
137.60001,4.60006,"24,220.68",0.01042,0.003,1261.33582
137.7,4.60342,"24,221.17",0.01041,0.00292,1261.36145
137.8,4.60656,"24,220.46",0.01055,0.00295,1261.32471
137.89999,4.60992,"24,221.70",0.01046,0.00291,1261.38916
138,4.61336,"24,222.71",0.01041,0.00295,1261.44177
138.10001,4.6165,"24,222.34",0.01038,0.00295,1261.42236
138.2,4.61994,"24,223.68",0.01043,0.00301,1261.49231
138.3,4.62337,"24,227.01",0.01043,0.00297,1261.66553
138.39999,4.62659,"24,228.57",0.01045,0.00298,1261.74683
138.5,4.62995,"24,227.97",0.01017,0.003,1261.71594
138.60001,4.63331,"24,231.26",0.01012,0.0031,1261.88721
138.7,4.6366,"24,232.45",0.0101,0.00314,1261.94873
138.8,4.63989,"24,233.06",0.01025,0.00292,1261.98071
138.89999,4.64325,"24,234.50",0.01023,0.00293,1262.05579
139,4.64669,"24,234.77",0.01009,0.00294,1262.06995
139.10001,4.64991,"24,235.82",0.01013,0.00299,1262.12476
139.2,4.65334,"24,237.35",0.01006,0.0029,1262.20435
139.3,4.65671,"24,237.99",0.01012,0.00291,1262.23743
139.39999,4.65984,"24,237.74",0.01015,0.00291,1262.22473
139.5,4.66321,"24,237.85",0.01009,0.00303,1262.23047
139.60001,4.66672,"24,239.99",0.01016,0.00302,1262.34180
139.7,4.66993,"24,240.06",0.01026,0.00307,1262.34521
139.8,4.6733,"24,239.98",0.01018,0.00305,1262.34106
139.89999,4.67666,"24,240.63",0.01015,0.00298,1262.37524
140,4.68002,"24,241.69",0.01015,0.00291,1262.43005
140.10001,4.68324,"24,240.29",0.01019,0.00308,1262.35718
140.2,4.6866,"24,239.69",0.01018,0.00288,1262.32593
140.3,4.68996,"24,238.72",0.01024,0.00297,1262.27551
140.39999,4.69318,"24,236.76",0.01037,0.003,1262.17358
140.5,4.69662,"24,236.61",0.01022,0.00295,1262.16589
140.60001,4.70005,"24,236.29",0.01015,0.00288,1262.14905
140.7,4.70319,"24,233.55",0.01024,0.00294,1262.00623
140.8,4.70656,"24,233.01",0.01024,0.00298,1261.97803
140.89999,4.70992,"24,232.34",0.01019,0.00285,1261.94312
141,4.71321,"24,231.77",0.01026,0.00294,1261.91370
141.10001,4.71665,"24,232.28",0.01018,0.00294,1261.94006
141.2,4.71993,"24,232.49",0.01023,0.00298,1261.95093
141.3,4.7233,"24,232.84",0.01022,0.00288,1261.96912
141.39999,4.72659,"24,232.43",0.01017,0.00292,1261.94775
141.5,4.72995,"24,233.26",0.01023,0.00294,1261.99121
141.60001,4.73331,"24,233.90",0.01021,0.00299,1262.02441
141.7,4.73645,"24,231.92",0.01019,0.00303,1261.92163
141.8,4.74004,"24,234.71",0.01023,0.00287,1262.06641
141.89999,4.74348,"24,237.45",0.01023,0.00295,1262.20947
142,4.74654,"24,236.78",0.01022,0.00292,1262.17456
142.10001,4.75005,"24,238.26",0.01028,0.00287,1262.25146
142.2,4.75334,"24,240.03",0.01025,0.00304,1262.34363
142.3,4.75656,"24,241.50",0.01022,0.00302,1262.42017
142.39999,4.75999,"24,244.03",0.01031,0.00309,1262.55188
142.5,4.76328,"24,245.44",0.01034,0.00299,1262.62573
142.60001,4.76664,"24,248.07",0.0103,0.003,1262.76270
142.7,4.76993,"24,249.21",0.01028,0.003,1262.82178
142.8,4.77337,"24,251.08",0.01029,0.00293,1262.91907
142.89999,4.77673,"24,253.41",0.01026,0.00294,1263.04077
143,4.7798,"24,251.26",0.0103,0.00304,1262.92883
143.10001,4.78324,"24,252.69",0.01028,0.00295,1263.00281
143.2,4.78675,"24,254.78",0.0103,0.00293,1263.11194
143.3,4.78981,"24,253.04",0.01028,0.00293,1263.02136
143.39999,4.7934,"24,253.28",0.01025,0.00305,1263.03381
143.5,4.79669,"24,252.54",0.01026,0.00294,1262.99524
143.60001,4.7999,"24,252.25",0.0103,0.00293,1262.97998
143.7,4.80327,"24,252.00",0.01029,0.003,1262.96729
143.8,4.80655,"24,250.47",0.01028,0.003,1262.88770
143.89999,4.80992,"24,249.96",0.01027,0.003,1262.86108
144,4.81321,"24,247.96",0.01031,0.00298,1262.75659
144.10001,4.81664,"24,247.45",0.01025,0.00298,1262.72998
144.2,4.82008,"24,246.52",0.01027,0.00301,1262.68164
144.3,4.82315,"24,241.51",0.01029,0.00303,1262.42078
144.39999,4.82658,"24,241.29",0.01022,0.00308,1262.40942
144.5,4.83002,"24,242.33",0.01023,0.0031,1262.46350
144.60001,4.83316,"24,239.73",0.01028,0.00312,1262.32800
144.7,4.83675,"24,240.93",0.01028,0.00311,1262.39062
144.8,4.84004,"24,240.56",0.01031,0.00314,1262.37134
144.89999,4.84325,"24,240.88",0.01028,0.0031,1262.38782
145,4.84661,"24,242.21",0.01034,0.00308,1262.45703
145.10001,4.84998,"24,243.37",0.01031,0.0032,1262.51758
145.2,4.85319,"24,243.97",0.0103,0.00329,1262.54907
145.3,4.85655,"24,244.21",0.01033,0.00319,1262.56140
145.39999,4.85999,"24,247.20",0.01022,0.0033,1262.71704
145.5,4.86335,"24,249.09",0.01035,0.00341,1262.81580
145.60001,4.86657,"24,248.08",0.01022,0.00338,1262.76306
145.7,4.87001,"24,250.78",0.01027,0.00342,1262.90381
145.8,4.87337,"24,251.93",0.01032,0.00344,1262.96350
145.89999,4.87651,"24,251.82",0.01031,0.00344,1262.95752
146,4.88002,"24,255.22",0.01034,0.00339,1263.13477
146.10001,4.88338,"24,256.32",0.01034,0.00342,1263.19226
146.2,4.88652,"24,256.85",0.01035,0.00348,1263.21973
146.3,4.89003,"24,260.40",0.01038,0.00346,1263.40454
146.39999,4.8934,"24,262.33",0.01039,0.00348,1263.50525
146.5,4.89654,"24,261.54",0.01041,0.00345,1263.46387
146.60001,4.8999,"24,260.56",0.01037,0.0034,1263.41309
146.7,4.90334,"24,261.37",0.01038,0.00339,1263.45508
146.8,4.90655,"24,261.00",0.0104,0.00344,1263.43579
146.89999,4.90999,"24,260.05",0.01042,0.00341,1263.38647
147,4.91343,"24,260.74",0.01038,0.00345,1263.42224
147.10001,4.91664,"24,259.64",0.0104,0.00335,1263.36511
147.2,4.91986,"24,257.18",0.01039,0.00342,1263.23706
147.3,4.92329,"24,260.25",0.01045,0.00341,1263.39685
147.39999,4.92666,"24,257.90",0.01041,0.00324,1263.27417
147.5,4.92979,"24,255.96",0.01045,0.00343,1263.17358
147.60001,4.93331,"24,257.35",0.01041,0.00324,1263.24597
147.7,4.93675,"24,257.12",0.01041,0.00326,1263.23376
147.8,4.93988,"24,255.96",0.01041,0.00318,1263.17358
147.89999,4.94332,"24,253.94",0.01044,0.00345,1263.06824
148,4.94669,"24,254.22",0.01049,0.00318,1263.08301
148.10001,4.9499,"24,253.56",0.01039,0.00313,1263.04834
148.2,4.95326,"24,251.88",0.01042,0.00326,1262.96118
148.3,4.9567,"24,251.97",0.01041,0.00314,1262.96570
148.39999,4.95999,"24,251.05",0.01041,0.00319,1262.91785
148.5,4.96328,"24,250.54",0.01044,0.00316,1262.89099
148.60001,4.96664,"24,252.35",0.01043,0.00313,1262.98511
148.7,4.97,"24,253.00",0.01041,0.00307,1263.01917
148.8,4.97322,"24,251.91",0.01036,0.00299,1262.96240
148.89999,4.97658,"24,253.43",0.01047,0.0031,1263.04163
149,4.98002,"24,255.46",0.01039,0.0029,1263.14734
149.10001,4.98323,"24,255.72",0.01041,0.00305,1263.16064
149.2,4.98667,"24,255.33",0.0104,0.00293,1263.14050
149.3,4.99003,"24,256.14",0.01044,0.00297,1263.18274
149.39999,4.99325,"24,257.45",0.01048,0.0029,1263.25085
149.5,4.99653,"24,258.06",0.01041,0.00291,1263.28271
149.60001,4.99997,"24,261.30",0.01043,0.003,1263.45129
149.7,5.00326,"24,262.21",0.01044,0.00291,1263.49878
149.8,5.00662,"24,264.45",0.01049,0.003,1263.61536
149.89999,5.00999,"24,266.93",0.01036,0.00293,1263.74451
150,5.01335,"24,268.65",0.01009,0.00297,1263.83447
150.10001,5.01656,"24,269.29",0.01018,0.00303,1263.86731
150.2,5.01985,"24,270.55",0.01016,0.00286,1263.93335
150.3,5.02337,"24,272.34",0.01012,0.00292,1264.02612
150.39999,5.0265,"24,273.24",0.01016,0.00288,1264.07312
150.5,5.02994,"24,273.78",0.01012,0.00293,1264.10132
150.60001,5.03345,"24,274.42",0.01013,0.00287,1264.13464
150.7,5.03659,"24,272.46",0.01024,0.00291,1264.03271
150.8,5.03996,"24,272.71",0.01015,0.00292,1264.04553
150.89999,5.04332,"24,272.48",0.01021,0.00292,1264.03357
151,5.04661,"24,271.14",0.01011,0.00289,1263.96387
151.10001,5.04997,"24,268.86",0.01011,0.00294,1263.84509
151.2,5.05333,"24,269.63",0.01014,0.00296,1263.88538
151.3,5.0567,"24,268.40",0.01017,0.00294,1263.82104
151.39999,5.05991,"24,265.04",0.01019,0.00292,1263.64648
151.5,5.06327,"24,265.11",0.01013,0.00283,1263.64966
151.60001,5.06679,"24,263.69",0.01011,0.00292,1263.57593
151.7,5.06978,"24,260.08",0.01009,0.00283,1263.38770
151.8,5.07329,"24,258.60",0.01024,0.00291,1263.31091
151.89999,5.07673,"24,259.21",0.01021,0.00289,1263.34265
152,5.07987,"24,257.38",0.0102,0.00289,1263.24719
152.10001,5.08338,"24,257.15",0.01025,0.00294,1263.23511
152.2,5.08667,"24,258.84",0.01022,0.00297,1263.32349
152.3,5.08988,"24,258.85",0.01018,0.00292,1263.32385
152.39999,5.09324,"24,259.79",0.01018,0.00292,1263.37292
152.5,5.09661,"24,261.97",0.01017,0.00292,1263.48657
152.60001,5.09997,"24,264.51",0.01022,0.00296,1263.61877
152.7,5.10326,"24,265.17",0.01024,0.00293,1263.65320
152.8,5.1067,"24,267.45",0.01025,0.00298,1263.77173
152.89999,5.11013,"24,270.33",0.01025,0.00291,1263.92188
153,5.11312,"24,269.35",0.01027,0.00299,1263.87085
153.10001,5.11664,"24,271.99",0.01024,0.00298,1264.00806
153.2,5.12007,"24,274.42",0.01023,0.00291,1264.13464
153.3,5.12314,"24,272.91",0.01028,0.00294,1264.05591
153.39999,5.12673,"24,276.33",0.01024,0.003,1264.23401
153.5,5.13009,"24,278.28",0.01028,0.00295,1264.33569
153.60001,5.1333,"24,278.57",0.01029,0.00299,1264.35107
153.7,5.13659,"24,278.93",0.01026,0.00299,1264.36938
153.8,5.13988,"24,279.77",0.0103,0.00298,1264.41309
153.89999,5.14324,"24,281.72",0.01028,0.0029,1264.51465
154,5.14653,"24,281.02",0.01029,0.00292,1264.47839
154.10001,5.14997,"24,282.21",0.0103,0.00302,1264.54041
154.2,5.15333,"24,281.20",0.01028,0.00297,1264.48792
154.3,5.15655,"24,278.58",0.0103,0.00293,1264.35107
154.39999,5.15998,"24,279.77",0.01029,0.00301,1264.41333
154.5,5.16335,"24,278.69",0.01022,0.00298,1264.35718
154.60001,5.16649,"24,274.83",0.01023,0.00303,1264.15625
154.7,5.17,"24,275.45",0.01034,0.00298,1264.18835
154.8,5.17336,"24,274.76",0.01027,0.003,1264.15247
154.89999,5.17658,"24,272.74",0.01022,0.00299,1264.04724
155,5.18001,"24,272.88",0.01029,0.00295,1264.05432
155.10001,5.18338,"24,271.76",0.01028,0.00301,1263.99622
155.2,5.18659,"24,271.25",0.01028,0.00299,1263.96973
155.3,5.18988,"24,269.86",0.01033,0.00301,1263.89734
155.39999,5.19339,"24,270.54",0.01026,0.00301,1263.93250
155.5,5.19668,"24,270.50",0.01031,0.003,1263.93066
155.60001,5.19982,"24,268.11",0.0103,0.00297,1263.80627
155.7,5.20333,"24,269.76",0.01029,0.00304,1263.89209
155.8,5.20669,"24,270.32",0.0103,0.00311,1263.92139
155.89999,5.20983,"24,268.90",0.01025,0.00306,1263.84729
156,5.21335,"24,271.35",0.01029,0.0031,1263.97498
156.10001,5.21671,"24,270.94",0.01022,0.00316,1263.95337
156.2,5.21985,"24,271.97",0.01031,0.00315,1264.00732
156.3,5.22329,"24,273.74",0.01025,0.00312,1264.09949
156.39999,5.22672,"24,275.53",0.01024,0.00329,1264.19238
156.5,5.22986,"24,274.46",0.01033,0.00308,1264.13708
156.60001,5.23323,"24,275.89",0.01032,0.00316,1264.21106
156.7,5.23666,"24,277.72",0.0103,0.00343,1264.30652
156.8,5.23995,"24,278.16",0.01028,0.00341,1264.32947
156.89999,5.24317,"24,276.44",0.01027,0.00346,1264.23975
157,5.24668,"24,279.65",0.0103,0.00346,1264.40686
157.10001,5.25004,"24,281.29",0.01034,0.00345,1264.49255
157.2,5.25326,"24,280.27",0.01036,0.00347,1264.43909
157.3,5.25662,"24,282.70",0.01038,0.0034,1264.56580
157.39999,5.25998,"24,283.19",0.01025,0.00346,1264.59143
157.5,5.2632,"24,284.38",0.01036,0.00349,1264.65320
157.60001,5.26663,"24,286.03",0.01038,0.00346,1264.73926
157.7,5.27007,"24,287.08",0.01041,0.00342,1264.79395
157.8,5.27329,"24,286.51",0.01037,0.00345,1264.76453
157.89999,5.27665,"24,286.95",0.01041,0.0034,1264.78723
158,5.28001,"24,287.80",0.01034,0.0035,1264.83167
158.10001,5.28323,"24,287.67",0.01041,0.00342,1264.82471
158.2,5.28659,"24,285.22",0.0104,0.00343,1264.69739
158.3,5.28995,"24,285.00",0.01036,0.00333,1264.68567
158.39999,5.29332,"24,284.05",0.01035,0.0034,1264.63647
158.5,5.2966,"24,282.59",0.01041,0.00343,1264.56030
158.60001,5.29997,"24,282.36",0.01043,0.00322,1264.54834
158.7,5.30333,"24,279.99",0.01037,0.00324,1264.42480
158.8,5.30654,"24,277.54",0.01045,0.00335,1264.29749
158.89999,5.30991,"24,277.09",0.01042,0.00318,1264.27393
159,5.31342,"24,276.63",0.01042,0.00321,1264.24988
159.10001,5.31656,"24,273.84",0.01034,0.00314,1264.10474
159.2,5.31992,"24,273.07",0.01038,0.0032,1264.06421
159.3,5.32343,"24,272.88",0.01041,0.00313,1264.05420
159.39999,5.32657,"24,271.97",0.01039,0.00313,1264.00720
159.5,5.32994,"24,270.98",0.01042,0.00313,1263.95581
159.60001,5.3333,"24,269.89",0.01043,0.00319,1263.89893
159.7,5.33659,"24,271.75",0.01042,0.003,1263.99573
159.8,5.33995,"24,271.98",0.01044,0.00299,1264.00769
159.89999,5.34331,"24,273.79",0.01044,0.003,1264.10217
160,5.34675,"24,275.07",0.01041,0.00293,1264.16833
160.10001,5.34989,"24,274.96",0.0104,0.00292,1264.16309
160.2,5.35318,"24,278.00",0.01038,0.00297,1264.32092
160.3,5.35669,"24,279.91",0.01046,0.00291,1264.42078
160.39999,5.35983,"24,280.91",0.01046,0.00304,1264.47290
160.5,5.36327,"24,282.26",0.01046,0.00291,1264.54309
160.60001,5.36678,"24,285.43",0.01043,0.003,1264.70801
160.7,5.36985,"24,286.01",0.01048,0.00299,1264.73840
160.8,5.37328,"24,287.96",0.01051,0.00299,1264.83997
160.89999,5.37665,"24,289.22",0.01037,0.00313,1264.90527
161,5.37993,"24,289.15",0.01017,0.00299,1264.90198
161.10001,5.3833,"24,290.55",0.01013,0.00299,1264.97449
161.2,5.38666,"24,291.54",0.0102,0.00293,1265.02637
161.3,5.39002,"24,293.06",0.01016,0.00291,1265.10559
161.39999,5.39324,"24,289.36",0.01017,0.00289,1264.91284
161.5,5.3966,"24,290.97",0.01022,0.00288,1264.99658
161.60001,5.40004,"24,292.16",0.01014,0.00295,1265.05847
161.7,5.4031,"24,288.95",0.01011,0.00289,1264.89124
161.8,5.40662,"24,289.12",0.01015,0.00298,1264.90002
161.89999,5.41013,"24,288.05",0.01012,0.00291,1264.84473
162,5.41319,"24,284.05",0.01017,0.00293,1264.63635
162.10001,5.41671,"24,282.89",0.01016,0.00292,1264.57593
162.2,5.42007,"24,281.96",0.01013,0.00294,1264.52759
162.3,5.42321,"24,278.96",0.01021,0.00295,1264.37134
162.39999,5.42657,"24,277.47",0.0102,0.00295,1264.29382
162.5,5.42993,"24,276.03",0.01017,0.00298,1264.21851
162.60001,5.4333,"24,274.93",0.01018,0.00298,1264.16101
162.7,5.43651,"24,273.45",0.01023,0.0029,1264.08435
162.8,5.43995,"24,272.94",0.01023,0.00295,1264.05762
162.89999,5.44339,"24,275.14",0.01022,0.00296,1264.17236
163,5.44645,"24,272.61",0.01024,0.0029,1264.04016
163.10001,5.44996,"24,275.49",0.01028,0.00292,1264.19043
163.2,5.45333,"24,275.45",0.0102,0.00294,1264.18835
163.3,5.45654,"24,274.73",0.01024,0.00295,1264.15112
163.39999,5.46005,"24,276.91",0.01022,0.00295,1264.26428
163.5,5.46334,"24,277.73",0.01026,0.0029,1264.30713
163.60001,5.46656,"24,277.23",0.01022,0.00292,1264.28101
163.7,5.46992,"24,278.42",0.01018,0.00296,1264.34277
163.8,5.47328,"24,280.64",0.01024,0.00296,1264.45862
163.89999,5.47657,"24,281.33",0.01024,0.00294,1264.49475
164,5.47993,"24,281.39",0.01027,0.00292,1264.49744
164.10001,5.48337,"24,282.04",0.01025,0.00296,1264.53162
164.2,5.48673,"24,284.22",0.01019,0.00298,1264.64514
164.3,5.48987,"24,283.35",0.01026,0.00299,1264.59949
164.39999,5.49339,"24,286.20",0.01031,0.00304,1264.74792
164.5,5.49667,"24,284.57",0.01024,0.00299,1264.66309
164.60001,5.49981,"24,282.83",0.01028,0.00301,1264.57251
164.7,5.50333,"24,286.27",0.01029,0.00301,1264.75159
164.8,5.50669,"24,285.76",0.01028,0.00301,1264.72522
164.89999,5.5099,"24,284.99",0.01033,0.00305,1264.68494
165,5.51327,"24,285.53",0.0103,0.00296,1264.71326
165.10001,5.51663,"24,285.61",0.01031,0.00305,1264.71753
165.2,5.51992,"24,286.68",0.01029,0.003,1264.77319
165.3,5.52321,"24,285.00",0.01028,0.00299,1264.68591
165.39999,5.52664,"24,286.07",0.01029,0.00302,1264.74133
165.5,5.53001,"24,285.04",0.01029,0.00306,1264.68787
165.60001,5.53322,"24,283.63",0.01035,0.0031,1264.61462
165.7,5.53673,"24,284.93",0.01032,0.00311,1264.68213
165.8,5.54002,"24,284.14",0.01026,0.0031,1264.64087
165.89999,5.54316,"24,280.01",0.0103,0.00316,1264.42603
166,5.54667,"24,281.46",0.0103,0.00313,1264.50146
166.10001,5.54996,"24,279.44",0.0103,0.00313,1264.39624
166.2,5.55325,"24,277.40",0.01033,0.00314,1264.28979
166.3,5.55661,"24,276.08",0.01033,0.00329,1264.22119
166.39999,5.56005,"24,274.75",0.01033,0.00325,1264.15210
166.5,5.56326,"24,274.33",0.01031,0.00323,1264.12988
166.60001,5.56663,"24,272.62",0.01032,0.00325,1264.04065
166.7,5.56992,"24,271.58",0.01029,0.00343,1263.98682
166.8,5.5732,"24,271.68",0.01039,0.00351,1263.99194
166.89999,5.57657,"24,270.65",0.0104,0.00347,1263.93823
167,5.58001,"24,272.24",0.01037,0.0035,1264.02112
167.10001,5.58337,"24,271.71",0.01033,0.00349,1263.99353
167.2,5.58658,"24,270.18",0.01029,0.00345,1263.91394
167.3,5.58995,"24,271.60",0.01042,0.0035,1263.98767
167.39999,5.59331,"24,271.49",0.01047,0.00353,1263.98218
167.5,5.59652,"24,271.62",0.01043,0.00347,1263.98901
167.60001,5.59996,"24,273.29",0.01036,0.00342,1264.07568
167.7,5.60332,"24,275.04",0.01039,0.00351,1264.16687
167.8,5.60661,"24,276.06",0.0104,0.00345,1264.21997
167.89999,5.60998,"24,277.31",0.01039,0.00344,1264.28528
168,5.61341,"24,279.65",0.0104,0.0035,1264.40723
168.10001,5.61655,"24,280.40",0.01041,0.00335,1264.44592
168.2,5.61992,"24,280.88",0.01039,0.00337,1264.47131
168.3,5.62335,"24,284.24",0.01043,0.00324,1264.64624
168.39999,5.62664,"24,285.81",0.01045,0.00321,1264.72791
168.5,5.63001,"24,285.49",0.01043,0.00323,1264.71094
168.60001,5.63337,"24,286.38",0.01046,0.00321,1264.75732
168.7,5.63673,"24,286.84",0.01046,0.00312,1264.78149
168.8,5.63987,"24,285.72",0.01041,0.00314,1264.72327
168.89999,5.64323,"24,285.68",0.01046,0.00302,1264.72083
169,5.64675,"24,286.73",0.01039,0.003,1264.77588
169.10001,5.64989,"24,284.81",0.01044,0.00291,1264.67578
169.2,5.65332,"24,284.51",0.01051,0.00294,1264.66028
169.3,5.65676,"24,284.34",0.01047,0.00298,1264.65137
169.39999,5.6599,"24,281.21",0.01043,0.003,1264.48853
169.5,5.66326,"24,279.61",0.0105,0.00296,1264.40503
169.60001,5.66663,"24,278.20",0.01054,0.00298,1264.33167
169.7,5.66991,"24,276.16",0.01052,0.00297,1264.22546
169.8,5.67328,"24,273.54",0.01048,0.00301,1264.08887
169.89999,5.67664,"24,270.96",0.01041,0.00294,1263.95422
170,5.68008,"24,268.98",0.01044,0.00294,1263.85156
170.10001,5.68322,"24,265.65",0.01019,0.00295,1263.67773
170.2,5.68658,"24,263.91",0.01019,0.0029,1263.58716
170.3,5.69009,"24,263.37",0.01016,0.00289,1263.55896
170.39999,5.69316,"24,261.31",0.01011,0.00289,1263.45215
170.5,5.69667,"24,261.64",0.0102,0.0029,1263.46924
170.60001,5.70011,"24,262.69",0.0102,0.00289,1263.52356
170.7,5.70325,"24,261.45",0.01019,0.00294,1263.45935
170.8,5.70668,"24,262.18",0.01021,0.00291,1263.49731
170.89999,5.70997,"24,263.13",0.01019,0.00295,1263.54675
171,5.71326,"24,263.32",0.01022,0.00293,1263.55664
171.10001,5.71655,"24,264.02",0.01017,0.003,1263.59302
171.2,5.71999,"24,264.72",0.01025,0.00293,1263.62964
171.3,5.72335,"24,265.47",0.01024,0.00292,1263.66870
171.39999,5.72657,"24,264.44",0.01023,0.00295,1263.61487
171.5,5.72993,"24,266.15",0.01025,0.00293,1263.70398
171.60001,5.73337,"24,268.30",0.01024,0.00298,1263.81628
171.7,5.73643,"24,265.00",0.01021,0.00293,1263.64417
171.8,5.73994,"24,267.45",0.01027,0.00291,1263.77173
171.89999,5.74338,"24,269.01",0.01028,0.00296,1263.85315
172,5.74652,"24,268.05",0.01026,0.00294,1263.80322
172.10001,5.75003,"24,269.11",0.01029,0.00297,1263.85828
172.2,5.7534,"24,268.70",0.0103,0.00297,1263.83667
172.3,5.75661,"24,268.55",0.01028,0.00297,1263.82898
172.39999,5.75997,"24,268.12",0.01033,0.003,1263.80640
172.5,5.76334,"24,268.11",0.01031,0.00296,1263.80591
172.60001,5.76662,"24,267.43",0.01032,0.00299,1263.77087
172.7,5.76991,"24,264.40",0.01033,0.003,1263.61304
172.8,5.77335,"24,264.55",0.01027,0.00303,1263.62048
172.89999,5.77671,"24,264.45",0.01026,0.00304,1263.61548
173,5.77985,"24,259.90",0.01031,0.00305,1263.37854
173.10001,5.78329,"24,258.99",0.01028,0.00307,1263.33142
173.2,5.78665,"24,258.11",0.01023,0.00313,1263.28516
173.3,5.78979,"24,254.44",0.01032,0.00316,1263.09436
173.39999,5.79338,"24,254.21",0.01029,0.00335,1263.08228
173.5,5.79667,"24,251.51",0.01033,0.00344,1262.94165
173.60001,5.79996,"24,249.52",0.01035,0.00349,1262.83801
173.7,5.80332,"24,247.51",0.01042,0.00348,1262.73328
173.8,5.80661,"24,245.49",0.01051,0.00357,1262.62817
173.89999,5.8099,"24,243.87",0.01042,0.00356,1262.54346
174,5.81319,"24,239.47",0.01038,0.00347,1262.31470
174.10001,5.8167,"24,238.34",0.01039,0.0035,1262.25574
174.2,5.82006,"24,237.32",0.01044,0.00324,1262.20264
174.3,5.8232,"24,231.79",0.01042,0.0032,1261.91479
174.39999,5.82664,"24,230.16",0.01045,0.00316,1261.82959
174.5,5.83,"24,226.60",0.01047,0.00312,1261.64429
174.60001,5.83314,"24,220.44",0.01047,0.00295,1261.32336
174.7,5.83665,"24,219.30",0.01049,0.00288,1261.26416
174.8,5.84002,"24,213.95",0.01048,0.00291,1260.98547
174.89999,5.84323,"24,208.44",0.01047,0.00293,1260.69849
175,5.84667,"24,203.85",0.01022,0.00295,1260.45984
175.10001,5.85003,"24,198.81",0.01015,0.00293,1260.19739
175.2,5.85324,"24,192.35",0.01012,0.0029,1259.86060
175.3,5.85653,"24,182.70",0.01015,0.0029,1259.35803
175.39999,5.8599,"24,176.14",0.01017,0.00293,1259.01685
175.5,5.86326,"24,167.40",0.0102,0.0029,1258.56152
175.60001,5.86655,"24,154.34",0.01023,0.00294,1257.88135
175.7,5.86998,"24,140.73",0.01022,0.003,1257.17236
175.8,5.87335,"24,122.29",0.01027,0.003,1256.21204
175.89999,5.87656,"24,098.46",0.01029,0.00307,1254.97131
176,5.87992,"24,068.70",0.0103,0.00345,1253.42151
176.10001,5.88329,"24,024.01",0.01025,0.00342,1251.09436
176.2,5.8865,"23,957.31",0.01027,0.00313,1247.62061
176.3,5.88994,"23,857.94",0.01032,0.00294,1242.44592
176.39999,5.89338,"23,694.54",0.01008,0.0029,1233.93616
176.48,5.89599,"23,438.75",0.01004,0.00314,1220.61560
176.51401,5.89711,"23,184.27",0.01061,0.00323,1207.36304
176.51801,5.89741,"22,738.33",0.01061,0.00323,1184.13977
176.52,5.89749,"22,131.14",0.01061,0.00323,1152.51965
176.522,5.89764,"21,275.69",0.01061,0.00323,1107.97021
176.524,5.89771,"20,253.20",0.01061,0.00323,1054.72253
176.526,5.89794,"19,112.49",0.01061,0.00323,995.31799
176.528,5.89816,"17,877.19",0.01061,0.00323,930.98724
176.53,5.89831,"16,578.92",0.01061,0.00323,863.37726
176.532,5.89846,"15,253.73",0.01061,0.00323,794.36584
176.534,5.89861,"13,926.83",0.01061,0.00323,725.26495
