record_id,source_type,source_id,publication_title,doi_or_url,fibre_type,matrix_type,treatment_method,naoh_concentration_pct,treatment_time_h,fibre_loading_wt_pct,fibre_length_mm,fibre_form,fabrication_method,test_type,test_standard,measured_value,measured_unit,specimen_id,batch_id,notes,review_status,compatibility_category,extraction_type,source_locator
WH-EPOXY-SULARDJAKA-2023-WH001,literature,WH-EPOXY-SULARDJAKA-2023,The effect of alkalization and esterification treatment on mechanical properties of water hyacinth fiber reinforced epoxy-resin composite,https://doi.org/10.15587/1729-4061.2023.274064,not applicable; matrix-only baseline inferred from 0 wt% point,Epoxy Bakelite EPR 174 + hardener V-140,not applicable (matrix-only baseline),,,0,,matrix-only baseline; classification inferred by supplied workbook,hand lay-up; mould 250 x 185 x 10 mm; 5 MPa compaction; water-jet cut,tensile_strength,ASTM D638,41,MPa,,,The paper text reports 41 MPa at the 0 wt% point. The paper does not explicitly identify this as neat epoxy; matrix-only classification remains inferred and this is not a fibre-composite record.,rejected,context only,reported_value,"CC BY paper PDF, Zenodo record 7746959: primary text: PDF p.4/journal p.29 Sec. 5.3 and PDF p.6/journal p.31 Conclusion 3; Fig. 6 PDF p.5/journal p.30 at 0 wt%; supplied workbook Verified row WH001"
WH-EPOXY-SULARDJAKA-2023-WH002,literature,WH-EPOXY-SULARDJAKA-2023,The effect of alkalization and esterification treatment on mechanical properties of water hyacinth fiber reinforced epoxy-resin composite,https://doi.org/10.15587/1729-4061.2023.274064,Water hyacinth (Eichhornia crassipes),Epoxy Bakelite EPR 174 + hardener V-140,none (untreated),,,25,,unidirectional; mechanically extracted strands,hand lay-up; mould 250 x 185 x 10 mm; 5 MPa compaction; water-jet cut,tensile_strength,ASTM D3039,45,MPa,,,The paper text reports 45 MPa at 25 wt% untreated. Figure 6 is consistent at this point. Statistic is not identified; the paper states six specimens per parameter but reports no mean/SD.,pending,context only,reported_value,"CC BY paper PDF, Zenodo record 7746959: primary text: PDF p.4/journal p.29 Sec. 5.3 and PDF p.6/journal p.31 Conclusion 3; Fig. 6 PDF p.5/journal p.30 untreated at 25 wt%; supplied workbook Verified row WH002"
WH-EPOXY-SULARDJAKA-2023-WH003,literature,WH-EPOXY-SULARDJAKA-2023,The effect of alkalization and esterification treatment on mechanical properties of water hyacinth fiber reinforced epoxy-resin composite,https://doi.org/10.15587/1729-4061.2023.274064,Water hyacinth (Eichhornia crassipes),Epoxy Bakelite EPR 174 + hardener V-140,alkali (NaOH),5,24,15,,unidirectional; mechanically extracted strands,hand lay-up; mould 250 x 185 x 10 mm; 5 MPa compaction; water-jet cut,tensile_strength,ASTM D3039,55,MPa,,,"The paper text reports 55 MPa at 15 wt% after 5% NaOH treatment. Figure 6 is consistent. Treatment duration is 24 h; concentration basis is unspecified. Statistic is not identified; six specimens per parameter, no mean/SD reported.",pending,context only,reported_value,"CC BY paper PDF, Zenodo record 7746959: primary text: PDF p.4/journal p.29 Sec. 5.3 and PDF p.6/journal p.31 Conclusion 3; Fig. 6 PDF p.5/journal p.30 at 5% NaOH and 15 wt%; supplied workbook Verified row WH003"
WH-EPOXY-SULARDJAKA-2023-WH004,literature,WH-EPOXY-SULARDJAKA-2023,The effect of alkalization and esterification treatment on mechanical properties of water hyacinth fiber reinforced epoxy-resin composite,https://doi.org/10.15587/1729-4061.2023.274064,Water hyacinth (Eichhornia crassipes),Epoxy Bakelite EPR 174 + hardener V-140,alkali (NaOH),5,24,25,,unidirectional; mechanically extracted strands,hand lay-up; mould 250 x 185 x 10 mm; 5 MPa compaction; water-jet cut,tensile_strength,ASTM D3039,58,MPa,,,"The paper text reports 58 MPa at 25 wt% after 5% NaOH treatment. Figure 6 is consistent. Treatment duration is 24 h; concentration basis is unspecified. Statistic is not identified; six specimens per parameter, no mean/SD reported.",pending,context only,reported_value,"CC BY paper PDF, Zenodo record 7746959: primary text: PDF p.4/journal p.29 Sec. 5.3 and PDF p.6/journal p.31 Conclusion 3; Fig. 6 PDF p.5/journal p.30 at 5% NaOH and 25 wt%; supplied workbook Verified row WH004"
WH-EPOXY-SULARDJAKA-2023-WH005,literature,WH-EPOXY-SULARDJAKA-2023,The effect of alkalization and esterification treatment on mechanical properties of water hyacinth fiber reinforced epoxy-resin composite,https://doi.org/10.15587/1729-4061.2023.274064,Water hyacinth (Eichhornia crassipes),Epoxy Bakelite EPR 174 + hardener V-140,esterification (methods give CH3COOH; abstract/results call acetate/acetic anhydride; identity unresolved),,24,15,,unidirectional; mechanically extracted strands,hand lay-up; mould 250 x 185 x 10 mm; 5 MPa compaction; water-jet cut,tensile_strength,ASTM D3039,59,MPa,,,"The paper text reports 59 MPa at 15 wt% after esterification. Methods call the reagent CH3COOH while abstract/results call it acetate/acetic anhydride; identity, concentration, and temperature remain unresolved. Treatment duration is 24 h. Statistic is not identified; six specimens per parameter, no mean/SD reported.",pending,context only,reported_value,"CC BY paper PDF, Zenodo record 7746959: primary text: PDF p.4/journal p.29 Sec. 5.3 and PDF p.6/journal p.31 Conclusion 3; Fig. 6 PDF p.5/journal p.30 esterification at 15 wt%; supplied workbook Verified row WH005"
WH-EPOXY-SULARDJAKA-2023-WH006,literature,WH-EPOXY-SULARDJAKA-2023,The effect of alkalization and esterification treatment on mechanical properties of water hyacinth fiber reinforced epoxy-resin composite,https://doi.org/10.15587/1729-4061.2023.274064,Water hyacinth (Eichhornia crassipes),Epoxy Bakelite EPR 174 + hardener V-140,esterification (methods give CH3COOH; abstract/results call acetate/acetic anhydride; identity unresolved),,24,25,,unidirectional; mechanically extracted strands,hand lay-up; mould 250 x 185 x 10 mm; 5 MPa compaction; water-jet cut,tensile_strength,ASTM D3039,61,MPa,,,"The paper text reports a highest value of 61 MPa at 25 wt% after esterification. Methods call the reagent CH3COOH while abstract/results call it acetate/acetic anhydride; identity, concentration, and temperature remain unresolved. Treatment duration is 24 h. Statistic is not identified; six specimens per parameter, no mean/SD reported.",pending,context only,reported_value,"CC BY paper PDF, Zenodo record 7746959: primary text: PDF p.4/journal p.29 Sec. 5.3 and PDF p.6/journal p.31 Conclusion 3; Fig. 6 PDF p.5/journal p.30 esterification at 25 wt%; supplied workbook Verified row WH006"
WH-EPOXY-SULARDJAKA-2023-WHE01,literature,WH-EPOXY-SULARDJAKA-2023,The effect of alkalization and esterification treatment on mechanical properties of water hyacinth fiber reinforced epoxy-resin composite,https://doi.org/10.15587/1729-4061.2023.274064,Water hyacinth (Eichhornia crassipes),Epoxy Bakelite EPR 174 + hardener V-140,none (untreated),,,15,,unidirectional; mechanically extracted strands,hand lay-up; mould 250 x 185 x 10 mm; 5 MPa compaction; water-jet cut,tensile_strength,ASTM D3039,43,MPa,,,"Figure 6 visually rechecked against the primary paper; approximate reading remains 43 MPa and stays graph_estimate. No exact point label or error bar; reported uncertainty unavailable. Paper states six specimens per parameter, but statistic is unspecified.",pending,context only,graph_estimate,"CC BY paper PDF, Zenodo record 7746959: primary figure: Fig. 6, PDF p.5/journal p.30, untreated at 15 wt%; supplied workbook Graph estimates row WHE01"
WH-EPOXY-SULARDJAKA-2023-WHE02,literature,WH-EPOXY-SULARDJAKA-2023,The effect of alkalization and esterification treatment on mechanical properties of water hyacinth fiber reinforced epoxy-resin composite,https://doi.org/10.15587/1729-4061.2023.274064,Water hyacinth (Eichhornia crassipes),Epoxy Bakelite EPR 174 + hardener V-140,alkali (NaOH),10,24,15,,unidirectional; mechanically extracted strands,hand lay-up; mould 250 x 185 x 10 mm; 5 MPa compaction; water-jet cut,tensile_strength,ASTM D3039,41,MPa,,,"Figure 6 visually rechecked against the primary paper; approximate reading remains 41 MPa and stays graph_estimate. No exact point label or error bar; reported uncertainty unavailable. Paper states six specimens per parameter, but statistic is unspecified.",pending,context only,graph_estimate,"CC BY paper PDF, Zenodo record 7746959: primary figure: Fig. 6, PDF p.5/journal p.30, 10% NaOH at 15 wt%; supplied workbook Graph estimates row WHE02"
WH-EPOXY-SULARDJAKA-2023-WHE03,literature,WH-EPOXY-SULARDJAKA-2023,The effect of alkalization and esterification treatment on mechanical properties of water hyacinth fiber reinforced epoxy-resin composite,https://doi.org/10.15587/1729-4061.2023.274064,Water hyacinth (Eichhornia crassipes),Epoxy Bakelite EPR 174 + hardener V-140,alkali (NaOH),10,24,25,,unidirectional; mechanically extracted strands,hand lay-up; mould 250 x 185 x 10 mm; 5 MPa compaction; water-jet cut,tensile_strength,ASTM D3039,41,MPa,,,"Figure 6 visually rechecked against the primary paper; approximate reading remains 41 MPa and stays graph_estimate. No exact point label or error bar; reported uncertainty unavailable. Paper states six specimens per parameter, but statistic is unspecified.",pending,context only,graph_estimate,"CC BY paper PDF, Zenodo record 7746959: primary figure: Fig. 6, PDF p.5/journal p.30, 10% NaOH at 25 wt%; supplied workbook Graph estimates row WHE03"
WH-EPOXY-SULARDJAKA-2023-WHE04,literature,WH-EPOXY-SULARDJAKA-2023,The effect of alkalization and esterification treatment on mechanical properties of water hyacinth fiber reinforced epoxy-resin composite,https://doi.org/10.15587/1729-4061.2023.274064,Water hyacinth (Eichhornia crassipes),Epoxy Bakelite EPR 174 + hardener V-140,esterification (methods give CH3COOH; abstract/results call acetate/acetic anhydride; identity unresolved),,24,35,,unidirectional; mechanically extracted strands,hand lay-up; mould 250 x 185 x 10 mm; 5 MPa compaction; water-jet cut,tensile_strength,ASTM D3039,64.5,MPa,,,Figure 6 visually rechecked; approximate 64.5 MPa reading remains graph_estimate. Text says about 7% above 61 MPa without stating an exact 35 wt% value; do not convert this comparison into a reported value. Esterification reagent naming remains unresolved; no figure error bar.,pending,context only,graph_estimate,"CC BY paper PDF, Zenodo record 7746959: primary figure: Fig. 6, PDF p.5/journal p.30, esterification at 35 wt%; supplied workbook Graph estimates row WHE04; compare text in PDF p.4/journal p.29 Sec. 5.3"
WH-EPOXY-SULARDJAKA-2023-WHC01-TEXT,literature,WH-EPOXY-SULARDJAKA-2023,The effect of alkalization and esterification treatment on mechanical properties of water hyacinth fiber reinforced epoxy-resin composite,https://doi.org/10.15587/1729-4061.2023.274064,Water hyacinth (Eichhornia crassipes),Epoxy Bakelite EPR 174 + hardener V-140,none (untreated),,,35,,unidirectional; mechanically extracted strands,hand lay-up; mould 250 x 185 x 10 mm; 5 MPa compaction; water-jet cut,tensile_strength,ASTM D3039,67,MPa,,,"Conflict WHC01: Paper text reports 67 MPa at 35 wt% untreated; the same paper Figure 6 reads approximately 54 MPa. Preserve this unresolved text/figure conflict; six specimens per parameter, statistic unspecified.",pending,context only,reported_value,"CC BY paper PDF, Zenodo record 7746959: primary text: PDF p.4/journal p.29 Sec. 5.3 and PDF p.6/journal p.31 Conclusion 3; conflict file WHC01 text side"
WH-EPOXY-SULARDJAKA-2023-WHC01-FIG,literature,WH-EPOXY-SULARDJAKA-2023,The effect of alkalization and esterification treatment on mechanical properties of water hyacinth fiber reinforced epoxy-resin composite,https://doi.org/10.15587/1729-4061.2023.274064,Water hyacinth (Eichhornia crassipes),Epoxy Bakelite EPR 174 + hardener V-140,none (untreated),,,35,,unidirectional; mechanically extracted strands,hand lay-up; mould 250 x 185 x 10 mm; 5 MPa compaction; water-jet cut,tensile_strength,ASTM D3039,54,MPa,,,Conflict WHC01: Figure 6 visually rechecked; approximately 54 MPa versus text-reported 67 MPa. Preserve as graph_estimate and unresolved conflict; no exact point label or error bar.,pending,context only,graph_estimate,"CC BY paper PDF, Zenodo record 7746959: primary figure: Fig. 6 PDF p.5/journal p.30 at 35 wt% untreated; conflict file WHC01 figure side"
WH-EPOXY-SULARDJAKA-2023-WHC02-TEXT,literature,WH-EPOXY-SULARDJAKA-2023,The effect of alkalization and esterification treatment on mechanical properties of water hyacinth fiber reinforced epoxy-resin composite,https://doi.org/10.15587/1729-4061.2023.274064,Water hyacinth (Eichhornia crassipes),Epoxy Bakelite EPR 174 + hardener V-140,alkali (NaOH),5,24,35,,unidirectional; mechanically extracted strands,hand lay-up; mould 250 x 185 x 10 mm; 5 MPa compaction; water-jet cut,tensile_strength,ASTM D3039,51,MPa,,,"Conflict WHC02: Paper text reports 51 MPa at 35 wt% after 5% NaOH; Figure 6 reads approximately 59 MPa. Preserve unresolved conflict; treatment is 24 h, concentration basis unspecified; six specimens per parameter, statistic unspecified.",pending,context only,reported_value,"CC BY paper PDF, Zenodo record 7746959: primary text: PDF p.4/journal p.29 Sec. 5.3 and PDF p.6/journal p.31 Conclusion 3; conflict file WHC02 text side"
WH-EPOXY-SULARDJAKA-2023-WHC02-FIG,literature,WH-EPOXY-SULARDJAKA-2023,The effect of alkalization and esterification treatment on mechanical properties of water hyacinth fiber reinforced epoxy-resin composite,https://doi.org/10.15587/1729-4061.2023.274064,Water hyacinth (Eichhornia crassipes),Epoxy Bakelite EPR 174 + hardener V-140,alkali (NaOH),5,24,35,,unidirectional; mechanically extracted strands,hand lay-up; mould 250 x 185 x 10 mm; 5 MPa compaction; water-jet cut,tensile_strength,ASTM D3039,59,MPa,,,Conflict WHC02: Figure 6 visually rechecked; approximately 59 MPa versus text-reported 51 MPa. Preserve as graph_estimate and unresolved conflict; no exact point label or error bar.,pending,context only,graph_estimate,"CC BY paper PDF, Zenodo record 7746959: primary figure: Fig. 6 PDF p.5/journal p.30 at 35 wt% and 5% NaOH; conflict file WHC02 figure side"
WH-EPOXY-SULARDJAKA-2023-WHC03-TEXT,literature,WH-EPOXY-SULARDJAKA-2023,The effect of alkalization and esterification treatment on mechanical properties of water hyacinth fiber reinforced epoxy-resin composite,https://doi.org/10.15587/1729-4061.2023.274064,Water hyacinth (Eichhornia crassipes),Epoxy Bakelite EPR 174 + hardener V-140,alkali (NaOH),10,24,35,,unidirectional; mechanically extracted strands,hand lay-up; mould 250 x 185 x 10 mm; 5 MPa compaction; water-jet cut,tensile_strength,ASTM D3039,35,MPa,,,"Conflict WHC03: Paper text reports 35 MPa at 35 wt% after 10% NaOH; Figure 6 reads approximately 42 MPa. Preserve unresolved conflict; treatment is 24 h, concentration basis unspecified; six specimens per parameter, statistic unspecified.",pending,context only,reported_value,"CC BY paper PDF, Zenodo record 7746959: primary text: PDF p.5/journal p.30 and PDF p.6/journal p.31 Conclusion 3; conflict file WHC03 text side"
WH-EPOXY-SULARDJAKA-2023-WHC03-FIG,literature,WH-EPOXY-SULARDJAKA-2023,The effect of alkalization and esterification treatment on mechanical properties of water hyacinth fiber reinforced epoxy-resin composite,https://doi.org/10.15587/1729-4061.2023.274064,Water hyacinth (Eichhornia crassipes),Epoxy Bakelite EPR 174 + hardener V-140,alkali (NaOH),10,24,35,,unidirectional; mechanically extracted strands,hand lay-up; mould 250 x 185 x 10 mm; 5 MPa compaction; water-jet cut,tensile_strength,ASTM D3039,42,MPa,,,Conflict WHC03: Figure 6 visually rechecked; approximately 42 MPa versus text-reported 35 MPa. Preserve as graph_estimate and unresolved conflict; no exact point label or error bar.,pending,context only,graph_estimate,"CC BY paper PDF, Zenodo record 7746959: primary figure: Fig. 6 PDF p.5/journal p.30 at 35 wt% and 10% NaOH; conflict file WHC03 figure side"
BAMBOO-EPOXY-RAMARAO-2018-BAE01,literature,BAMBOO-EPOXY-RAMARAO-2018,Bamboo Fiber Based Polymer Composites Synthesis Mechanical Characterization,https://doi.org/10.5281/zenodo.1163658,Bamboo (species not stated),Epoxy resin + hardener HY 951 (Ciba Geigy India); ratio not stated,none stated,,,15,6,short fibre; manually cut; about 3 mm wide strips,hand mixing; closed mould; 50 kg dead load 24 h; air cure 24 h,tensile_strength,ASTM D3039-76,12,MPa,,,"Tensile chart visually rechecked against the source PDF; approximate bar height agrees with this graph estimate (12/13/14 MPa at 6 mm, 14/15/16 MPa at 8 mm, 16/18/19 MPa at 12 mm for 15/30/45 wt%, respectively). Remains graph_estimate, not a reported value; no error bars or replicate count. Section 3 prose conflicts with Table 1/chart on lengths and loadings; unresolved.",pending,context only,graph_estimate,"CC BY paper PDF, Zenodo record 1163658: PDF p.3, unnumbered tensile chart under Section 5.1; chart/Table 1 conditions 6/8/12 mm and 15/30/45 wt%; supplied estimate row 01"
BAMBOO-EPOXY-RAMARAO-2018-BAE02,literature,BAMBOO-EPOXY-RAMARAO-2018,Bamboo Fiber Based Polymer Composites Synthesis Mechanical Characterization,https://doi.org/10.5281/zenodo.1163658,Bamboo (species not stated),Epoxy resin + hardener HY 951 (Ciba Geigy India); ratio not stated,none stated,,,30,6,short fibre; manually cut; about 3 mm wide strips,hand mixing; closed mould; 50 kg dead load 24 h; air cure 24 h,tensile_strength,ASTM D3039-76,13,MPa,,,"Tensile chart visually rechecked against the source PDF; approximate bar height agrees with this graph estimate (12/13/14 MPa at 6 mm, 14/15/16 MPa at 8 mm, 16/18/19 MPa at 12 mm for 15/30/45 wt%, respectively). Remains graph_estimate, not a reported value; no error bars or replicate count. Section 3 prose conflicts with Table 1/chart on lengths and loadings; unresolved.",pending,context only,graph_estimate,"CC BY paper PDF, Zenodo record 1163658: PDF p.3, unnumbered tensile chart under Section 5.1; chart/Table 1 conditions 6/8/12 mm and 15/30/45 wt%; supplied estimate row 02"
BAMBOO-EPOXY-RAMARAO-2018-BAE03,literature,BAMBOO-EPOXY-RAMARAO-2018,Bamboo Fiber Based Polymer Composites Synthesis Mechanical Characterization,https://doi.org/10.5281/zenodo.1163658,Bamboo (species not stated),Epoxy resin + hardener HY 951 (Ciba Geigy India); ratio not stated,none stated,,,45,6,short fibre; manually cut; about 3 mm wide strips,hand mixing; closed mould; 50 kg dead load 24 h; air cure 24 h,tensile_strength,ASTM D3039-76,14,MPa,,,"Tensile chart visually rechecked against the source PDF; approximate bar height agrees with this graph estimate (12/13/14 MPa at 6 mm, 14/15/16 MPa at 8 mm, 16/18/19 MPa at 12 mm for 15/30/45 wt%, respectively). Remains graph_estimate, not a reported value; no error bars or replicate count. Section 3 prose conflicts with Table 1/chart on lengths and loadings; unresolved.",pending,context only,graph_estimate,"CC BY paper PDF, Zenodo record 1163658: PDF p.3, unnumbered tensile chart under Section 5.1; chart/Table 1 conditions 6/8/12 mm and 15/30/45 wt%; supplied estimate row 03"
BAMBOO-EPOXY-RAMARAO-2018-BAE04,literature,BAMBOO-EPOXY-RAMARAO-2018,Bamboo Fiber Based Polymer Composites Synthesis Mechanical Characterization,https://doi.org/10.5281/zenodo.1163658,Bamboo (species not stated),Epoxy resin + hardener HY 951 (Ciba Geigy India); ratio not stated,none stated,,,15,8,short fibre; manually cut; about 3 mm wide strips,hand mixing; closed mould; 50 kg dead load 24 h; air cure 24 h,tensile_strength,ASTM D3039-76,14,MPa,,,"Tensile chart visually rechecked against the source PDF; approximate bar height agrees with this graph estimate (12/13/14 MPa at 6 mm, 14/15/16 MPa at 8 mm, 16/18/19 MPa at 12 mm for 15/30/45 wt%, respectively). Remains graph_estimate, not a reported value; no error bars or replicate count. Section 3 prose conflicts with Table 1/chart on lengths and loadings; unresolved.",pending,context only,graph_estimate,"CC BY paper PDF, Zenodo record 1163658: PDF p.3, unnumbered tensile chart under Section 5.1; chart/Table 1 conditions 6/8/12 mm and 15/30/45 wt%; supplied estimate row 04"
BAMBOO-EPOXY-RAMARAO-2018-BAE05,literature,BAMBOO-EPOXY-RAMARAO-2018,Bamboo Fiber Based Polymer Composites Synthesis Mechanical Characterization,https://doi.org/10.5281/zenodo.1163658,Bamboo (species not stated),Epoxy resin + hardener HY 951 (Ciba Geigy India); ratio not stated,none stated,,,30,8,short fibre; manually cut; about 3 mm wide strips,hand mixing; closed mould; 50 kg dead load 24 h; air cure 24 h,tensile_strength,ASTM D3039-76,15,MPa,,,"Tensile chart visually rechecked against the source PDF; approximate bar height agrees with this graph estimate (12/13/14 MPa at 6 mm, 14/15/16 MPa at 8 mm, 16/18/19 MPa at 12 mm for 15/30/45 wt%, respectively). Remains graph_estimate, not a reported value; no error bars or replicate count. Section 3 prose conflicts with Table 1/chart on lengths and loadings; unresolved.",pending,context only,graph_estimate,"CC BY paper PDF, Zenodo record 1163658: PDF p.3, unnumbered tensile chart under Section 5.1; chart/Table 1 conditions 6/8/12 mm and 15/30/45 wt%; supplied estimate row 05"
BAMBOO-EPOXY-RAMARAO-2018-BAE06,literature,BAMBOO-EPOXY-RAMARAO-2018,Bamboo Fiber Based Polymer Composites Synthesis Mechanical Characterization,https://doi.org/10.5281/zenodo.1163658,Bamboo (species not stated),Epoxy resin + hardener HY 951 (Ciba Geigy India); ratio not stated,none stated,,,45,8,short fibre; manually cut; about 3 mm wide strips,hand mixing; closed mould; 50 kg dead load 24 h; air cure 24 h,tensile_strength,ASTM D3039-76,16,MPa,,,"Tensile chart visually rechecked against the source PDF; approximate bar height agrees with this graph estimate (12/13/14 MPa at 6 mm, 14/15/16 MPa at 8 mm, 16/18/19 MPa at 12 mm for 15/30/45 wt%, respectively). Remains graph_estimate, not a reported value; no error bars or replicate count. Section 3 prose conflicts with Table 1/chart on lengths and loadings; unresolved.",pending,context only,graph_estimate,"CC BY paper PDF, Zenodo record 1163658: PDF p.3, unnumbered tensile chart under Section 5.1; chart/Table 1 conditions 6/8/12 mm and 15/30/45 wt%; supplied estimate row 06"
BAMBOO-EPOXY-RAMARAO-2018-BAE07,literature,BAMBOO-EPOXY-RAMARAO-2018,Bamboo Fiber Based Polymer Composites Synthesis Mechanical Characterization,https://doi.org/10.5281/zenodo.1163658,Bamboo (species not stated),Epoxy resin + hardener HY 951 (Ciba Geigy India); ratio not stated,none stated,,,15,12,short fibre; manually cut; about 3 mm wide strips,hand mixing; closed mould; 50 kg dead load 24 h; air cure 24 h,tensile_strength,ASTM D3039-76,16,MPa,,,"Tensile chart visually rechecked against the source PDF; approximate bar height agrees with this graph estimate (12/13/14 MPa at 6 mm, 14/15/16 MPa at 8 mm, 16/18/19 MPa at 12 mm for 15/30/45 wt%, respectively). Remains graph_estimate, not a reported value; no error bars or replicate count. Section 3 prose conflicts with Table 1/chart on lengths and loadings; unresolved.",pending,context only,graph_estimate,"CC BY paper PDF, Zenodo record 1163658: PDF p.3, unnumbered tensile chart under Section 5.1; chart/Table 1 conditions 6/8/12 mm and 15/30/45 wt%; supplied estimate row 07"
BAMBOO-EPOXY-RAMARAO-2018-BAE08,literature,BAMBOO-EPOXY-RAMARAO-2018,Bamboo Fiber Based Polymer Composites Synthesis Mechanical Characterization,https://doi.org/10.5281/zenodo.1163658,Bamboo (species not stated),Epoxy resin + hardener HY 951 (Ciba Geigy India); ratio not stated,none stated,,,30,12,short fibre; manually cut; about 3 mm wide strips,hand mixing; closed mould; 50 kg dead load 24 h; air cure 24 h,tensile_strength,ASTM D3039-76,18,MPa,,,"Tensile chart visually rechecked against the source PDF; approximate bar height agrees with this graph estimate (12/13/14 MPa at 6 mm, 14/15/16 MPa at 8 mm, 16/18/19 MPa at 12 mm for 15/30/45 wt%, respectively). Remains graph_estimate, not a reported value; no error bars or replicate count. Section 3 prose conflicts with Table 1/chart on lengths and loadings; unresolved.",pending,context only,graph_estimate,"CC BY paper PDF, Zenodo record 1163658: PDF p.3, unnumbered tensile chart under Section 5.1; chart/Table 1 conditions 6/8/12 mm and 15/30/45 wt%; supplied estimate row 08"
BAMBOO-EPOXY-RAMARAO-2018-BAE09,literature,BAMBOO-EPOXY-RAMARAO-2018,Bamboo Fiber Based Polymer Composites Synthesis Mechanical Characterization,https://doi.org/10.5281/zenodo.1163658,Bamboo (species not stated),Epoxy resin + hardener HY 951 (Ciba Geigy India); ratio not stated,none stated,,,45,12,short fibre; manually cut; about 3 mm wide strips,hand mixing; closed mould; 50 kg dead load 24 h; air cure 24 h,tensile_strength,ASTM D3039-76,19,MPa,,,"Tensile chart visually rechecked against the source PDF; approximate bar height agrees with this graph estimate (12/13/14 MPa at 6 mm, 14/15/16 MPa at 8 mm, 16/18/19 MPa at 12 mm for 15/30/45 wt%, respectively). Remains graph_estimate, not a reported value; no error bars or replicate count. Section 3 prose conflicts with Table 1/chart on lengths and loadings; unresolved.",pending,context only,graph_estimate,"CC BY paper PDF, Zenodo record 1163658: PDF p.3, unnumbered tensile chart under Section 5.1; chart/Table 1 conditions 6/8/12 mm and 15/30/45 wt%; supplied estimate row 09"
