source_id,title,authors,publication_year,journal,doi,url,metadata_source,access_level,fibre_type,fibre_preparation,matrix_type,treatment_method,naoh_concentration_pct,fibre_loading_wt_pct,fibre_length_mm,fabrication_method,test_methods,test_standards,reported_properties,compatibility_category,verification_status,review_status,review_notes,extraction_confidence,access_url,access_date
LIT-IC-1986,"Structure and properties of Ipomoea carnea: Its performance in polymer, clay and cement based composites",Navin Chand; A.C. Khazanchi; P.K. Rohatgi,1986,International Journal of Cement Composites and Lightweight Concrete,10.1016/0262-5075(86)90020-5,https://doi.org/10.1016/0262-5075(86)90020-5,Crossref metadata,metadata_only,Ipomoea carnea,,,,,,,,,,,context only,metadata_verified,pending,Crossref DOI metadata reconfirmed. DOI route redirected without article content; the direct ScienceDirect PII route led to an unrelated silver-nanoparticle article; Unpaywall listed no repository copy. No full text or observations verified. Next lawful route: request a copy through the authors or an institutional library.,not assessed; no values extracted from the paper,https://doi.org/10.1016/0262-5075(86)90020-5,2026-10-09
LIT-IC-1988,Impact toughness Ipomoea carnea particulate-polyester composites,,1988,Composites,10.1016/0010-4361(88)90597-6,https://doi.org/10.1016/0010-4361(88)90597-6,Crossref metadata,metadata_only,Ipomoea carnea,particulate,polyester,,,,,,,,impact toughness,rejected,metadata_verified,rejected,"Crossref verifies the 1988 Composites 19(1), p.79 DOI record with no author names. ScienceDirect identifies its page as a Literature alert and embeds a citation to the separate 1987 Chand-Rohatgi article. Rejected as an independent measurement source; no experimental full text or measurements verified. The DOI record is retained only for bibliographic disambiguation.",not assessed; no values extracted from the paper,https://doi.org/10.1016/0010-4361(88)90597-6,2026-10-09
LIT-IC-2014,Effect of fiber loading on abrasive wear behaviour of Ipomoea carnea reinforced epoxy composite,Kamal Kumar Basumatary; Niharika Mohanta; S. K. Acharya,2014,International Journal of Plastics Technology,10.1007/s12588-014-9065-0,https://doi.org/10.1007/s12588-014-9065-0,Crossref metadata,metadata_only,Ipomoea carnea,,,,,,,,,,abrasive wear,context only,metadata_verified,pending,"Crossref citation metadata verified. Springer returned HTTP 406; OpenAlex and Unpaywall report closed access with no PDF or repository copy. Abrasive wear is outside current prediction targets; no methods/results or target measurements verified. Next lawful route, if the paper becomes relevant, is an author or institutional-library request.",not assessed; no values extracted from the paper,https://doi.org/10.1007/s12588-014-9065-0,2026-10-09
LIT-KENAF-2012,Flexural properties of treated and untreated kenaf/epoxy composites,B.F. Yousif; A. Shalwan; C.W. Chin; K.C. Ming,2012,Materials & Design,10.1016/j.matdes.2012.04.017,https://doi.org/10.1016/j.matdes.2012.04.017,Crossref metadata,metadata_only,kenaf,,epoxy,treated and untreated,,,,,,,flexural properties,conditionally comparable,metadata_verified,pending,Crossref/Unpaywall citation metadata verified; DOI redirects without full text and Unpaywall listed no repository copy. Full text and detailed abstract were not inspected. Different fibre species and unverified test conditions prevent pooling with Ipomoea carnea data. No observations extracted.,not assessed; no values extracted from the paper,https://doi.org/10.1016/j.matdes.2012.04.017,2026-10-09
LIT-IC-2013-CANDIDATE,Investigation into Mechanical and Tribological Properties of Ipomoea carnea Reinforced Epoxy Composite,Kamal Kumar Basumatary,2013,,,https://openalex.org/W1432582,OpenAlex indexed metadata and abstract,abstract_inspected,Ipomoea carnea,particulate (abstract-indexed text),epoxy,unknown,,,,,,,mechanical properties and abrasive wear (abstract only; no numerical values inspected),context only,abstract_inspected,rejected,OpenAlex identifies a 2013 dissertation by Kamal Kumar Basumatary and links NIT Rourkela repository item https://ethesis.nitrkl.ac.in/5168/. The item URL timed out over HTTP and HTTPS on 2026-10-09; the repository search URL https://ethesis.nitrkl.ac.in/cgi/search/simple?query=Investigation%20into%20Mechanical%20and%20Tribological%20Properties%20of%20Ipomoea%20carnea failed at the transport layer. NIT library homepage https://library.nitrkl.ac.in/ was reachable but provided no thesis file; the queried contact paths /contact-us/ and /about-us/contact-us/ returned 404. OpenAlex reports closed access and no PDF. The author ORCID https://orcid.org/0000-0003-0916-1524 has no public email record. No full text or measurements verified; next lawful route is a document request through NIT Rourkela library or an author contact obtained through an authoritative current institution page. The indexed abstract is not primary experimental evidence; source remains rejected for extraction and model pooling.,no values extracted; abstract-level evidence only,https://api.openalex.org/works/W1432582,2026-10-09
LIT-IC-NAOH-2023,Process for clean energy-pretreatment of cheap weedy raw material Ipomea carnea biomass with NaOH: Comparative process evaluation,Ashutosh Sharma; Priyanka Sharma; Archana Joshi; R. K. Bachheti; V. K. Mishra,2023,AIP Conference Proceedings,10.1063/5.0154376,https://doi.org/10.1063/5.0154376,Crossref and OpenAlex metadata,metadata_only,Ipomoea carnea biomass,,,NaOH pretreatment,,,,,,,biomass pretreatment for clean energy,context only,metadata_verified,pending,"Crossref bibliographic metadata verified. DOI/AIP access timed out and Unpaywall listed no repository copy; only metadata was inspected. This is biomass pretreatment rather than fibre-reinforced polymer composite research; no treatment concentrations, composite properties, methods, or measurements were extracted.",not assessed; no values extracted from the paper,https://api.crossref.org/works/10.1063%2F5.0154376,2026-10-09
WH-EPOXY-SULARDJAKA-2023,The effect of alkalization and esterification treatment on mechanical properties of water hyacinth fiber reinforced epoxy-resin composite,Sulardjaka Sulardjaka; Norman Iskandar; Parlindungan Manik; Dwi Satrio Nurseto,2023,Eastern-European Journal of Enterprise Technologies 1 (12(121)),10.15587/1729-4061.2023.274064,https://doi.org/10.15587/1729-4061.2023.274064,Crossref/OpenAlex citation and abstract; Zenodo record 7746959 CC BY 4.0 full-text PDF inspected,full_text_inspected,Water hyacinth (Eichhornia crassipes),Hair-like strands mechanically extracted by iron-brushing 50-70 cm stems; sun-dried; final fibre length not reported (PDF p.3/journal p.28),Epoxy Bakelite EPR 174 + V-140 hardener,"5% and 10% NaOH or esterification for 24 h; abstract additionally says 2% NaOH; methods/abstract discrepancy. Methods use CH3COOH, while abstract/results say acetate/acetic anhydride; reagent identity unresolved.",5%; 10% (methods); abstract additionally says 2% (unresolved),0%; 15%; 25%; 35%,,Hand lay-up; 250 x 185 x 10 mm mould; 5 MPa compaction; water-jet cut (PDF p.3/journal p.28),Composite tensile; neat-resin tensile; composite density; porosity; fibre morphology/thickness,ASTM D3039 (composite tensile); ASTM D638 (epoxy tensile); ASTM D792 (density); ASTM D2734 (porosity),Tensile strength (paper text and Figure 6); density; porosity; fibre thickness; elongation,context only,full_text_inspected,pending,"Full text obtained from CC BY 4.0 Zenodo record 7746959 and inspected (local PDF: data/raw/literature/full_text/WH-EPOXY-SULARDJAKA-2023.pdf). PDF p.1 gives citation/byline and identifies the study; p.3/journal p.28 gives Eichhornia crassipes fibre, EPR 174/V-140 matrix, extraction, treatments, loadings, fabrication, test standards and six specimens per parameter. PDF p.4/journal p.29 Sec. 5.3 and p.6/journal p.31 Conclusion 3 confirm six numeric text rows. Figure 6 (PDF p.5/journal p.30) was inspected; three 35 wt% text-vs-figure conflicts remain unresolved and graph readings remain estimates. Abstract lists 2/5/10% NaOH but methods list 5/10%; esterification reagent naming conflicts (CH3COOH vs acetate/acetic anhydride). No mean/SD or specimen-level data. Water hyacinth is not Ipomoea carnea; retain context-only and pending status.","Primary paper inspected; six numeric text rows checked; graph estimates and three text/figure conflicts kept distinct; no reported statistic, SD, or specimen-level data",https://zenodo.org/records/7746959,2026-10-09
BAMBOO-EPOXY-RAMARAO-2018,Bamboo Fiber Based Polymer Composites Synthesis Mechanical Characterization,M. Ramarao; A. Ravi Kiran; G. Mallikharjuna; B. Jamal Vali; J. V. Mohanachari,2018,"Journal of Advancement in Engineering and Technology, 6(1), article V6I1.01",10.5281/zenodo.1163658,https://doi.org/10.5281/zenodo.1163658,"Zenodo record, DataCite DOI record, and published PDF",full_text_inspected,Bamboo (species not stated),"short fibre, manually cut, about 3 mm wide strips",Epoxy resin + hardener HY 951 (Ciba Geigy India); ratio not stated,none stated,,,,hand mixing; closed mould; 50 kg dead load 24 h; air cure 24 h (PDF p.2),tensile test,ASTM D3039-76; Tinius Olsen H10KS (PDF p.2-3),tensile strength (graph estimates only; numeric results table absent),context only,full_text_inspected,pending,"The four-page open-access PDF at https://zenodo.org/records/1163658 was downloaded and inspected on 2026-10-09; local copy is data/raw/literature/full_text/BAMBOO-EPOXY-RAMARAO-2018.pdf (MD5 6cd8a9f56a4eb244ecf928c4331a1395). PDF p.1 confirms title, five-author byline, journal, and publication details; p.4 repeats citation and DOI. PDF p.2 Sec. 3 conflicts with Table 1/chart on fibre length and loading; unresolved. The nine tensile bars in the unnumbered chart (PDF p.3 Sec. 5.1) were visually re-read against the 2 MPa axis grid and agree with the existing estimates: 12/13/14, 14/15/16, and 16/18/19 MPa at 6/8/12 mm and 15/30/45 wt%, respectively. They remain graph estimates, not directly reported values. Bamboo is a different fibre species, so this source remains context-only and not model eligible. Article date discrepancy retained.",Full paper and tensile chart inspected; nine values visually confirmed as graph estimates; no directly reported tensile values,https://zenodo.org/records/1163658,2026-10-09
LIT-IC-1987-IMPACT,Impact toughness of Ipomoea carnea particulate-polyester composite,Navin Chand; P. K. Rohatgi,1987,"Journal of Materials Science Letters, 6(6), 695-697",10.1007/BF01770929,https://doi.org/10.1007/BF01770929,Crossref and OpenAlex bibliographic metadata,metadata_only,Ipomoea carnea,particulate,polyester,,,,,,,,impact toughness,context only,metadata_verified,pending,"Crossref and OpenAlex confirm the 1987 Springer citation. Springer returned HTTP 406; Unpaywall reports no open-access location or repository copy. No full text, numeric impact value, test method, or extraction locator verified. Particulate polyester is not automatically compatible with fibre-reinforced epoxy. Keep separate from the 1988 Literature-alert DOI record; request an author/library copy if needed.",Citation metadata verified only; no measurements extracted,https://doi.org/10.1007/BF01770929,2026-10-09
LIT-IC-PULP-2023,Evaluating the Pulp Blending Effects on the Strength Properties of Ipomoea carnea Jacq,Preeti Nand Kumar,2023,"Novel Aspects on Chemistry and Biochemistry, Vol. 4, pp. 25-33 (book chapter)",10.9734/bpi/nacb/v4/6092e,https://doi.org/10.9734/bpi/nacb/v4/6092e,Crossref bibliographic metadata,metadata_only,Ipomoea carnea Jacq,pulp blending (title only),paper pulp; not a polymer composite,,,,,,,,pulp/paper strength properties (title only; no values inspected),context only,metadata_verified,pending,"Crossref confirms the book-chapter title, author, publisher, date, DOI, and pages. The publisher landing page timed out on 2026-10-09; no abstract, full text, methods, or measurements were inspected. This concerns pulp/paper blending, not fibre-reinforced polymer composites or a project prediction target; no observations extracted.",Citation metadata verified only; research content inaccessible,https://stm.bookpi.org/NACB-V4/article/view/11254,2026-10-09
LIT-IC-CHEM-2023,Assessment of Chemical Components to Determine the Pulp and Paper Production Properties of Ipomoea Carnea Jacq,Preeti Nand Kumar,2023,"Novel Aspects on Chemistry and Biochemistry, Vol. 4, pp. 172-182 (book chapter)",10.9734/bpi/nacb/v4/7079a,https://doi.org/10.9734/bpi/nacb/v4/7079a,Crossref bibliographic metadata,metadata_only,Ipomoea carnea Jacq,chemical-component characterization for pulp/paper (title only),paper pulp feedstock; not a polymer composite,,,,,,,,chemical components and pulp/paper suitability (title only; no values inspected),context only,metadata_verified,pending,"Crossref confirms the book-chapter title, author, publisher, date, DOI, and pages. The publisher landing page timed out on 2026-10-09; no abstract, full text, methods, or measurements were inspected. This is raw-material/pulp-paper characterization, not a fibre-reinforced polymer study or project prediction target; no observations extracted.",Citation metadata verified only; research content inaccessible,https://stm.bookpi.org/NACB-V4/article/view/11294,2026-10-09
