Modulus (Segment 0.001 mm/mm - 0.008 mm/mm) : Modulus (Segment 0.001 mm/mm - 0.008 mm/mm),"5,643.31224",MPa
Poisson's ratio (Least squares fit) : Poisson's ratio (Least squares fit),"0.25443"
Specimen properties : Gauge length,"15.54000",mm
Specimen properties : Gauge length transverse,"4.63400",mm
Specimen properties : Thickness,"3.73000",mm
Specimen properties : Width,"15.16000",mm

Time,Extension,Load,Video axial strain,Video transverse strain,Calculated Stress
(s),(mm),(N),(mm/mm),(mm/mm),(MPa)
"0.00000","0.03886","21.11288","0.00000","0.00004","0.37337"
"0.10000","0.03976","21.83747","0.00001","-0.00007","0.38618"
"0.20000","0.04380","27.87250","0.00005","0.00001","0.49291"
"0.30000","0.04858","39.48703","0.00006","0.00004","0.69831"
"0.40000","0.05232","48.51052","0.00008","0.00001","0.85788"
"0.50000","0.05545","55.55536","0.00011","0.00005","0.98247"
"0.60000","0.05897","63.24247","0.00010","0.00005","1.11841"
"0.70000","0.06233","70.92577","0.00012","0.00001","1.25428"
"0.80000","0.06562","78.58273","0.00014","0.00002","1.38969"
"0.90000","0.06898","85.80504","0.00013","-0.00006","1.51742"
"1.00000","0.07242","93.06340","0.00015","-0.00045","1.64578"
"1.10000","0.07563","100.39798","0.00017","-0.00046","1.77548"
"1.20000","0.07885","107.85724","0.00015","-0.00044","1.90740"
"1.30000","0.08236","114.61133","0.00015","-0.00059","2.02684"
"1.40000","0.08572","122.92306","0.00020","-0.00057","2.17383"
"1.50000","0.08894","130.47925","0.00022","-0.00050","2.30746"
"1.60000","0.09237","137.74031","0.00023","-0.00045","2.43586"
"1.70000","0.09581","144.95583","0.00025","-0.00045","2.56347"
"1.80000","0.09895","151.78262","0.00023","-0.00031","2.68419"
"1.90000","0.10239","158.77654","0.00025","-0.00028","2.80788"
"2.00000","0.10568","166.32494","0.00030","-0.00026","2.94137"
"2.10000","0.10897","173.42099","0.00034","-0.00019","3.06686"
"2.20000","0.11233","180.94705","0.00034","-0.00011","3.19995"
"2.30000","0.11569","187.99429","0.00034","-0.00008","3.32458"
"2.40000","0.11906","195.61671","0.00033","-0.00001","3.45938"
"2.50000","0.12227","202.46317","0.00041","-0.00004","3.58045"
"2.60000","0.12571","209.75667","0.00044","-0.00001","3.70943"
"2.70000","0.12900","217.30354","0.00046","0.00001","3.84290"
"2.80000","0.13221","223.89386","0.00046","0.00002","3.95944"
"2.90000","0.13572","230.61971","0.00046","0.00011","4.07839"
"3.00000","0.13909","239.07965","0.00051","0.00010","4.22800"
"3.10000","0.14230","246.13861","0.00053","0.00011","4.35283"
"3.20000","0.14574","253.49329","0.00055","0.00018","4.48289"
"3.30000","0.14903","259.75992","0.00057","0.00020","4.59372"
"3.40000","0.15224","267.23245","0.00058","0.00022","4.72586"
"3.50000","0.15560","274.00146","0.00061","0.00020","4.84557"
"3.60000","0.15904","280.96884","0.00063","0.00021","4.96878"
"3.70000","0.16233","288.96976","0.00063","0.00022","5.11028"
"3.80000","0.16562","295.21835","0.00066","0.00018","5.22078"
"3.90000","0.16913","303.90613","0.00067","0.00017","5.37442"
"4.00000","0.17234","310.03131","0.00067","0.00021","5.48274"
"4.10000","0.17556","317.46497","0.00068","-0.00005","5.61420"
"4.20000","0.17899","324.73666","0.00070","-0.00022","5.74279"
"4.30000","0.18236","332.05591","0.00072","-0.00033","5.87223"
"4.40000","0.18565","338.29681","0.00074","-0.00043","5.98260"
"4.50000","0.18901","345.61169","0.00075","-0.00043","6.11196"
"4.60000","0.19245","353.32126","0.00073","-0.00041","6.24830"
"4.70000","0.19559","359.26727","0.00074","-0.00043","6.35345"
"4.80000","0.19895","366.80762","0.00082","-0.00038","6.48680"
"4.90000","0.20239","374.33353","0.00082","-0.00032","6.61989"
"5.00000","0.20553","381.75085","0.00082","-0.00024","6.75106"
"5.10000","0.20896","387.83072","0.00082","-0.00023","6.85858"
"5.20000","0.21240","396.05777","0.00084","-0.00018","7.00407"
"5.30000","0.21569","402.07706","0.00090","-0.00005","7.11052"
"5.40000","0.21898","408.75296","0.00090","0.00005","7.22858"
"5.50000","0.22234","416.46497","0.00093","0.00003","7.36496"
"5.60000","0.22563","422.92062","0.00096","0.00003","7.47913"
"5.70000","0.22892","430.07904","0.00099","0.00010","7.60572"
"5.80000","0.23236","438.11459","0.00100","0.00010","7.74782"
"5.90000","0.23579","444.79352","0.00103","0.00012","7.86594"
"6.00000","0.23893","451.56116","0.00105","0.00011","7.98562"
"6.10000","0.24237","458.40643","0.00106","0.00018","8.10667"
"6.20000","0.24581","466.27039","0.00107","0.00018","8.24574"
"6.30000","0.24887","472.00299","0.00109","0.00026","8.34712"
"6.40000","0.25231","480.34531","0.00111","0.00027","8.49465"
"6.50000","0.25575","486.50574","0.00114","0.00027","8.60359"
"6.60000","0.25889","493.47614","0.00112","0.00026","8.72686"
"6.70000","0.26240","499.71832","0.00115","0.00027","8.83725"
"6.80000","0.26569","507.44055","0.00118","0.00031","8.97382"
"6.90000","0.26898","513.82172","0.00120","0.00031","9.08666"
"7.00000","0.27219","520.57861","0.00121","0.00032","9.20615"
"7.10000","0.27563","527.03607","0.00124","0.00029","9.32035"
"7.20000","0.27907","534.38977","0.00124","0.00033","9.45040"
"7.30000","0.28221","541.51477","0.00127","0.00019","9.57640"
"7.40000","0.28564","548.27161","0.00131","-0.00008","9.69589"
"7.50000","0.28916","556.10065","0.00131","-0.00021","9.83434"
"7.60000","0.29222","562.62769","0.00132","-0.00024","9.94977"
"7.70000","0.29566","568.65295","0.00135","-0.00027","10.05632"
"7.80000","0.29902","576.14783","0.00136","-0.00031","10.18887"
"7.90000","0.30224","581.90875","0.00139","-0.00037","10.29075"
"8.00000","0.30575","588.51086","0.00139","-0.00028","10.40750"
"8.10000","0.30904","596.47418","0.00143","-0.00025","10.54833"
"8.20000","0.31233","603.05524","0.00142","-0.00019","10.66471"
"8.30000","0.31561","609.07190","0.00147","-0.00016","10.77111"
"8.40000","0.31898","616.23718","0.00150","-0.00017","10.89783"
"8.50000","0.32234","622.77460","0.00148","-0.00011","11.01344"
"8.60000","0.32555","628.90656","0.00150","-0.00004","11.12188"
"8.70000","0.32899","635.49664","0.00155","0.00009","11.23842"
"8.80000","0.33243","643.94904","0.00156","0.00015","11.38790"
"8.90000","0.33557","649.64124","0.00157","0.00014","11.48856"
"9.00000","0.33908","656.72308","0.00159","0.00020","11.61380"
"9.10000","0.34237","663.46375","0.00160","0.00019","11.73300"
"9.20000","0.34551","669.41248","0.00164","0.00024","11.83820"
"9.30000","0.34902","676.35925","0.00163","0.00025","11.96105"
"9.40000","0.35231","682.89948","0.00168","0.00032","12.07671"
"9.50000","0.35567","689.19495","0.00168","0.00033","12.18805"
"9.60000","0.35896","695.34515","0.00171","0.00035","12.29681"
"9.70000","0.36232","702.21655","0.00172","0.00037","12.41833"
"9.80000","0.36576","709.58905","0.00171","0.00039","12.54870"
"9.90000","0.36883","715.51617","0.00173","0.00045","12.65352"
"10.00000","0.37234","721.38654","0.00177","0.00042","12.75734"
"10.10000","0.37578","728.85773","0.00177","0.00043","12.88946"
"10.20000","0.37892","735.53156","0.00179","0.00044","13.00748"
"10.30000","0.38243","741.81866","0.00180","0.00045","13.11867"
"10.40000","0.38579","747.78510","0.00184","0.00041","13.22418"
"10.50000","0.38893","754.35809","0.00186","0.00040","13.34042"
"10.60000","0.39237","760.84094","0.00187","0.00019","13.45507"
"10.70000","0.39566","767.06616","0.00187","-0.00013","13.56516"
"10.80000","0.39902","773.48737","0.00191","0.00000","13.67871"
"10.90000","0.40231","780.75909","0.00190","-0.00009","13.80731"
"11.00000","0.40567","786.16571","0.00192","-0.00017","13.90292"
"11.10000","0.40911","793.89203","0.00193","-0.00017","14.03956"
"11.20000","0.41225","799.28339","0.00197","-0.00026","14.13490"
"11.30000","0.41561","805.79657","0.00194","-0.00022","14.25008"
"11.40000","0.41898","811.58325","0.00200","-0.00016","14.35242"
"11.50000","0.42211","818.36145","0.00205","-0.00008","14.47229"
"11.60000","0.42570","824.36969","0.00203","-0.00006","14.57854"
"11.70000","0.42906","831.72778","0.00207","-0.00006","14.70866"
"11.80000","0.43228","837.00940","0.00209","0.00003","14.80206"
"11.90000","0.43572","843.95276","0.00211","0.00017","14.92485"
"12.00000","0.43893","850.48743","0.00215","0.00016","15.04042"
"12.10000","0.44222","856.96979","0.00216","0.00026","15.15505"
"12.20000","0.44558","862.87653","0.00215","0.00026","15.25951"
"12.30000","0.44902","869.41718","0.00218","0.00026","15.37518"
"12.40000","0.45246","875.05615","0.00220","0.00031","15.47490"
"12.50000","0.45560","881.25616","0.00222","0.00034","15.58455"
"12.60000","0.45911","887.84229","0.00225","0.00039","15.70102"
"12.70000","0.46240","894.58862","0.00223","0.00042","15.82032"
"12.80000","0.46546","900.53778","0.00227","0.00043","15.92553"
"12.90000","0.46905","906.51324","0.00228","0.00050","16.03120"
"13.00000","0.47241","913.16321","0.00229","0.00049","16.14880"
"13.10000","0.47563","918.71259","0.00234","0.00049","16.24694"
"13.20000","0.47906","925.02606","0.00236","0.00054","16.35859"
"13.30000","0.48250","931.13837","0.00237","0.00052","16.46669"
"13.40000","0.48564","937.98676","0.00236","0.00057","16.58780"
"13.50000","0.48893","943.89014","0.00237","0.00057","16.69219"
"13.60000","0.49229","949.35333","0.00241","0.00055","16.78881"
"13.70000","0.49566","956.04218","0.00244","0.00051","16.90710"
"13.80000","0.49887","961.58038","0.00246","0.00045","17.00504"
"13.90000","0.50238","968.01471","0.00244","0.00025","17.11882"
"14.00000","0.50567","974.30243","0.00244","0.00007","17.23002"
"14.10000","0.50888","980.03094","0.00249","0.00013","17.33133"
"14.20000","0.51240","986.24799","0.00253","-0.00006","17.44127"
"14.30000","0.51568","992.11475","0.00254","-0.00007","17.54502"
"14.40000","0.51890","998.39166","0.00258","-0.00002","17.65602"
"14.50000","0.52234","1,004.15033","0.00257","-0.00001","17.75786"
"14.60000","0.52577","1,010.81720","0.00262","-0.00007","17.87576"
"14.70000","0.52899","1,016.95972","0.00263","0.00000","17.98439"
"14.80000","0.53235","1,021.35876","0.00267","0.00006","18.06219"
"14.90000","0.53571","1,028.45679","0.00265","0.00012","18.18771"
"15.00000","0.53893","1,034.26111","0.00266","0.00012","18.29036"
"15.10000","0.54229","1,040.58679","0.00270","0.00018","18.40222"
"15.20000","0.54573","1,046.32825","0.00273","0.00032","18.50376"
"15.30000","0.54902","1,052.31824","0.00276","0.00031","18.60969"
"15.40000","0.55231","1,057.96460","0.00275","0.00036","18.70954"
"15.50000","0.55567","1,064.10803","0.00277","0.00044","18.81818"
"15.60000","0.55896","1,070.37244","0.00279","0.00035","18.92897"
"15.70000","0.56217","1,075.76074","0.00285","0.00045","19.02426"
"15.80000","0.56561","1,082.00098","0.00282","0.00051","19.13461"
"15.90000","0.56912","1,087.71057","0.00283","0.00050","19.23558"
"16.00000","0.57226","1,094.08875","0.00286","0.00055","19.34838"
"16.10000","0.57570","1,100.16504","0.00286","0.00057","19.45583"
"16.20000","0.57914","1,106.17834","0.00291","0.00059","19.56217"
"16.30000","0.58220","1,110.44812","0.00293","0.00062","19.63768"
"16.40000","0.58556","1,116.32202","0.00292","0.00065","19.74156"
"16.50000","0.58900","1,122.76770","0.00296","0.00064","19.85555"
"16.60000","0.59229","1,129.12781","0.00297","0.00071","19.96802"
"16.70000","0.59565","1,134.49976","0.00295","0.00069","20.06302"
"16.80000","0.59902","1,140.16174","0.00300","0.00070","20.16315"
"16.90000","0.60238","1,146.24243","0.00303","0.00073","20.27069"
"17.00000","0.60559","1,151.36560","0.00303","0.00071","20.36129"
"17.10000","0.60896","1,157.96069","0.00304","0.00041","20.47792"
"17.20000","0.61239","1,163.06238","0.00305","0.00027","20.56814"
"17.30000","0.61553","1,168.51819","0.00307","0.00023","20.66462"
"17.40000","0.61905","1,174.07764","0.00309","0.00016","20.76294"
"17.50000","0.62248","1,180.48352","0.00313","0.00012","20.87622"
"17.60000","0.62562","1,186.11804","0.00313","0.00020","20.97586"
"17.70000","0.62899","1,190.83826","0.00318","0.00017","21.05934"
"17.80000","0.63235","1,197.29614","0.00320","0.00012","21.17354"
"17.90000","0.63556","1,202.41907","0.00323","0.00012","21.26414"
"18.00000","0.63900","1,208.27466","0.00327","0.00016","21.36769"
"18.10000","0.64236","1,214.26318","0.00323","0.00017","21.47360"
"18.20000","0.64573","1,219.44836","0.00329","0.00020","21.56529"
"18.30000","0.64902","1,225.27417","0.00329","0.00026","21.66832"
"18.40000","0.65230","1,230.49402","0.00331","0.00031","21.76063"
"18.50000","0.65574","1,235.63928","0.00335","0.00041","21.85162"
"18.60000","0.65881","1,241.40442","0.00330","0.00047","21.95358"
"18.70000","0.66232","1,247.16943","0.00338","0.00051","22.05553"
"18.80000","0.66583","1,253.03223","0.00339","0.00059","22.15921"
"18.90000","0.66890","1,258.37415","0.00339","0.00057","22.25368"
"19.00000","0.67241","1,263.44739","0.00340","0.00065","22.34339"
"19.10000","0.67577","1,269.79846","0.00342","0.00065","22.45571"
"19.20000","0.67891","1,274.93689","0.00345","0.00063","22.54658"
"19.30000","0.68235","1,280.56226","0.00344","0.00066","22.64606"
"19.40000","0.68564","1,285.87158","0.00347","0.00067","22.73995"
"19.50000","0.68900","1,290.87781","0.00349","0.00076","22.82849"
"19.60000","0.69229","1,296.94214","0.00349","0.00076","22.93573"
"19.70000","0.69565","1,302.51428","0.00352","0.00080","23.03427"
"19.80000","0.69916","1,308.46533","0.00354","0.00085","23.13951"
"19.90000","0.70215","1,313.49219","0.00357","0.00083","23.22841"
"20.00000","0.70559","1,319.15967","0.00358","0.00086","23.32863"
"20.10000","0.70903","1,324.87280","0.00359","0.00090","23.42967"
"20.20000","0.71217","1,330.50879","0.00360","0.00091","23.52934"
"20.30000","0.71576","1,336.01233","0.00362","0.00065","23.62667"
"20.40000","0.71912","1,341.20483","0.00364","0.00041","23.71849"
"20.50000","0.72226","1,346.58215","0.00368","0.00042","23.81359"
"20.60000","0.72570","1,352.54089","0.00369","0.00046","23.91896"
"20.70000","0.72898","1,358.07324","0.00371","0.00026","24.01680"
"20.80000","0.73227","1,362.84619","0.00371","0.00033","24.10121"
"20.90000","0.73556","1,368.05884","0.00372","0.00032","24.19339"
"21.00000","0.73900","1,373.75891","0.00375","0.00033","24.29419"
"21.10000","0.74244","1,380.13416","0.00378","0.00034","24.40694"
"21.20000","0.74558","1,384.27820","0.00379","0.00029","24.48022"
"21.30000","0.74901","1,390.85315","0.00382","0.00034","24.59650"
"21.40000","0.75245","1,396.30408","0.00386","0.00033","24.69289"
"21.50000","0.75552","1,401.11719","0.00385","0.00040","24.77801"
"21.60000","0.75910","1,406.46680","0.00388","0.00042","24.87262"
"21.70000","0.76247","1,411.99487","0.00387","0.00048","24.97038"
"21.80000","0.76568","1,416.92224","0.00391","0.00051","25.05751"
"21.90000","0.76904","1,423.19385","0.00391","0.00068","25.16842"
"22.00000","0.77241","1,428.47900","0.00393","0.00062","25.26189"
"22.10000","0.77562","1,433.59802","0.00393","0.00069","25.35242"
"22.20000","0.77891","1,438.08069","0.00392","0.00073","25.43169"
"22.30000","0.78235","1,444.24854","0.00394","0.00073","25.54077"
"22.40000","0.78571","1,449.70825","0.00398","0.00074","25.63732"
"22.50000","0.78892","1,454.54114","0.00401","0.00081","25.72278"
"22.60000","0.79244","1,460.14160","0.00404","0.00085","25.82183"
"22.70000","0.79572","1,465.82971","0.00403","0.00087","25.92242"
"22.80000","0.79886","1,469.96582","0.00405","0.00085","25.99556"
"22.90000","0.80238","1,476.42358","0.00407","0.00092","26.10976"
"23.00000","0.80566","1,481.17883","0.00407","0.00092","26.19386"
"23.10000","0.80895","1,487.21094","0.00408","0.00099","26.30053"
"23.20000","0.81239","1,492.56836","0.00411","0.00098","26.39528"
"23.30000","0.81575","1,498.31982","0.00415","0.00103","26.49699"
"23.40000","0.81897","1,502.66028","0.00417","0.00102","26.57375"
"23.50000","0.82226","1,507.48682","0.00419","0.00101","26.65910"
"23.60000","0.82569","1,513.19214","0.00421","0.00095","26.76000"
"23.70000","0.82898","1,519.35681","0.00420","0.00058","26.86901"
"23.80000","0.83227","1,523.05139","0.00424","0.00061","26.93435"
"23.90000","0.83578","1,529.80237","0.00424","0.00057","27.05374"
"24.00000","0.83907","1,534.95239","0.00424","0.00045","27.14481"
"24.10000","0.84221","1,540.14575","0.00428","0.00051","27.23666"
"24.20000","0.84572","1,546.08337","0.00430","0.00046","27.34166"
"24.30000","0.84901","1,551.16284","0.00431","0.00052","27.43149"
"24.40000","0.85215","1,555.86584","0.00433","0.00047","27.51466"
"24.50000","0.85566","1,561.72510","0.00434","0.00043","27.61827"
"24.60000","0.85910","1,566.50891","0.00442","0.00041","27.70288"
"24.70000","0.86231","1,572.41174","0.00438","0.00043","27.80726"
"24.80000","0.86568","1,577.12622","0.00439","0.00054","27.89064"
"24.90000","0.86904","1,582.64539","0.00441","0.00053","27.98824"
"25.00000","0.87225","1,588.23315","0.00442","0.00062","28.08706"
"25.10000","0.87554","1,592.46497","0.00441","0.00073","28.16189"
"25.20000","0.87906","1,598.70630","0.00445","0.00078","28.27227"
"25.30000","0.88234","1,603.71716","0.00446","0.00078","28.36088"
"25.40000","0.88563","1,609.18604","0.00449","0.00085","28.45760"
"25.50000","0.88907","1,614.01746","0.00450","0.00089","28.54304"
"25.60000","0.89236","1,619.33008","0.00453","0.00086","28.63699"
"25.70000","0.89557","1,624.69373","0.00454","0.00092","28.73184"
"25.80000","0.89894","1,629.47034","0.00456","0.00096","28.81631"
"25.90000","0.90237","1,635.03308","0.00456","0.00098","28.91469"
"26.00000","0.90566","1,639.87817","0.00459","0.00103","29.00037"
"26.10000","0.90902","1,645.82861","0.00460","0.00104","29.10560"
"26.20000","0.91246","1,650.48486","0.00464","0.00108","29.18794"
"26.30000","0.91560","1,655.99841","0.00463","0.00110","29.28545"
"26.40000","0.91896","1,660.23584","0.00466","0.00111","29.36039"
"26.50000","0.92233","1,665.93884","0.00468","0.00115","29.46124"
"26.60000","0.92562","1,671.58325","0.00470","0.00116","29.56106"
"26.70000","0.92898","1,676.85510","0.00472","0.00119","29.65429"
"26.80000","0.93234","1,682.60376","0.00475","0.00115","29.75595"
"26.90000","0.93571","1,688.19080","0.00477","0.00098","29.85475"
"27.00000","0.93892","1,692.65271","0.00477","0.00072","29.93366"
"27.10000","0.94228","1,697.87915","0.00481","0.00070","30.02609"
"27.20000","0.94572","1,703.08496","0.00481","0.00071","30.11815"
"27.30000","0.94886","1,707.80481","0.00482","0.00056","30.20162"
"27.40000","0.95237","1,713.22839","0.00485","0.00062","30.29753"
"27.50000","0.95581","1,719.84937","0.00486","0.00063","30.41462"
"27.60000","0.95895","1,724.04871","0.00486","0.00063","30.48888"
"27.70000","0.96239","1,728.02539","0.00489","0.00065","30.55921"
"27.80000","0.96575","1,734.53967","0.00490","0.00057","30.67441"
"27.90000","0.96896","1,739.47571","0.00491","0.00059","30.76170"
"28.00000","0.97233","1,744.34558","0.00491","0.00062","30.84782"
"28.10000","0.97569","1,749.98621","0.00493","0.00066","30.94757"
"28.20000","0.97913","1,754.47314","0.00495","0.00074","31.02692"
"28.30000","0.98234","1,760.19629","0.00497","0.00071","31.12813"
"28.40000","0.98563","1,764.62537","0.00498","0.00084","31.20646"
"28.50000","0.98907","1,769.89197","0.00499","0.00099","31.29959"
"28.60000","0.99221","1,774.66907","0.00499","0.00098","31.38408"
"28.70000","0.99564","1,779.44446","0.00501","0.00100","31.46853"
"28.80000","0.99908","1,784.78699","0.00503","0.00100","31.56301"
"28.90000","1.00222","1,790.39246","0.00507","0.00102","31.66214"
"29.00000","1.00573","1,794.70667","0.00507","0.00106","31.73843"
"29.10000","1.00910","1,800.45642","0.00511","0.00110","31.84011"
"29.20000","1.01224","1,804.27185","0.00511","0.00114","31.90759"
"29.30000","1.01567","1,809.64099","0.00511","0.00112","32.00254"
"29.40000","1.01889","1,815.38123","0.00514","0.00121","32.10405"
"29.50000","1.02240","1,820.69348","0.00517","0.00128","32.19799"
"29.60000","1.02554","1,825.43359","0.00519","0.00130","32.28182"
"29.70000","1.02898","1,830.21033","0.00521","0.00126","32.36629"
"29.80000","1.03242","1,835.35828","0.00522","0.00130","32.45733"
"29.90000","1.03548","1,840.54565","0.00527","0.00132","32.54907"
"30.00000","1.03899","1,845.56177","0.00529","0.00130","32.63778"
"30.10000","1.04243","1,851.52271","0.00530","0.00128","32.74319"
"30.20000","1.04557","1,855.20886","0.00533","0.00099","32.80838"
"30.30000","1.04908","1,860.89954","0.00531","0.00078","32.90902"
"30.40000","1.05244","1,865.77234","0.00532","0.00066","32.99519"
"30.50000","1.05566","1,870.74390","0.00535","0.00073","33.08311"
"30.60000","1.05902","1,875.79993","0.00536","0.00072","33.17252"
"30.70000","1.06231","1,880.78137","0.00537","0.00070","33.26062"
"30.80000","1.06560","1,886.03235","0.00541","0.00076","33.35348"
"30.90000","1.06889","1,890.81543","0.00542","0.00075","33.43806"
"31.00000","1.07240","1,896.83398","0.00545","0.00079","33.54450"
"31.10000","1.07576","1,902.46521","0.00546","0.00072","33.64408"
"31.20000","1.07883","1,906.71423","0.00549","0.00074","33.71922"
"31.30000","1.08234","1,911.23743","0.00545","0.00073","33.79921"
"31.40000","1.08570","1,916.70520","0.00548","0.00082","33.89591"
"31.50000","1.08884","1,922.09070","0.00549","0.00085","33.99115"
"31.60000","1.09235","1,926.86206","0.00552","0.00084","34.07553"
"31.70000","1.09572","1,931.78760","0.00555","0.00095","34.16263"
"31.80000","1.09901","1,936.81995","0.00555","0.00108","34.25163"
"31.90000","1.10244","1,942.53833","0.00555","0.00109","34.35275"
"32.00000","1.10573","1,946.99182","0.00561","0.00106","34.43151"
"32.10000","1.10895","1,952.69177","0.00561","0.00112","34.53231"
"32.20000","1.11223","1,956.90576","0.00565","0.00118","34.60683"
"32.30000","1.11567","1,962.33899","0.00566","0.00118","34.70292"
"32.40000","1.11904","1,967.52698","0.00568","0.00121","34.79467"
"32.50000","1.12225","1,971.34241","0.00569","0.00127","34.86214"
"32.60000","1.12576","1,977.75647","0.00569","0.00130","34.97557"
"32.70000","1.12905","1,982.27393","0.00574","0.00137","35.05546"
"32.80000","1.13219","1,986.51648","0.00571","0.00139","35.13049"
"32.90000","1.13570","1,991.70081","0.00575","0.00141","35.22217"
"33.00000","1.13899","1,996.98584","0.00577","0.00139","35.31563"
"33.10000","1.14220","2,002.71423","0.00578","0.00143","35.41693"
"33.20000","1.14572","2,007.51660","0.00583","0.00144","35.50186"
"33.30000","1.14908","2,012.39624","0.00584","0.00144","35.58815"
"33.40000","1.15229","2,017.36243","0.00588","0.00140","35.67598"
"33.50000","1.15558","2,021.99365","0.00589","0.00097","35.75788"
"33.60000","1.15902","2,028.05566","0.00586","0.00088","35.86508"
"33.70000","1.16223","2,032.61804","0.00590","0.00080","35.94577"
"33.80000","1.16552","2,036.88501","0.00592","0.00085","36.02122"
"33.90000","1.16911","2,041.66675","0.00592","0.00085","36.10579"
"34.00000","1.17240","2,047.26648","0.00597","0.00089","36.20481"
"34.10000","1.17561","2,051.81812","0.00596","0.00089","36.28531"
"34.20000","1.17905","2,057.33936","0.00594","0.00090","36.38295"
"34.30000","1.18234","2,060.55835","0.00599","0.00091","36.43988"
"34.40000","1.18555","2,065.01270","0.00598","0.00092","36.51865"
"34.50000","1.18899","2,070.93530","0.00600","0.00088","36.62339"
"34.60000","1.19243","2,076.16064","0.00601","0.00090","36.71579"
"34.70000","1.19564","2,080.75195","0.00601","0.00095","36.79699"
"34.80000","1.19908","2,085.26782","0.00603","0.00098","36.87685"
"34.90000","1.20237","2,091.40918","0.00609","0.00096","36.98545"
"35.00000","1.20558","2,096.03931","0.00607","0.00102","37.06734"
"35.10000","1.20894","2,100.26636","0.00610","0.00112","37.14209"
"35.20000","1.21231","2,105.69312","0.00609","0.00121","37.23806"
"35.30000","1.21567","2,110.43384","0.00612","0.00119","37.32190"
"35.40000","1.21896","2,115.78271","0.00614","0.00127","37.41649"
"35.50000","1.22232","2,120.59253","0.00618","0.00128","37.50155"
"35.60000","1.22569","2,125.57886","0.00618","0.00131","37.58973"
"35.70000","1.22882","2,130.12012","0.00621","0.00137","37.67004"
"35.80000","1.23226","2,135.10889","0.00620","0.00139","37.75826"
"35.90000","1.23570","2,139.14062","0.00625","0.00142","37.82956"
"36.00000","1.23891","2,145.11475","0.00626","0.00145","37.93521"
"36.10000","1.24235","2,149.45068","0.00628","0.00149","38.01189"
"36.20000","1.24586","2,155.35034","0.00629","0.00149","38.11622"
"36.30000","1.24893","2,160.23022","0.00630","0.00151","38.20252"
"36.40000","1.25229","2,164.16675","0.00633","0.00153","38.27213"
"36.50000","1.25565","2,169.90161","0.00637","0.00158","38.37355"
"36.60000","1.25894","2,174.15869","0.00637","0.00155","38.44884"
"36.70000","1.26231","2,179.32471","0.00638","0.00139","38.54020"
"36.80000","1.26574","2,184.45874","0.00638","0.00108","38.63099"
"36.90000","1.26911","2,189.80786","0.00638","0.00094","38.72559"
"37.00000","1.27232","2,193.56079","0.00641","0.00096","38.79195"
"37.10000","1.27561","2,198.56641","0.00642","0.00094","38.88047"
"37.20000","1.27905","2,203.60132","0.00647","0.00101","38.96951"
"37.30000","1.28219","2,208.75415","0.00649","0.00097","39.06064"
"37.40000","1.28562","2,213.07812","0.00644","0.00105","39.13711"
"37.50000","1.28914","2,219.17529","0.00648","0.00095","39.24493"
"37.60000","1.29228","2,223.01611","0.00650","0.00104","39.31285"
"37.70000","1.29571","2,228.59473","0.00651","0.00106","39.41151"
"37.80000","1.29900","2,232.56250","0.00652","0.00098","39.48168"
"37.90000","1.30222","2,237.04248","0.00651","0.00099","39.56090"
"38.00000","1.30565","2,242.34790","0.00653","0.00098","39.65473"
"38.10000","1.30894","2,248.10767","0.00657","0.00105","39.75658"
"38.20000","1.31238","2,252.50732","0.00659","0.00106","39.83439"
"38.30000","1.31567","2,257.16895","0.00661","0.00112","39.91683"
"38.40000","1.31903","2,262.01929","0.00662","0.00120","40.00261"
"38.50000","1.32247","2,267.49243","0.00664","0.00132","40.09940"
"38.60000","1.32553","2,272.02075","0.00665","0.00131","40.17947"
"38.70000","1.32897","2,276.44702","0.00670","0.00132","40.25775"
"38.80000","1.33241","2,280.98291","0.00671","0.00135","40.33797"
"38.90000","1.33555","2,287.07593","0.00672","0.00144","40.44572"
"39.00000","1.33914","2,291.60181","0.00674","0.00143","40.52576"
"39.10000","1.34242","2,296.46606","0.00675","0.00150","40.61178"
"39.20000","1.34564","2,300.55835","0.00676","0.00151","40.68415"
"39.30000","1.34893","2,305.04443","0.00677","0.00159","40.76348"
"39.40000","1.35229","2,309.78589","0.00683","0.00161","40.84733"
"39.50000","1.35565","2,314.63794","0.00685","0.00166","40.93314"
"39.60000","1.35887","2,319.91846","0.00686","0.00167","41.02652"
"39.70000","1.36238","2,325.10181","0.00686","0.00162","41.11819"
"39.80000","1.36582","2,330.19360","0.00691","0.00164","41.20823"
"39.90000","1.36881","2,334.55615","0.00689","0.00166","41.28538"
"40.00000","1.37232","2,339.11084","0.00692","0.00148","41.36593"
"40.10000","1.37568","2,343.53833","0.00689","0.00119","41.44423"
"40.20000","1.37882","2,348.81665","0.00693","0.00108","41.53757"
"40.30000","1.38241","2,353.75903","0.00693","0.00113","41.62497"
"40.40000","1.38577","2,359.19165","0.00697","0.00104","41.72105"
"40.50000","1.38899","2,363.45020","0.00697","0.00111","41.79636"
"40.60000","1.39235","2,367.85156","0.00699","0.00112","41.87419"
"40.70000","1.39564","2,372.96729","0.00699","0.00111","41.96466"
"40.80000","1.39893","2,377.20190","0.00702","0.00113","42.03955"
"40.90000","1.40221","2,381.81592","0.00703","0.00110","42.12114"
"41.00000","1.40565","2,386.35718","0.00707","0.00113","42.20145"
"41.10000","1.40909","2,391.67749","0.00705","0.00106","42.29554"
"41.20000","1.41223","2,395.91333","0.00708","0.00101","42.37045"
"41.30000","1.41574","2,401.40601","0.00709","0.00102","42.46758"
"41.40000","1.41903","2,406.75293","0.00713","0.00114","42.56214"
"41.50000","1.42217","2,410.04272","0.00717","0.00115","42.62032"
"41.60000","1.42568","2,415.27979","0.00719","0.00121","42.71294"
"41.70000","1.42904","2,420.09473","0.00720","0.00132","42.79808"
"41.80000","1.43226","2,424.93262","0.00718","0.00135","42.88364"
"41.90000","1.43570","2,429.52734","0.00721","0.00139","42.96490"
"42.00000","1.43906","2,434.32129","0.00725","0.00146","43.04967"
"42.10000","1.44227","2,438.94141","0.00727","0.00148","43.13138"
"42.20000","1.44556","2,442.63770","0.00729","0.00151","43.19674"
"42.30000","1.44900","2,448.36450","0.00729","0.00150","43.29802"
"42.40000","1.45236","2,452.84521","0.00733","0.00155","43.37726"
"42.50000","1.45558","2,456.87598","0.00733","0.00167","43.44854"
"42.60000","1.45909","2,462.66870","0.00741","0.00165","43.55098"
"42.70000","1.46245","2,467.27441","0.00739","0.00166","43.63243"
"42.80000","1.46559","2,470.28516","0.00738","0.00167","43.68568"
"42.90000","1.46903","2,475.56421","0.00745","0.00171","43.77903"
"43.00000","1.47232","2,481.48340","0.00745","0.00175","43.88371"
"43.10000","1.47561","2,485.11816","0.00747","0.00173","43.94799"
"43.20000","1.47897","2,489.35278","0.00748","0.00166","44.02288"
"43.30000","1.48241","2,494.36914","0.00748","0.00162","44.11159"
"43.40000","1.48562","2,499.12036","0.00749","0.00153","44.19561"
"43.50000","1.48898","2,503.47144","0.00749","0.00108","44.27256"
"43.60000","1.49235","2,509.00513","0.00748","0.00117","44.37042"
"43.70000","1.49556","2,513.36450","0.00756","0.00110","44.44751"
"43.80000","1.49885","2,517.37012","0.00751","0.00120","44.51835"
"43.90000","1.50236","2,522.96606","0.00755","0.00118","44.61731"
"44.00000","1.50572","2,527.98804","0.00754","0.00118","44.70612"
"44.10000","1.50894","2,531.52783","0.00755","0.00124","44.76872"
"44.20000","1.51230","2,536.84253","0.00762","0.00119","44.86271"
"44.30000","1.51566","2,540.79688","0.00760","0.00120","44.93264"
"44.40000","1.51888","2,545.74146","0.00760","0.00120","45.02008"
"44.50000","1.52232","2,550.13818","0.00763","0.00105","45.09784"
"44.60000","1.52575","2,555.70752","0.00768","0.00113","45.19632"
"44.70000","1.52897","2,559.30591","0.00768","0.00117","45.25996"
"44.80000","1.53233","2,563.90991","0.00771","0.00119","45.34138"
"44.90000","1.53584","2,569.26001","0.00773","0.00131","45.43599"
"45.00000","1.53891","2,572.81348","0.00774","0.00128","45.49883"
"45.10000","1.54227","2,576.98145","0.00779","0.00138","45.57254"
"45.20000","1.54571","2,582.10986","0.00780","0.00145","45.66323"
"45.30000","1.54900","2,587.20581","0.00781","0.00156","45.75335"
"45.40000","1.55236","2,590.52979","0.00783","0.00152","45.81214"
"45.50000","1.55572","2,595.83325","0.00787","0.00153","45.90593"
"45.60000","1.55909","2,600.65723","0.00789","0.00156","45.99124"
"45.70000","1.56230","2,604.37524","0.00790","0.00164","46.05699"
"45.80000","1.56559","2,608.99097","0.00791","0.00164","46.13861"
"45.90000","1.56903","2,613.37524","0.00794","0.00168","46.21615"
"46.00000","1.57224","2,618.07080","0.00797","0.00177","46.29919"
"46.10000","1.57568","2,622.18799","0.00796","0.00179","46.37200"
"46.20000","1.57919","2,627.91968","0.00798","0.00182","46.47336"
"46.30000","1.58225","2,632.32935","0.00798","0.00183","46.55134"
"46.40000","1.58562","2,635.66577","0.00799","0.00174","46.61034"
"46.50000","1.58898","2,639.96362","0.00800","0.00172","46.68635"
"46.60000","1.59227","2,645.14380","0.00803","0.00169","46.77796"
"46.70000","1.59563","2,648.42505","0.00802","0.00172","46.83598"
"46.80000","1.59900","2,653.91577","0.00804","0.00135","46.93309"
"46.90000","1.60243","2,658.13330","0.00802","0.00127","47.00767"
"47.00000","1.60565","2,662.81445","0.00805","0.00129","47.09045"
"47.10000","1.60901","2,666.64355","0.00806","0.00123","47.15817"
"47.20000","1.61245","2,671.51660","0.00808","0.00124","47.24435"
"47.30000","1.61551","2,675.21924","0.00810","0.00128","47.30983"
"47.40000","1.61903","2,679.86865","0.00811","0.00122","47.39205"
"47.50000","1.62254","2,684.98315","0.00815","0.00122","47.48249"
"47.60000","1.62560","2,689.24243","0.00816","0.00129","47.55782"
"47.70000","1.62904","2,693.01392","0.00820","0.00125","47.62452"
"47.80000","1.63240","2,698.83496","0.00820","0.00125","47.72746"
"47.90000","1.63569","2,701.71558","0.00825","0.00130","47.77840"
"48.00000","1.63898","2,706.66284","0.00827","0.00130","47.86589"
"48.10000","1.64234","2,711.37329","0.00828","0.00133","47.94919"
"48.20000","1.64578","2,715.67993","0.00830","0.00128","48.02535"
"48.30000","1.64892","2,719.64380","0.00833","0.00133","48.09545"
"48.40000","1.65228","2,724.74097","0.00838","0.00138","48.18559"
"48.50000","1.65580","2,729.41333","0.00837","0.00155","48.26822"
"48.60000","1.65879","2,732.27393","0.00841","0.00154","48.31881"
"48.70000","1.66230","2,737.64233","0.00841","0.00159","48.41375"
"48.80000","1.66574","2,742.48291","0.00841","0.00166","48.49935"
"48.90000","1.66887","2,745.95239","0.00843","0.00166","48.56070"
"49.00000","1.67239","2,751.93140","0.00847","0.00169","48.66644"
"49.10000","1.67575","2,755.27368","0.00851","0.00176","48.72554"
"49.20000","1.67896","2,759.61011","0.00847","0.00174","48.80223"
"49.30000","1.68233","2,763.51636","0.00852","0.00184","48.87131"
"49.40000","1.68562","2,768.26392","0.00849","0.00183","48.95527"
"49.50000","1.68898","2,772.25317","0.00852","0.00180","49.02582"
"49.60000","1.69219","2,776.18286","0.00854","0.00179","49.09531"
"49.70000","1.69578","2,781.67383","0.00856","0.00172","49.19242"
"49.80000","1.69914","2,786.45166","0.00858","0.00191","49.27691"
"49.90000","1.70221","2,789.63403","0.00860","0.00183","49.33319"
"50.00000","1.70565","2,794.24927","0.00860","0.00176","49.41481"
"50.10000","1.70908","2,798.98169","0.00861","0.00135","49.49850"
"50.20000","1.71215","2,802.74536","0.00863","0.00133","49.56506"
"50.30000","1.71573","2,807.73608","0.00864","0.00129","49.65332"
"50.40000","1.71910","2,812.13159","0.00866","0.00134","49.73105"
"50.50000","1.72231","2,815.65161","0.00866","0.00136","49.79330"
"50.60000","1.72567","2,820.37231","0.00870","0.00136","49.87678"
"50.70000","1.72904","2,824.96753","0.00872","0.00141","49.95805"
"50.80000","1.73233","2,828.72510","0.00872","0.00139","50.02449"
"50.90000","1.73554","2,832.85840","0.00874","0.00137","50.09759"
"51.00000","1.73898","2,837.16113","0.00879","0.00131","50.17368"
"51.10000","1.74242","2,842.15259","0.00882","0.00135","50.26195"
"51.20000","1.74555","2,845.35449","0.00883","0.00136","50.31858"
"51.30000","1.74907","2,849.93823","0.00883","0.00142","50.39964"
"51.40000","1.75243","2,855.18970","0.00887","0.00139","50.49251"
"51.50000","1.75557","2,858.58105","0.00890","0.00145","50.55248"
"51.60000","1.75901","2,862.28735","0.00891","0.00155","50.61803"
"51.70000","1.76237","2,867.04785","0.00893","0.00165","50.70221"
"51.80000","1.76566","2,871.41650","0.00894","0.00173","50.77947"
"51.90000","1.76910","2,874.90918","0.00896","0.00166","50.84124"
"52.00000","1.77239","2,879.49609","0.00897","0.00165","50.92235"
"52.10000","1.77567","2,884.71777","0.00898","0.00176","51.01469"
"52.20000","1.77889","2,887.63550","0.00899","0.00179","51.06630"
"52.30000","1.78233","2,892.80322","0.00902","0.00176","51.15768"
"52.40000","1.78561","2,896.77197","0.00903","0.00188","51.22787"
"52.50000","1.78890","2,900.29565","0.00905","0.00191","51.29018"
"52.60000","1.79241","2,905.03540","0.00904","0.00196","51.37400"
"52.70000","1.79578","2,908.96460","0.00906","0.00190","51.44349"
"52.80000","1.79892","2,913.10352","0.00908","0.00195","51.51668"
"52.90000","1.80228","2,918.33643","0.00910","0.00190","51.60922"
"53.00000","1.80557","2,921.66504","0.00913","0.00202","51.66809"
"53.10000","1.80886","2,925.03125","0.00914","0.00198","51.72762"
"53.20000","1.81229","2,929.47803","0.00916","0.00187","51.80626"
"53.30000","1.81573","2,935.18140","0.00919","0.00177","51.90712"
"53.40000","1.81902","2,939.11963","0.00918","0.00144","51.97676"
"53.50000","1.82231","2,942.82788","0.00921","0.00148","52.04234"
"53.60000","1.82567","2,947.41846","0.00922","0.00144","52.12352"
"53.70000","1.82896","2,951.04663","0.00924","0.00144","52.18769"
"53.80000","1.83217","2,954.89380","0.00926","0.00148","52.25572"
"53.90000","1.83569","2,959.97681","0.00928","0.00148","52.34561"
"54.00000","1.83905","2,963.80811","0.00931","0.00149","52.41336"
"54.10000","1.84226","2,968.20190","0.00932","0.00145","52.49107"
"54.20000","1.84570","2,972.56104","0.00934","0.00144","52.56816"
"54.30000","1.84907","2,976.16675","0.00937","0.00143","52.63192"
"54.40000","1.85228","2,980.33032","0.00939","0.00144","52.70555"
"54.50000","1.85557","2,983.70728","0.00941","0.00148","52.76527"
"54.60000","1.85901","2,988.86670","0.00941","0.00147","52.85651"
"54.70000","1.86229","2,992.98755","0.00942","0.00154","52.92939"
"54.80000","1.86566","2,996.93579","0.00946","0.00153","52.99921"
"54.90000","1.86902","3,001.17212","0.00946","0.00174","53.07413"
"55.00000","1.87231","3,005.88599","0.00949","0.00173","53.15749"
"55.10000","1.87560","3,009.10498","0.00949","0.00182","53.21442"
"55.20000","1.87903","3,014.46313","0.00954","0.00180","53.30917"
"55.30000","1.88232","3,018.40430","0.00952","0.00180","53.37887"
"55.40000","1.88561","3,021.60303","0.00956","0.00179","53.43544"
"55.50000","1.88905","3,027.27734","0.00957","0.00190","53.53579"
"55.60000","1.89249","3,030.49316","0.00959","0.00190","53.59266"
"55.70000","1.89555","3,034.54297","0.00961","0.00197","53.66427"
"55.80000","1.89891","3,038.78809","0.00961","0.00195","53.73935"
"55.90000","1.90243","3,042.79492","0.00964","0.00205","53.81020"
"56.00000","1.90557","3,047.20093","0.00964","0.00197","53.88812"
"56.10000","1.90900","3,050.89478","0.00966","0.00209","53.95345"
"56.20000","1.91252","3,055.99316","0.00968","0.00205","54.04361"
"56.30000","1.91566","3,059.09521","0.00970","0.00200","54.09847"
"56.40000","1.91894","3,063.23926","0.00972","0.00193","54.17175"
"56.50000","1.92238","3,067.81714","0.00972","0.00197","54.25271"
"56.60000","1.92567","3,070.83789","0.00973","0.00187","54.30613"
"56.70000","1.92888","3,075.36255","0.00978","0.00159","54.38615"
"56.80000","1.93232","3,079.45752","0.00979","0.00150","54.45856"
"56.90000","1.93584","3,084.28882","0.00979","0.00156","54.54400"
"57.00000","1.93897","3,087.44971","0.00983","0.00149","54.59990"
"57.10000","1.94226","3,091.56616","0.00985","0.00150","54.67270"
"57.20000","1.94570","3,095.93872","0.00985","0.00148","54.75003"
"57.30000","1.94884","3,099.54028","0.00987","0.00157","54.81372"
"57.40000","1.95228","3,103.26880","0.00990","0.00148","54.87965"
"57.50000","1.95579","3,108.02637","0.00992","0.00144","54.96379"
"57.60000","1.95893","3,111.74365","0.00992","0.00146","55.02953"
"57.70000","1.96237","3,116.13940","0.00996","0.00150","55.10726"
"57.80000","1.96573","3,120.20239","0.00998","0.00152","55.17912"
"57.90000","1.96902","3,124.04175","0.00999","0.00156","55.24701"
"58.00000","1.97223","3,127.37451","0.01002","0.00155","55.30595"
"58.10000","1.97567","3,131.99658","0.01003","0.00165","55.38769"
"58.20000","1.97903","3,135.56567","0.01003","0.00167","55.45081"
"58.30000","1.98232","3,139.86475","0.01005","0.00172","55.52683"
"58.40000","1.98576","3,143.92383","0.01009","0.00183","55.59862"
"58.50000","1.98912","3,148.19189","0.01010","0.00184","55.67410"
"58.60000","1.99219","3,151.93042","0.01011","0.00188","55.74021"
"58.70000","1.99570","3,156.13525","0.01012","0.00189","55.81457"
"58.80000","1.99906","3,159.65308","0.01015","0.00189","55.87678"
"58.90000","2.00220","3,163.48608","0.01015","0.00198","55.94456"
"59.00000","2.00571","3,167.25146","0.01016","0.00198","56.01115"
"59.10000","2.00908","3,172.23853","0.01020","0.00206","56.09935"
"59.20000","2.01229","3,176.13062","0.01022","0.00210","56.16817"
"59.30000","2.01558","3,179.00415","0.01022","0.00213","56.21899"
"59.40000","2.01894","3,182.99829","0.01026","0.00213","56.28963"
"59.50000","2.02231","3,187.08569","0.01027","0.00219","56.36191"
"59.60000","2.02552","3,191.56860","0.01028","0.00208","56.44119"
"59.70000","2.02903","3,195.44775","0.01031","0.00208","56.50979"
"59.80000","2.03247","3,200.13721","0.01033","0.00202","56.59272"
"59.90000","2.03553","3,203.08032","0.01035","0.00197","56.64477"
"60.00000","2.03905","3,207.26831","0.01035","0.00154","56.71883"
"60.10000","2.04241","3,211.30273","0.01037","0.00159","56.79018"
"60.20000","2.04555","3,215.03320","0.01039","0.00159","56.85615"
"60.30000","2.04906","3,218.91602","0.01040","0.00161","56.92481"
"60.40000","2.05235","3,223.81592","0.01042","0.00158","57.01147"
"60.50000","2.05571","3,227.48267","0.01042","0.00158","57.07631"
"60.60000","2.05908","3,230.84375","0.01047","0.00162","57.13575"
"60.70000","2.06236","3,235.50024","0.01050","0.00162","57.21810"
"60.80000","2.06573","3,238.89062","0.01049","0.00150","57.27805"
"60.90000","2.06887","3,242.42188","0.01052","0.00152","57.34050"
"61.00000","2.07230","3,246.74170","0.01052","0.00153","57.41690"
"61.10000","2.07574","3,251.06714","0.01055","0.00158","57.49339"
"61.20000","2.07888","3,253.96313","0.01056","0.00158","57.54460"
"61.30000","2.08239","3,258.16602","0.01057","0.00160","57.61893"
"61.40000","2.08576","3,262.56714","0.01061","0.00172","57.69676"
"61.50000","2.08890","3,265.69092","0.01061","0.00183","57.75200"
"61.60000","2.09233","3,270.15527","0.01063","0.00184","57.83095"
"61.70000","2.09562","3,273.92896","0.01063","0.00191","57.89769"
"61.80000","2.09891","3,277.63940","0.01065","0.00192","57.96331"
"61.90000","2.10227","3,281.60376","0.01067","0.00196","58.03341"
"62.00000","2.10571","3,285.26123","0.01069","0.00199","58.09809"
"62.10000","2.10908","3,288.91528","0.01070","0.00197","58.16271"
"62.20000","2.11221","3,293.92358","0.01072","0.00201","58.25128"
"62.30000","2.11565","3,297.37036","0.01076","0.00211","58.31224"
"62.40000","2.11901","3,301.71558","0.01078","0.00211","58.38908"
"62.50000","2.12223","3,304.63013","0.01078","0.00213","58.44062"
"62.60000","2.12582","3,309.09082","0.01081","0.00217","58.51950"
"62.70000","2.12910","3,313.04028","0.01083","0.00217","58.58935"
"62.80000","2.13232","3,317.20605","0.01084","0.00215","58.66302"
"62.90000","2.13568","3,320.38770","0.01088","0.00211","58.71928"
"63.00000","2.13904","3,324.73633","0.01088","0.00210","58.79619"
"63.10000","2.14226","3,328.88599","0.01089","0.00210","58.86957"
"63.20000","2.14562","3,332.34302","0.01090","0.00182","58.93071"
"63.30000","2.14906","3,335.78369","0.01093","0.00167","58.99155"
"63.40000","2.15235","3,340.30347","0.01098","0.00162","59.07148"
"63.50000","2.15564","3,343.26514","0.01096","0.00165","59.12386"
"63.60000","2.15900","3,347.64648","0.01097","0.00161","59.20134"
"63.70000","2.16229","3,351.20532","0.01102","0.00164","59.26428"
"63.80000","2.16550","3,354.64819","0.01103","0.00166","59.32516"
"63.90000","2.16901","3,358.74292","0.01104","0.00164","59.39758"
"64.00000","2.17245","3,363.20361","0.01104","0.00169","59.47646"
"64.10000","2.17559","3,366.59619","0.01110","0.00165","59.53646"
"64.20000","2.17910","3,369.84546","0.01110","0.00164","59.59392"
"64.30000","2.18239","3,373.08643","0.01112","0.00158","59.65123"
"64.40000","2.18553","3,377.99902","0.01113","0.00164","59.73811"
"64.50000","2.18889","3,381.53760","0.01113","0.00170","59.80069"
"64.60000","2.19241","3,385.56421","0.01114","0.00171","59.87190"
"64.70000","2.19562","3,389.37109","0.01116","0.00177","59.93922"
"64.80000","2.19898","3,392.28589","0.01119","0.00183","59.99077"
"64.90000","2.20250","3,396.01685","0.01122","0.00186","60.05675"
"65.00000","2.20564","3,400.38379","0.01121","0.00197","60.13397"
"65.10000","2.20892","3,403.26318","0.01125","0.00194","60.18489"
"65.20000","2.21229","3,406.86841","0.01126","0.00202","60.24865"
"65.30000","2.21565","3,411.79224","0.01127","0.00204","60.33573"
"65.40000","2.21894","3,414.70947","0.01129","0.00212","60.38732"
"65.50000","2.22238","3,418.12256","0.01131","0.00211","60.44767"
"65.60000","2.22581","3,421.75000","0.01132","0.00217","60.51183"
"65.70000","2.22895","3,426.31421","0.01136","0.00223","60.59254"
"65.80000","2.23224","3,429.37793","0.01137","0.00223","60.64672"
"65.90000","2.23568","3,433.42505","0.01140","0.00228","60.71829"
"66.00000","2.23882","3,436.24976","0.01143","0.00223","60.76825"
"66.10000","2.24233","3,440.64722","0.01142","0.00223","60.84601"
"66.20000","2.24577","3,444.99390","0.01146","0.00218","60.92288"
"66.30000","2.24898","3,448.86450","0.01146","0.00225","60.99133"
"66.40000","2.25235","3,451.78613","0.01147","0.00206","61.04300"
"66.50000","2.25571","3,455.66455","0.01150","0.00197","61.11158"
"66.60000","2.25900","3,459.35181","0.01153","0.00173","61.17679"
"66.70000","2.26229","3,462.48682","0.01156","0.00173","61.23223"
"66.80000","2.26572","3,467.30542","0.01157","0.00179","61.31745"
"66.90000","2.26916","3,470.84668","0.01156","0.00174","61.38007"
"67.00000","2.27230","3,474.23877","0.01157","0.00178","61.44006"
"67.10000","2.27574","3,477.24658","0.01157","0.00174","61.49325"
"67.20000","2.27910","3,481.94727","0.01162","0.00180","61.57638"
"67.30000","2.28217","3,484.80908","0.01166","0.00178","61.62699"
"67.40000","2.28568","3,489.06226","0.01164","0.00176","61.70221"
"67.50000","2.28912","3,493.18237","0.01168","0.00170","61.77507"
"67.60000","2.29226","3,496.91138","0.01171","0.00170","61.84101"
"67.70000","2.29577","3,499.89526","0.01172","0.00173","61.89378"
"67.80000","2.29906","3,504.16895","0.01173","0.00180","61.96936"
"67.90000","2.30227","3,507.27588","0.01175","0.00179","62.02430"
"68.00000","2.30556","3,510.64355","0.01176","0.00184","62.08386"
"68.10000","2.30892","3,514.53760","0.01176","0.00200","62.15272"
"68.20000","2.31236","3,518.43457","0.01178","0.00197","62.22164"
"68.30000","2.31557","3,521.69312","0.01182","0.00207","62.27927"
"68.40000","2.31901","3,525.38403","0.01183","0.00214","62.34454"
"68.50000","2.32252","3,529.08789","0.01186","0.00219","62.41004"
"68.60000","2.32551","3,533.03540","0.01189","0.00217","62.47985"
"68.70000","2.32903","3,536.22070","0.01189","0.00225","62.53618"
"68.80000","2.33239","3,540.56592","0.01191","0.00220","62.61302"
"68.90000","2.33553","3,543.72461","0.01190","0.00231","62.66888"
"69.00000","2.33904","3,547.76953","0.01195","0.00234","62.74041"
"69.10000","2.34240","3,551.35547","0.01193","0.00238","62.80383"
"69.20000","2.34569","3,555.12427","0.01196","0.00238","62.87048"
"69.30000","2.34898","3,558.26587","0.01199","0.00238","62.92603"
"69.40000","2.35227","3,562.68164","0.01198","0.00236","63.00412"
"69.50000","2.35571","3,565.78198","0.01203","0.00230","63.05895"
"69.60000","2.35892","3,569.44141","0.01207","0.00231","63.12367"
"69.70000","2.36228","3,572.64722","0.01205","0.00222","63.18036"
"69.80000","2.36572","3,577.20361","0.01207","0.00200","63.26094"
"69.90000","2.36894","3,580.12622","0.01211","0.00189","63.31262"
"70.00000","2.37237","3,583.75952","0.01212","0.00190","63.37688"
"70.10000","2.37566","3,587.11450","0.01213","0.00185","63.43621"
"70.20000","2.37888","3,590.78271","0.01217","0.00189","63.50108"
"70.30000","2.38239","3,593.95996","0.01217","0.00187","63.55727"
"70.40000","2.38568","3,598.10303","0.01217","0.00188","63.63053"
"70.50000","2.38904","3,601.81030","0.01219","0.00190","63.69609"
"70.60000","2.39233","3,605.51587","0.01223","0.00189","63.76162"
"70.70000","2.39569","3,609.37720","0.01225","0.00193","63.82991"
"70.80000","2.39898","3,612.91943","0.01225","0.00193","63.89255"
"70.90000","2.40219","3,615.80737","0.01229","0.00188","63.94363"
"71.00000","2.40563","3,619.22559","0.01232","0.00185","64.00407"
"71.10000","2.40907","3,623.37500","0.01229","0.00186","64.07745"
"71.20000","2.41221","3,626.45801","0.01233","0.00192","64.13197"
"71.30000","2.41580","3,630.44727","0.01237","0.00198","64.20252"
"71.40000","2.41916","3,634.56274","0.01238","0.00204","64.27531"
"71.50000","2.42222","3,637.88013","0.01242","0.00206","64.33397"
"71.60000","2.42566","3,640.68384","0.01241","0.00219","64.38355"
"71.70000","2.42895","3,644.28882","0.01243","0.00226","64.44730"
"71.80000","2.43231","3,648.30835","0.01246","0.00230","64.51839"
"71.90000","2.43568","3,650.85303","0.01246","0.00234","64.56339"
"72.00000","2.43904","3,655.43652","0.01247","0.00232","64.64445"
"72.10000","2.44240","3,658.93286","0.01249","0.00238","64.70628"
"72.20000","2.44554","3,661.08936","0.01248","0.00242","64.74442"
"72.30000","2.44898","3,666.20312","0.01253","0.00241","64.83485"
"72.40000","2.45234","3,669.20386","0.01255","0.00249","64.88792"
"72.50000","2.45556","3,671.53320","0.01255","0.00251","64.92911"
"72.60000","2.45907","3,675.99951","0.01261","0.00236","65.00809"
"72.70000","2.46243","3,680.45972","0.01258","0.00241","65.08697"
"72.80000","2.46557","3,683.33008","0.01259","0.00240","65.13773"
"72.90000","2.46901","3,686.28662","0.01262","0.00244","65.19001"
"73.00000","2.47237","3,690.27075","0.01264","0.00246","65.26047"
"73.10000","2.47558","3,693.71655","0.01269","0.00209","65.32140"
"73.20000","2.47895","3,696.32471","0.01268","0.00200","65.36753"
"73.30000","2.48239","3,700.13867","0.01271","0.00202","65.43498"
"73.40000","2.48567","3,704.19873","0.01274","0.00204","65.50678"
"73.50000","2.48896","3,707.49390","0.01274","0.00199","65.56506"
"73.60000","2.49240","3,710.95605","0.01276","0.00207","65.62628"
"73.70000","2.49561","3,714.73926","0.01274","0.00205","65.69318"
"73.80000","2.49883","3,716.88379","0.01278","0.00201","65.73111"
"73.90000","2.50234","3,722.00610","0.01277","0.00207","65.82169"
"74.00000","2.50578","3,725.10327","0.01284","0.00208","65.87646"
"74.10000","2.50892","3,727.85767","0.01283","0.00209","65.92517"
"74.20000","2.51236","3,731.79810","0.01288","0.00205","65.99486"
"74.30000","2.51579","3,735.38843","0.01288","0.00200","66.05835"
"74.40000","2.51893","3,737.82397","0.01291","0.00205","66.10143"
"74.50000","2.52230","3,741.25879","0.01292","0.00210","66.16216"
"74.60000","2.52573","3,745.05566","0.01296","0.00213","66.22931"
"74.70000","2.52895","3,748.13940","0.01299","0.00220","66.28384"
"74.80000","2.53231","3,752.12158","0.01296","0.00220","66.35427"
"74.90000","2.53582","3,755.85962","0.01297","0.00228","66.42037"
"75.00000","2.53896","3,759.12866","0.01301","0.00244","66.47819"
"75.10000","2.54225","3,761.57495","0.01304","0.00242","66.52145"
"75.20000","2.54569","3,766.10156","0.01306","0.00242","66.60149"
"75.30000","2.54898","3,769.27515","0.01305","0.00245","66.65762"
"75.40000","2.55226","3,771.92578","0.01308","0.00250","66.70450"
"75.50000","2.55570","3,775.90625","0.01307","0.00260","66.77489"
"75.60000","2.55914","3,779.70044","0.01315","0.00261","66.84199"
"75.70000","2.56228","3,783.04004","0.01318","0.00265","66.90105"
"75.80000","2.56572","3,785.67358","0.01322","0.00267","66.94762"
"75.90000","2.56908","3,789.76099","0.01318","0.00263","67.01991"
"76.00000","2.57222","3,792.47290","0.01326","0.00255","67.06786"
"76.10000","2.57566","3,795.17871","0.01321","0.00264","67.11572"
"76.20000","2.57910","3,799.49878","0.01326","0.00261","67.19211"
"76.30000","2.58231","3,802.75098","0.01323","0.00261","67.24963"
"76.40000","2.58567","3,805.56104","0.01328","0.00241","67.29932"
"76.50000","2.58904","3,809.68262","0.01328","0.00216","67.37221"
"76.60000","2.59232","3,812.76978","0.01337","0.00217","67.42680"
"76.70000","2.59554","3,815.37793","0.01335","0.00219","67.47292"
"76.80000","2.59898","3,819.69702","0.01333","0.00220","67.54930"
"76.90000","2.60241","3,822.99463","0.01336","0.00220","67.60762"
"77.00000","2.60555","3,826.19019","0.01338","0.00223","67.66413"
"77.10000","2.60907","3,829.87402","0.01346","0.00220","67.72928"
"77.20000","2.61243","3,833.10986","0.01347","0.00220","67.78651"
"77.30000","2.61549","3,835.48999","0.01345","0.00219","67.82860"
"77.40000","2.61900","3,839.24731","0.01346","0.00221","67.89504"
"77.50000","2.62237","3,843.00952","0.01343","0.00216","67.96157"
"77.60000","2.62566","3,846.68555","0.01350","0.00218","68.02658"
"77.70000","2.62909","3,849.57593","0.01359","0.00220","68.07770"
"77.80000","2.63238","3,852.96533","0.01354","0.00220","68.13763"
"77.90000","2.63567","3,856.17358","0.01352","0.00229","68.19437"
"78.00000","2.63896","3,859.50806","0.01360","0.00227","68.25334"
"78.10000","2.64225","3,863.00684","0.01363","0.00238","68.31522"
"78.20000","2.64569","3,866.29297","0.01363","0.00247","68.37333"
"78.30000","2.64890","3,869.31494","0.01364","0.00247","68.42677"
"78.40000","2.65241","3,873.00854","0.01362","0.00256","68.49209"
"78.50000","2.65578","3,875.92603","0.01366","0.00254","68.54369"
"78.60000","2.65891","3,878.46240","0.01371","0.00264","68.58854"
"78.70000","2.66235","3,882.24976","0.01372","0.00265","68.65552"
"78.80000","2.66564","3,885.60547","0.01373","0.00269","68.71486"
"78.90000","2.66885","3,888.23364","0.01373","0.00272","68.76134"
"79.00000","2.67237","3,892.08350","0.01376","0.00280","68.82942"
"79.10000","2.67566","3,895.18115","0.01380","0.00282","68.88420"
"79.20000","2.67902","3,898.22876","0.01390","0.00286","68.93810"
"79.30000","2.68231","3,901.61572","0.01387","0.00275","68.99799"
"79.40000","2.68560","3,904.90137","0.01384","0.00278","69.05610"
"79.50000","2.68903","3,908.70190","0.01388","0.00279","69.12331"
"79.60000","2.69217","3,911.25049","0.01389","0.00268","69.16838"
"79.70000","2.69568","3,914.39673","0.01390","0.00260","69.22402"
"79.80000","2.69912","3,917.93555","0.01386","0.00246","69.28660"
"79.90000","2.70219","3,920.96631","0.01389","0.00229","69.34019"
"80.00000","2.70577","3,924.71216","0.01394","0.00233","69.40644"
"80.10000","2.70914","3,927.89160","0.01393","0.00232","69.46267"
"80.20000","2.71220","3,931.23779","0.01397","0.00234","69.52184"
"80.30000","2.71564","3,934.24512","0.01403","0.00237","69.57503"
"80.40000","2.71900","3,937.45117","0.01399","0.00234","69.63172"
"80.50000","2.72237","3,940.56689","0.01403","0.00233","69.68682"
"80.60000","2.72565","3,943.45190","0.01400","0.00237","69.73785"
"80.70000","2.72902","3,947.44312","0.01409","0.00238","69.80843"
"80.80000","2.73238","3,949.89893","0.01416","0.00241","69.85185"
"80.90000","2.73552","3,951.63477","0.01417","0.00230","69.88255"
"81.00000","2.73896","3,956.68286","0.01415","0.00232","69.97182"
"81.10000","2.74240","3,958.83911","0.01415","0.00230","70.00996"
"81.20000","2.74553","3,962.67554","0.01417","0.00240","70.07780"
"81.30000","2.74905","3,965.89966","0.01422","0.00247","70.13482"
"81.40000","2.75241","3,968.42847","0.01422","0.00246","70.17954"
"81.50000","2.75555","3,971.65039","0.01421","0.00250","70.23652"
"81.60000","2.75899","3,975.01587","0.01426","0.00260","70.29604"
"81.70000","2.76228","3,977.96069","0.01428","0.00270","70.34811"
"81.80000","2.76556","3,981.37793","0.01428","0.00276","70.40855"
"81.90000","2.76900","3,984.51733","0.01437","0.00275","70.46407"
"82.00000","2.77244","3,987.28247","0.01443","0.00281","70.51296"
"82.10000","2.77573","3,991.05957","0.01436","0.00282","70.57976"
"82.20000","2.77894","3,993.28027","0.01434","0.00286","70.61903"
"82.30000","2.78231","3,996.67065","0.01444","0.00292","70.67899"
"82.40000","2.78567","4,000.07788","0.01443","0.00294","70.73924"
"82.50000","2.78888","4,002.26196","0.01445","0.00286","70.77787"
"82.60000","2.79239","4,006.17310","0.01445","0.00284","70.84704"
"82.70000","2.79576","4,008.83154","0.01444","0.00288","70.89405"
"82.80000","2.79897","4,011.94946","0.01451","0.00290","70.94919"
"82.90000","2.80241","4,015.13013","0.01452","0.00288","71.00543"
"83.00000","2.80577","4,018.00732","0.01449","0.00288","71.05632"
"83.10000","2.80891","4,021.80786","0.01454","0.00244","71.12353"
"83.20000","2.81227","4,023.92212","0.01452","0.00243","71.16092"
"83.30000","2.81571","4,027.58911","0.01455","0.00245","71.22577"
"83.40000","2.81900","4,031.00586","0.01460","0.00247","71.28619"
"83.50000","2.82229","4,033.00635","0.01464","0.00244","71.32156"
"83.60000","2.82573","4,036.91382","0.01461","0.00242","71.39067"
"83.70000","2.82894","4,040.23926","0.01460","0.00246","71.44948"
"83.80000","2.83223","4,042.86060","0.01466","0.00243","71.49583"
"83.90000","2.83567","4,046.95654","0.01469","0.00248","71.56827"
"84.00000","2.83903","4,048.96558","0.01471","0.00245","71.60380"
"84.10000","2.84224","4,052.34106","0.01472","0.00248","71.66349"
"84.20000","2.84568","4,055.38892","0.01477","0.00244","71.71739"
"84.30000","2.84912","4,058.07495","0.01480","0.00241","71.76489"
"84.40000","2.85226","4,061.67139","0.01481","0.00245","71.82849"
"84.50000","2.85562","4,064.54590","0.01480","0.00252","71.87933"
"84.60000","2.85906","4,067.46558","0.01482","0.00250","71.93096"
"84.70000","2.86227","4,070.76733","0.01486","0.00256","71.98935"
"84.80000","2.86564","4,073.68164","0.01488","0.00260","72.04089"
"84.90000","2.86915","4,076.89478","0.01493","0.00277","72.09771"
"85.00000","2.87229","4,079.54199","0.01491","0.00271","72.14452"
"85.10000","2.87558","4,081.59204","0.01494","0.00281","72.18078"
"85.20000","2.87901","4,084.41992","0.01499","0.00285","72.23079"
"85.30000","2.88230","4,088.50244","0.01502","0.00291","72.30299"
"85.40000","2.88552","4,090.91895","0.01499","0.00291","72.34572"
"85.50000","2.88903","4,094.25049","0.01499","0.00292","72.40463"
"85.60000","2.89247","4,097.16162","0.01501","0.00303","72.45612"
"85.70000","2.89561","4,100.74121","0.01506","0.00298","72.51942"
"85.80000","2.89897","4,102.40527","0.01508","0.00295","72.54885"
"85.90000","2.90233","4,102.88525","0.01524","0.00301","72.55733"
"85.97800","2.90495","3,798.11523","0.01525","0.00306","67.16764"
"85.98200","2.90510","3,425.19507","0.01525","0.00306","60.57275"
"85.98600","2.90525","2,982.38647","0.01525","0.00306","52.74191"
"85.99000","2.90547","2,513.21948","0.01525","0.00306","44.44495"
"85.99200","2.90555","2,279.65112","0.01525","0.00306","40.31441"
