Modulus (Segment 0.001 mm/mm - 0.008 mm/mm) : Modulus (Segment 0.001 mm/mm - 0.008 mm/mm),"5,658.58541",MPa
Poisson's ratio (Least squares fit) : Poisson's ratio (Least squares fit),"0.27056"
Specimen properties : Gauge length,"15.06000",mm
Specimen properties : Gauge length transverse,"5.26800",mm
Specimen properties : Thickness,"3.73000",mm
Specimen properties : Width,"14.98000",mm

Time,Extension,Load,Video axial strain,Video transverse strain,Calculated Stress
(s),(mm),(N),(mm/mm),(mm/mm),(MPa)
"0.00000","0.04432","21.40675","0.00000","0.00001","0.38312"
"0.10000","0.04522","21.11273","0.00000","0.00003","0.37785"
"0.20000","0.04948","28.24055","0.00003","0.00003","0.50542"
"0.30000","0.05389","39.29240","0.00005","0.00006","0.70321"
"0.40000","0.05762","48.68767","0.00008","0.00013","0.87136"
"0.50000","0.06099","56.28993","0.00013","0.00004","1.00742"
"0.60000","0.06420","62.04402","0.00011","0.00009","1.11040"
"0.70000","0.06771","70.12984","0.00011","-0.00001","1.25511"
"0.80000","0.07115","77.47892","0.00014","-0.00004","1.38664"
"0.90000","0.07429","84.26293","0.00016","-0.00001","1.50805"
"1.00000","0.07773","91.40186","0.00018","-0.00004","1.63582"
"1.10000","0.08109","99.16692","0.00015","-0.00008","1.77479"
"1.20000","0.08423","105.43130","0.00022","-0.00016","1.88690"
"1.30000","0.08767","113.40695","0.00025","-0.00019","2.02964"
"1.40000","0.09110","120.58067","0.00028","-0.00020","2.15803"
"1.50000","0.09432","128.40894","0.00029","-0.00025","2.29813"
"1.60000","0.09768","134.74161","0.00033","-0.00030","2.41147"
"1.70000","0.10104","142.37834","0.00033","-0.00032","2.54814"
"1.80000","0.10433","149.89781","0.00037","-0.00007","2.68272"
"1.90000","0.10755","156.65837","0.00037","-0.00002","2.80371"
"2.00000","0.11091","164.16443","0.00041","-0.00003","2.93804"
"2.10000","0.11435","171.04234","0.00041","0.00001","3.06114"
"2.20000","0.11756","178.13184","0.00042","-0.00005","3.18802"
"2.30000","0.12100","185.69049","0.00045","0.00000","3.32330"
"2.40000","0.12451","192.93968","0.00047","0.00003","3.45303"
"2.50000","0.12758","199.05579","0.00049","0.00005","3.56249"
"2.60000","0.13094","206.43179","0.00051","0.00003","3.69450"
"2.70000","0.13438","214.06248","0.00054","0.00005","3.83107"
"2.80000","0.13759","220.38445","0.00055","0.00003","3.94421"
"2.90000","0.14095","227.24886","0.00053","0.00006","4.06706"
"3.00000","0.14439","234.87325","0.00058","0.00006","4.20352"
"3.10000","0.14775","242.59412","0.00061","0.00010","4.34170"
"3.20000","0.15097","249.21745","0.00061","0.00012","4.46024"
"3.30000","0.15433","256.43835","0.00064","0.00014","4.58947"
"3.40000","0.15762","263.60770","0.00065","0.00021","4.71778"
"3.50000","0.16091","269.96881","0.00068","0.00020","4.83162"
"3.60000","0.16427","277.41791","0.00070","0.00022","4.96494"
"3.70000","0.16778","284.25989","0.00068","0.00015","5.08739"
"3.80000","0.17092","291.43051","0.00072","0.00018","5.21572"
"3.90000","0.17429","297.88223","0.00074","0.00015","5.33119"
"4.00000","0.17772","305.52222","0.00073","0.00009","5.46792"
"4.10000","0.18094","311.63681","0.00076","0.00004","5.57735"
"4.20000","0.18430","319.15536","0.00078","0.00004","5.71191"
"4.30000","0.18766","326.33719","0.00083","0.00004","5.84044"
"4.40000","0.19103","333.85510","0.00083","-0.00003","5.97499"
"4.50000","0.19432","340.37952","0.00083","-0.00007","6.09176"
"4.60000","0.19768","347.47049","0.00085","-0.00012","6.21867"
"4.70000","0.20104","354.17337","0.00087","-0.00011","6.33863"
"4.80000","0.20426","360.17282","0.00088","-0.00016","6.44600"
"4.90000","0.20762","367.94479","0.00091","-0.00015","6.58509"
"5.00000","0.21113","374.80585","0.00094","-0.00007","6.70789"
"5.10000","0.21427","381.18262","0.00094","0.00015","6.82201"
"5.20000","0.21771","388.49149","0.00096","0.00008","6.95282"
"5.30000","0.22115","396.63882","0.00100","0.00010","7.09863"
"5.40000","0.22421","402.12097","0.00101","0.00007","7.19674"
"5.50000","0.22765","408.23157","0.00105","0.00013","7.30611"
"5.60000","0.23101","415.92493","0.00106","0.00015","7.44379"
"5.70000","0.23430","422.89752","0.00106","0.00015","7.56858"
"5.80000","0.23766","429.93445","0.00109","0.00015","7.69452"
"5.90000","0.24103","436.61761","0.00109","0.00017","7.81413"
"6.00000","0.24446","444.15005","0.00111","0.00015","7.94894"
"6.10000","0.24760","450.43170","0.00113","0.00020","8.06136"
"6.20000","0.25089","458.60056","0.00117","0.00019","8.20756"
"6.30000","0.25440","464.45410","0.00120","0.00022","8.31232"
"6.40000","0.25747","471.68704","0.00122","0.00020","8.44177"
"6.50000","0.26098","477.62799","0.00122","0.00017","8.54809"
"6.60000","0.26449","485.74399","0.00125","0.00021","8.69334"
"6.70000","0.26763","492.09482","0.00127","0.00026","8.80700"
"6.80000","0.27107","498.31943","0.00125","0.00027","8.91840"
"6.90000","0.27436","505.19592","0.00128","0.00026","9.04147"
"7.00000","0.27757","512.32202","0.00133","0.00026","9.16901"
"7.10000","0.28094","518.91016","0.00132","0.00026","9.28692"
"7.20000","0.28437","526.23602","0.00134","0.00021","9.41803"
"7.30000","0.28774","533.06555","0.00136","0.00017","9.54025"
"7.40000","0.29095","539.52441","0.00139","0.00013","9.65585"
"7.50000","0.29439","547.13501","0.00139","0.00012","9.79206"
"7.60000","0.29775","553.39136","0.00140","0.00007","9.90403"
"7.70000","0.30082","559.78552","0.00142","0.00003","10.01846"
"7.80000","0.30433","566.03394","0.00144","-0.00004","10.13029"
"7.90000","0.30777","573.14062","0.00146","-0.00002","10.25748"
"8.00000","0.31083","579.61609","0.00146","-0.00007","10.37337"
"8.10000","0.31442","586.55438","0.00146","0.00006","10.49754"
"8.20000","0.31771","593.00067","0.00151","0.00026","10.61291"
"8.30000","0.32092","599.49902","0.00150","0.00022","10.72921"
"8.40000","0.32428","605.84668","0.00152","0.00019","10.84282"
"8.50000","0.32757","612.54559","0.00157","0.00017","10.96271"
"8.60000","0.33101","619.31409","0.00158","0.00022","11.08384"
"8.70000","0.33422","625.51868","0.00163","0.00023","11.19489"
"8.80000","0.33766","632.29364","0.00158","0.00024","11.31614"
"8.90000","0.34110","639.49963","0.00156","0.00026","11.44510"
"9.00000","0.34416","646.78308","0.00160","0.00029","11.57545"
"9.10000","0.34768","652.79004","0.00163","0.00027","11.68296"
"9.20000","0.35104","659.48859","0.00170","0.00024","11.80284"
"9.30000","0.35425","665.65802","0.00170","0.00027","11.91326"
"9.40000","0.35777","672.30267","0.00169","0.00033","12.03218"
"9.50000","0.36105","679.52545","0.00174","0.00027","12.16144"
"9.60000","0.36427","685.30261","0.00176","0.00032","12.26484"
"9.70000","0.36763","691.91565","0.00180","0.00030","12.38319"
"9.80000","0.37092","698.19739","0.00177","0.00029","12.49561"
"9.90000","0.37428","705.24695","0.00175","0.00029","12.62178"
"10.00000","0.37757","711.20856","0.00179","0.00034","12.72847"
"10.10000","0.38101","718.70074","0.00183","0.00036","12.86256"
"10.20000","0.38445","725.57867","0.00184","0.00035","12.98565"
"10.30000","0.38759","731.47040","0.00184","0.00026","13.09110"
"10.40000","0.39102","738.15778","0.00188","0.00030","13.21078"
"10.50000","0.39431","745.40009","0.00193","0.00028","13.34040"
"10.60000","0.39753","751.05457","0.00195","0.00022","13.44160"
"10.70000","0.40096","757.18469","0.00195","0.00024","13.55131"
"10.80000","0.40433","763.51562","0.00194","0.00017","13.66461"
"10.90000","0.40762","770.29871","0.00193","0.00013","13.78601"
"11.00000","0.41098","776.48413","0.00198","0.00008","13.89671"
"11.10000","0.41442","782.49762","0.00200","0.00001","14.00433"
"11.20000","0.41763","789.51801","0.00200","0.00015","14.12998"
"11.30000","0.42092","794.71155","0.00202","0.00001","14.22292"
"11.40000","0.42436","801.44611","0.00196","0.00031","14.34345"
"11.50000","0.42772","807.93964","0.00202","0.00033","14.45967"
"11.60000","0.43093","813.39691","0.00208","0.00035","14.55733"
"11.70000","0.43445","820.62006","0.00211","0.00032","14.68661"
"11.80000","0.43773","826.60431","0.00211","0.00030","14.79371"
"11.90000","0.44087","832.03290","0.00212","0.00034","14.89086"
"12.00000","0.44439","839.02448","0.00211","0.00033","15.01599"
"12.10000","0.44767","846.06006","0.00215","0.00035","15.14191"
"12.20000","0.45096","851.76807","0.00219","0.00038","15.24406"
"12.30000","0.45433","857.42596","0.00219","0.00035","15.34532"
"12.40000","0.45776","864.07642","0.00223","0.00033","15.46434"
"12.50000","0.46098","870.55035","0.00228","0.00038","15.58021"
"12.60000","0.46427","876.03955","0.00234","0.00036","15.67845"
"12.70000","0.46763","882.83624","0.00231","0.00037","15.80009"
"12.80000","0.47092","888.29053","0.00236","0.00041","15.89770"
"12.90000","0.47421","894.09875","0.00233","0.00038","16.00165"
"13.00000","0.47772","901.09595","0.00237","0.00038","16.12688"
"13.10000","0.48108","906.83868","0.00242","0.00037","16.22966"
"13.20000","0.48422","912.82605","0.00241","0.00044","16.33681"
"13.30000","0.48766","919.36078","0.00242","0.00042","16.45377"
"13.40000","0.49095","924.96118","0.00246","0.00047","16.55400"
"13.50000","0.49424","931.30267","0.00248","0.00041","16.66749"
"13.60000","0.49760","937.55640","0.00250","0.00045","16.77941"
"13.70000","0.50111","943.78589","0.00249","0.00039","16.89090"
"13.80000","0.50440","949.75262","0.00247","0.00035","16.99769"
"13.90000","0.50769","955.54211","0.00246","0.00032","17.10130"
"14.00000","0.51113","962.23596","0.00251","0.00024","17.22110"
"14.10000","0.51426","967.71692","0.00250","0.00021","17.31919"
"14.20000","0.51755","973.30261","0.00253","0.00020","17.41916"
"14.30000","0.52099","979.70764","0.00258","0.00021","17.53379"
"14.40000","0.52443","985.64050","0.00255","0.00016","17.63997"
"14.50000","0.52764","991.54517","0.00259","0.00037","17.74565"
"14.60000","0.53101","997.79675","0.00263","0.00043","17.85753"
"14.70000","0.53444","1,003.78265","0.00264","0.00042","17.96466"
"14.80000","0.53758","1,009.10638","0.00265","0.00041","18.05994"
"14.90000","0.54095","1,015.17822","0.00263","0.00039","18.16861"
"15.00000","0.54438","1,021.77832","0.00268","0.00044","18.28673"
"15.10000","0.54752","1,026.64331","0.00265","0.00046","18.37380"
"15.20000","0.55104","1,032.05908","0.00270","0.00051","18.47072"
"15.30000","0.55447","1,039.55469","0.00270","0.00044","18.60487"
"15.40000","0.55761","1,044.58923","0.00276","0.00047","18.69497"
"15.50000","0.56098","1,050.42615","0.00282","0.00042","18.79944"
"15.60000","0.56434","1,056.90942","0.00282","0.00046","18.91547"
"15.70000","0.56763","1,062.40918","0.00285","0.00048","19.01390"
"15.80000","0.57092","1,067.92603","0.00285","0.00050","19.11263"
"15.90000","0.57435","1,073.71411","0.00287","0.00055","19.21622"
"16.00000","0.57779","1,080.87402","0.00288","0.00049","19.34436"
"16.10000","0.58093","1,085.64026","0.00289","0.00051","19.42966"
"16.20000","0.58437","1,091.73755","0.00295","0.00048","19.53879"
"16.30000","0.58773","1,097.31250","0.00299","0.00046","19.63856"
"16.40000","0.59080","1,102.49329","0.00299","0.00051","19.73128"
"16.50000","0.59438","1,108.07483","0.00300","0.00055","19.83117"
"16.60000","0.59782","1,114.92590","0.00304","0.00058","19.95379"
"16.70000","0.60096","1,120.17712","0.00304","0.00054","20.04777"
"16.80000","0.60440","1,125.83655","0.00305","0.00055","20.14906"
"16.90000","0.60769","1,132.11426","0.00308","0.00047","20.26141"
"17.00000","0.61097","1,137.65283","0.00305","0.00049","20.36053"
"17.10000","0.61426","1,142.90466","0.00303","0.00041","20.45452"
"17.20000","0.61763","1,148.90015","0.00308","0.00037","20.56182"
"17.30000","0.62106","1,154.99426","0.00312","0.00038","20.67089"
"17.40000","0.62428","1,160.78235","0.00313","0.00027","20.77448"
"17.50000","0.62772","1,165.78479","0.00314","0.00024","20.86401"
"17.60000","0.63108","1,172.01172","0.00315","0.00032","20.97545"
"17.70000","0.63414","1,176.29590","0.00323","0.00060","21.05212"
"17.80000","0.63766","1,182.42322","0.00321","0.00056","21.16179"
"17.90000","0.64102","1,188.16760","0.00324","0.00052","21.26459"
"18.00000","0.64423","1,193.81299","0.00320","0.00054","21.36563"
"18.10000","0.64774","1,199.51038","0.00324","0.00053","21.46759"
"18.20000","0.65103","1,205.20178","0.00323","0.00058","21.56945"
"18.30000","0.65432","1,210.70959","0.00330","0.00055","21.66803"
"18.40000","0.65761","1,215.19397","0.00332","0.00059","21.74828"
"18.50000","0.66097","1,221.41602","0.00335","0.00054","21.85964"
"18.60000","0.66434","1,226.47522","0.00336","0.00053","21.95018"
"18.70000","0.66755","1,231.88855","0.00340","0.00057","22.04706"
"18.80000","0.67106","1,237.85254","0.00340","0.00054","22.15380"
"18.90000","0.67443","1,243.24524","0.00341","0.00058","22.25031"
"19.00000","0.67756","1,248.86682","0.00345","0.00056","22.35092"
"19.10000","0.68100","1,253.70337","0.00347","0.00055","22.43748"
"19.20000","0.68437","1,259.41479","0.00347","0.00056","22.53970"
"19.30000","0.68750","1,264.29321","0.00350","0.00063","22.62701"
"19.40000","0.69102","1,270.74622","0.00351","0.00056","22.74250"
"19.50000","0.69438","1,275.40710","0.00355","0.00056","22.82591"
"19.60000","0.69767","1,280.92993","0.00357","0.00057","22.92476"
"19.70000","0.70103","1,286.28918","0.00356","0.00056","23.02067"
"19.80000","0.70440","1,292.48633","0.00359","0.00060","23.13158"
"19.90000","0.70768","1,298.05884","0.00360","0.00066","23.23131"
"20.00000","0.71090","1,301.94531","0.00361","0.00060","23.30087"
"20.10000","0.71434","1,308.14832","0.00365","0.00058","23.41188"
"20.20000","0.71777","1,314.84814","0.00366","0.00054","23.53179"
"20.30000","0.72091","1,319.30798","0.00363","0.00052","23.61161"
"20.40000","0.72442","1,324.31812","0.00370","0.00048","23.70127"
"20.50000","0.72771","1,329.65991","0.00370","0.00040","23.79688"
"20.60000","0.73085","1,335.63452","0.00372","0.00036","23.90380"
"20.70000","0.73429","1,341.00183","0.00373","0.00060","23.99986"
"20.80000","0.73765","1,345.68518","0.00375","0.00065","24.08368"
"20.90000","0.74094","1,351.06763","0.00377","0.00063","24.18001"
"21.00000","0.74438","1,357.16064","0.00379","0.00062","24.28905"
"21.10000","0.74774","1,363.00281","0.00379","0.00063","24.39361"
"21.20000","0.75096","1,368.08240","0.00383","0.00065","24.48452"
"21.30000","0.75417","1,374.06677","0.00382","0.00065","24.59162"
"21.40000","0.75761","1,378.58862","0.00385","0.00068","24.67255"
"21.50000","0.76097","1,384.57336","0.00385","0.00068","24.77966"
"21.60000","0.76418","1,389.34766","0.00388","0.00065","24.86510"
"21.70000","0.76770","1,396.24500","0.00388","0.00068","24.98855"
"21.80000","0.77106","1,400.40979","0.00391","0.00066","25.06308"
"21.90000","0.77427","1,405.84424","0.00392","0.00062","25.16034"
"22.00000","0.77764","1,410.90344","0.00396","0.00065","25.25089"
"22.10000","0.78100","1,416.53003","0.00397","0.00065","25.35159"
"22.20000","0.78421","1,421.76013","0.00398","0.00066","25.44519"
"22.30000","0.78765","1,426.94214","0.00400","0.00066","25.53793"
"22.40000","0.79109","1,432.03430","0.00402","0.00065","25.62907"
"22.50000","0.79438","1,438.24731","0.00402","0.00068","25.74026"
"22.60000","0.79759","1,442.42871","0.00407","0.00066","25.81509"
"22.70000","0.80103","1,448.17444","0.00407","0.00067","25.91792"
"22.80000","0.80432","1,453.16016","0.00409","0.00071","26.00715"
"22.90000","0.80753","1,457.83423","0.00412","0.00067","26.09081"
"23.00000","0.81104","1,463.56958","0.00415","0.00074","26.19345"
"23.10000","0.81441","1,468.67395","0.00417","0.00075","26.28480"
"23.20000","0.81762","1,474.48877","0.00418","0.00070","26.38887"
"23.30000","0.82106","1,479.92188","0.00418","0.00068","26.48611"
"23.40000","0.82442","1,485.42761","0.00422","0.00065","26.58464"
"23.50000","0.82756","1,490.29688","0.00423","0.00064","26.67179"
"23.60000","0.83092","1,495.70581","0.00425","0.00057","26.76859"
"23.70000","0.83444","1,500.46533","0.00427","0.00055","26.85377"
"23.80000","0.83758","1,506.31348","0.00430","0.00065","26.95844"
"23.90000","0.84101","1,511.28638","0.00431","0.00083","27.04744"
"24.00000","0.84445","1,516.58398","0.00431","0.00077","27.14225"
"24.10000","0.84759","1,521.65344","0.00433","0.00075","27.23298"
"24.20000","0.85095","1,526.32556","0.00435","0.00077","27.31659"
"24.30000","0.85432","1,532.55542","0.00439","0.00077","27.42809"
"24.40000","0.85768","1,537.20813","0.00439","0.00074","27.51136"
"24.50000","0.86097","1,542.40454","0.00440","0.00078","27.60436"
"24.60000","0.86441","1,548.39844","0.00442","0.00078","27.71163"
"24.70000","0.86777","1,554.23083","0.00440","0.00081","27.81601"
"24.80000","0.87091","1,558.55615","0.00446","0.00077","27.89342"
"24.90000","0.87427","1,563.15283","0.00445","0.00076","27.97569"
"25.00000","0.87771","1,569.26794","0.00446","0.00075","28.08513"
"25.10000","0.88092","1,574.22717","0.00447","0.00078","28.17389"
"25.20000","0.88436","1,579.78296","0.00448","0.00076","28.27332"
"25.30000","0.88780","1,584.99438","0.00453","0.00077","28.36659"
"25.40000","0.89094","1,590.11328","0.00453","0.00081","28.45820"
"25.50000","0.89438","1,595.75439","0.00456","0.00082","28.55916"
"25.60000","0.89766","1,599.80493","0.00459","0.00080","28.63165"
"25.70000","0.90095","1,605.53357","0.00453","0.00079","28.73418"
"25.80000","0.90424","1,611.31226","0.00458","0.00079","28.83760"
"25.90000","0.90768","1,616.30750","0.00462","0.00077","28.92700"
"26.00000","0.91112","1,621.35364","0.00462","0.00079","29.01731"
"26.10000","0.91426","1,625.70959","0.00467","0.00076","29.09527"
"26.20000","0.91762","1,631.99756","0.00469","0.00077","29.20780"
"26.30000","0.92106","1,637.16858","0.00470","0.00078","29.30035"
"26.40000","0.92412","1,642.26233","0.00471","0.00083","29.39151"
"26.50000","0.92763","1,647.00037","0.00474","0.00077","29.47631"
"26.60000","0.93107","1,652.48071","0.00476","0.00071","29.57439"
"26.70000","0.93429","1,657.62329","0.00472","0.00083","29.66642"
"26.80000","0.93780","1,662.80286","0.00479","0.00069","29.75912"
"26.90000","0.94101","1,668.12012","0.00482","0.00083","29.85428"
"27.00000","0.94430","1,673.23560","0.00476","0.00096","29.94584"
"27.10000","0.94759","1,678.04919","0.00457","0.00090","30.03199"
"27.20000","0.95095","1,683.25061","0.00479","0.00086","30.12507"
"27.30000","0.95439","1,688.88550","0.00488","0.00086","30.22592"
"27.40000","0.95760","1,693.55664","0.00488","0.00087","30.30952"
"27.50000","0.96104","1,697.91113","0.00484","0.00084","30.38745"
"27.60000","0.96448","1,704.31177","0.00489","0.00086","30.50201"
"27.70000","0.96754","1,709.19519","0.00487","0.00088","30.58941"
"27.80000","0.97098","1,713.75354","0.00487","0.00086","30.67098"
"27.90000","0.97434","1,719.25598","0.00488","0.00082","30.76946"
"28.00000","0.97756","1,723.69983","0.00484","0.00085","30.84899"
"28.10000","0.98107","1,728.99866","0.00469","0.00087","30.94383"
"28.20000","0.98436","1,734.51953","0.00490","0.00085","31.04263"
"28.30000","0.98772","1,739.50549","0.00499","0.00093","31.13187"
"28.40000","0.99094","1,744.65027","0.00499","0.00085","31.22394"
"28.50000","0.99422","1,749.66821","0.00497","0.00088","31.31375"
"28.60000","0.99766","1,754.90198","0.00504","0.00089","31.40742"
"28.70000","1.00088","1,759.92981","0.00497","0.00087","31.49740"
"28.80000","1.00439","1,765.05432","0.00507","0.00086","31.58911"
"28.90000","1.00783","1,770.31641","0.00501","0.00091","31.68329"
"29.00000","1.01089","1,774.75574","0.00514","0.00087","31.76274"
"29.10000","1.01433","1,780.07422","0.00493","0.00088","31.85792"
"29.20000","1.01769","1,785.14514","0.00488","0.00088","31.94868"
"29.30000","1.02091","1,789.90942","0.00498","0.00088","32.03394"
"29.40000","1.02434","1,794.80151","0.00509","0.00082","32.12150"
"29.50000","1.02771","1,800.58765","0.00516","0.00083","32.22505"
"29.60000","1.03100","1,805.00647","0.00518","0.00092","32.30413"
"29.70000","1.03436","1,809.91199","0.00518","0.00083","32.39193"
"29.80000","1.03765","1,814.99219","0.00500","0.00102","32.48285"
"29.90000","1.04101","1,820.42358","0.00501","0.00096","32.58006"
"30.00000","1.04422","1,824.53711","0.00506","0.00107","32.65368"
"30.10000","1.04766","1,829.75269","0.00510","0.00108","32.74702"
"30.20000","1.05110","1,835.04785","0.00508","0.00104","32.84179"
"30.30000","1.05424","1,839.61133","0.00531","0.00102","32.92346"
"30.40000","1.05775","1,844.08911","0.00533","0.00098","33.00360"
"30.50000","1.06104","1,850.26196","0.00522","0.00092","33.11407"
"30.60000","1.06418","1,855.22925","0.00536","0.00097","33.20297"
"30.70000","1.06762","1,859.59753","0.00532","0.00095","33.28115"
"30.80000","1.07098","1,864.27087","0.00531","0.00101","33.36479"
"30.90000","1.07427","1,870.08655","0.00532","0.00098","33.46887"
"31.00000","1.07763","1,874.73596","0.00522","0.00101","33.55208"
"31.10000","1.08107","1,880.04321","0.00516","0.00098","33.64706"
"31.20000","1.08436","1,885.72681","0.00508","0.00094","33.74878"
"31.30000","1.08757","1,890.63867","0.00515","0.00098","33.83669"
"31.40000","1.09101","1,895.55774","0.00526","0.00094","33.92473"
"31.50000","1.09437","1,900.44629","0.00527","0.00099","34.01222"
"31.60000","1.09759","1,905.02393","0.00534","0.00096","34.09414"
"31.70000","1.10110","1,910.21655","0.00526","0.00103","34.18708"
"31.80000","1.10446","1,916.15894","0.00555","0.00099","34.29343"
"31.90000","1.10760","1,920.59106","0.00541","0.00100","34.37275"
"32.00000","1.11096","1,926.54260","0.00526","0.00092","34.47926"
"32.10000","1.11433","1,930.25952","0.00527","0.00096","34.54578"
"32.20000","1.11754","1,935.36731","0.00530","0.00095","34.63720"
"32.30000","1.12098","1,940.30701","0.00542","0.00097","34.72561"
"32.40000","1.12442","1,944.95959","0.00542","0.00092","34.80887"
"32.50000","1.12763","1,950.35205","0.00534","0.00093","34.90538"
"32.60000","1.13092","1,955.22961","0.00533","0.00093","34.99267"
"32.70000","1.13443","1,960.81860","0.00550","0.00094","35.09270"
"32.80000","1.13765","1,965.14673","0.00546","0.00088","35.17016"
"32.90000","1.14086","1,971.12927","0.00540","0.00098","35.27723"
"33.00000","1.14437","1,975.72656","0.00540","0.00121","35.35950"
"33.10000","1.14773","1,981.39758","0.00545","0.00118","35.46100"
"33.20000","1.15102","1,985.37952","0.00543","0.00116","35.53226"
"33.30000","1.15446","1,990.66638","0.00573","0.00113","35.62688"
"33.40000","1.15775","1,995.58398","0.00553","0.00110","35.71489"
"33.50000","1.16089","2,000.20972","0.00557","0.00111","35.79768"
"33.60000","1.16433","2,005.07861","0.00550","0.00107","35.88482"
"33.70000","1.16776","2,010.84937","0.00554","0.00107","35.98810"
"33.80000","1.17090","2,015.27454","0.00581","0.00105","36.06730"
"33.90000","1.17434","2,019.46008","0.00558","0.00111","36.14220"
"34.00000","1.17778","2,025.58130","0.00557","0.00111","36.25175"
"34.10000","1.18092","2,030.51331","0.00560","0.00116","36.34002"
"34.20000","1.18428","2,034.90356","0.00560","0.00112","36.41859"
"34.30000","1.18764","2,039.76147","0.00560","0.00110","36.50554"
"34.40000","1.19101","2,044.49426","0.00563","0.00106","36.59024"
"34.50000","1.19422","2,050.32129","0.00567","0.00106","36.69453"
"34.60000","1.19766","2,055.32593","0.00573","0.00113","36.78409"
"34.70000","1.20110","2,059.06543","0.00582","0.00109","36.85102"
"34.80000","1.20424","2,063.76416","0.00585","0.00113","36.93511"
"34.90000","1.20760","2,068.28882","0.00585","0.00114","37.01609"
"35.00000","1.21104","2,073.98511","0.00585","0.00108","37.11803"
"35.10000","1.21418","2,078.52026","0.00589","0.00114","37.19920"
"35.20000","1.21769","2,083.65015","0.00589","0.00108","37.29101"
"35.30000","1.22113","2,089.55591","0.00579","0.00106","37.39671"
"35.40000","1.22434","2,093.97388","0.00580","0.00111","37.47577"
"35.50000","1.22770","2,098.83130","0.00577","0.00107","37.56271"
"35.60000","1.23099","2,103.91016","0.00583","0.00112","37.65360"
"35.70000","1.23428","2,109.02393","0.00585","0.00109","37.74512"
"35.80000","1.23757","2,112.61841","0.00587","0.00105","37.80946"
"35.90000","1.24093","2,118.13721","0.00590","0.00116","37.90823"
"36.00000","1.24444","2,123.09546","0.00590","0.00132","37.99696"
"36.10000","1.24758","2,128.07349","0.00592","0.00135","38.08605"
"36.20000","1.25102","2,133.31470","0.00594","0.00134","38.17986"
"36.30000","1.25438","2,138.10864","0.00596","0.00137","38.26565"
"36.40000","1.25752","2,142.30981","0.00606","0.00129","38.34084"
"36.50000","1.26096","2,147.74023","0.00601","0.00130","38.43803"
"36.60000","1.26432","2,152.59668","0.00604","0.00127","38.52494"
"36.70000","1.26761","2,157.25732","0.00605","0.00126","38.60836"
"36.80000","1.27105","2,162.59521","0.00607","0.00127","38.70389"
"36.90000","1.27434","2,167.10620","0.00607","0.00127","38.78462"
"37.00000","1.27763","2,172.45093","0.00611","0.00121","38.88028"
"37.10000","1.28092","2,177.00732","0.00608","0.00123","38.96182"
"37.20000","1.28428","2,181.55249","0.00611","0.00130","39.04317"
"37.30000","1.28772","2,187.15845","0.00612","0.00123","39.14349"
"37.40000","1.29086","2,191.67554","0.00615","0.00123","39.22434"
"37.50000","1.29437","2,196.29102","0.00617","0.00122","39.30694"
"37.60000","1.29788","2,201.51904","0.00617","0.00118","39.40051"
"37.70000","1.30080","2,205.68481","0.00617","0.00117","39.47506"
"37.80000","1.30438","2,210.57788","0.00630","0.00118","39.56263"
"37.90000","1.30767","2,215.49243","0.00635","0.00121","39.65059"
"38.00000","1.31096","2,220.45557","0.00636","0.00116","39.73941"
"38.10000","1.31440","2,224.94849","0.00635","0.00118","39.81982"
"38.20000","1.31776","2,230.09424","0.00637","0.00119","39.91191"
"38.30000","1.32105","2,234.61230","0.00640","0.00117","39.99277"
"38.40000","1.32426","2,239.28540","0.00645","0.00125","40.07641"
"38.50000","1.32755","2,244.25952","0.00644","0.00125","40.16543"
"38.60000","1.33099","2,248.48779","0.00648","0.00114","40.24110"
"38.70000","1.33413","2,253.63867","0.00644","0.00119","40.33329"
"38.80000","1.33764","2,258.79956","0.00637","0.00120","40.42566"
"38.90000","1.34115","2,263.30981","0.00641","0.00124","40.50637"
"39.00000","1.34429","2,267.46948","0.00644","0.00142","40.58082"
"39.10000","1.34773","2,273.13184","0.00643","0.00143","40.68216"
"39.20000","1.35102","2,277.46826","0.00644","0.00142","40.75977"
"39.30000","1.35423","2,282.07861","0.00645","0.00144","40.84228"
"39.40000","1.35767","2,286.72681","0.00645","0.00138","40.92546"
"39.50000","1.36103","2,292.07544","0.00651","0.00137","41.02119"
"39.60000","1.36432","2,296.58350","0.00653","0.00140","41.10187"
"39.70000","1.36769","2,301.34473","0.00652","0.00136","41.18708"
"39.80000","1.37105","2,306.69141","0.00656","0.00134","41.28277"
"39.90000","1.37434","2,312.12134","0.00658","0.00139","41.37995"
"40.00000","1.37755","2,316.23706","0.00662","0.00134","41.45361"
"40.10000","1.38099","2,320.85522","0.00663","0.00137","41.53626"
"40.20000","1.38435","2,325.58057","0.00664","0.00133","41.62083"
"40.30000","1.38764","2,330.95093","0.00664","0.00140","41.71695"
"40.40000","1.39108","2,335.05127","0.00666","0.00137","41.79033"
"40.50000","1.39444","2,339.75024","0.00667","0.00133","41.87442"
"40.60000","1.39751","2,344.56592","0.00671","0.00134","41.96061"
"40.70000","1.40094","2,349.08057","0.00670","0.00130","42.04141"
"40.80000","1.40431","2,353.92969","0.00672","0.00125","42.12819"
"40.90000","1.40759","2,358.41577","0.00675","0.00130","42.20848"
"41.00000","1.41096","2,362.92822","0.00679","0.00129","42.28924"
"41.10000","1.41440","2,367.62939","0.00681","0.00127","42.37338"
"41.20000","1.41768","2,373.16333","0.00690","0.00131","42.47242"
"41.30000","1.42090","2,377.97876","0.00691","0.00124","42.55860"
"41.40000","1.42434","2,381.85840","0.00691","0.00130","42.62803"
"41.50000","1.42762","2,387.46436","0.00695","0.00127","42.72836"
"41.60000","1.43091","2,392.15454","0.00699","0.00130","42.81230"
"41.70000","1.43443","2,396.67676","0.00699","0.00132","42.89324"
"41.80000","1.43779","2,401.72998","0.00701","0.00129","42.98367"
"41.90000","1.44100","2,406.19775","0.00703","0.00126","43.06363"
"42.00000","1.44437","2,410.97485","0.00706","0.00145","43.14913"
"42.10000","1.44773","2,415.29004","0.00706","0.00151","43.22636"
"42.20000","1.45087","2,419.74463","0.00710","0.00154","43.30608"
"42.30000","1.45431","2,424.72607","0.00710","0.00151","43.39523"
"42.40000","1.45774","2,430.33008","0.00714","0.00150","43.49553"
"42.50000","1.46103","2,434.66895","0.00711","0.00153","43.57318"
"42.60000","1.46432","2,438.67261","0.00719","0.00144","43.64484"
"42.70000","1.46776","2,443.98608","0.00720","0.00140","43.73993"
"42.80000","1.47090","2,448.89502","0.00723","0.00142","43.82779"
"42.90000","1.47419","2,452.93726","0.00715","0.00145","43.90013"
"43.00000","1.47770","2,457.83862","0.00718","0.00142","43.98785"
"43.10000","1.48099","2,462.74805","0.00719","0.00143","44.07571"
"43.20000","1.48427","2,466.31250","0.00717","0.00139","44.13950"
"43.30000","1.48771","2,470.85107","0.00728","0.00141","44.22073"
"43.40000","1.49108","2,476.06567","0.00723","0.00143","44.31406"
"43.50000","1.49421","2,480.58130","0.00715","0.00140","44.39487"
"43.60000","1.49765","2,484.93335","0.00717","0.00139","44.47276"
"43.70000","1.50102","2,490.29590","0.00720","0.00135","44.56873"
"43.80000","1.50423","2,494.03076","0.00723","0.00132","44.63558"
"43.90000","1.50767","2,499.08984","0.00724","0.00130","44.72612"
"44.00000","1.51111","2,503.48389","0.00735","0.00127","44.80476"
"44.10000","1.51432","2,508.45483","0.00743","0.00127","44.89373"
"44.20000","1.51761","2,512.36328","0.00743","0.00128","44.96367"
"44.30000","1.52097","2,517.95679","0.00746","0.00129","45.06378"
"44.40000","1.52433","2,523.28394","0.00745","0.00123","45.15912"
"44.50000","1.52755","2,526.55518","0.00747","0.00122","45.21767"
"44.60000","1.53099","2,530.62012","0.00751","0.00123","45.29042"
"44.70000","1.53442","2,536.52490","0.00753","0.00122","45.39610"
"44.80000","1.53756","2,539.80933","0.00753","0.00126","45.45488"
"44.90000","1.54100","2,544.62842","0.00751","0.00124","45.54112"
"45.00000","1.54436","2,549.84546","0.00757","0.00131","45.63449"
"45.10000","1.54758","2,554.46631","0.00758","0.00129","45.71719"
"45.20000","1.55101","2,558.31274","0.00758","0.00144","45.78603"
"45.30000","1.55438","2,563.78076","0.00759","0.00156","45.88389"
"45.40000","1.55767","2,568.17480","0.00761","0.00154","45.96253"
"45.50000","1.56103","2,571.82617","0.00766","0.00151","46.02788"
"45.60000","1.56432","2,577.11743","0.00768","0.00153","46.12258"
"45.70000","1.56761","2,581.20703","0.00769","0.00155","46.19577"
"45.80000","1.57089","2,585.66016","0.00771","0.00154","46.27547"
"45.90000","1.57426","2,590.34912","0.00774","0.00155","46.35938"
"46.00000","1.57777","2,594.96484","0.00774","0.00154","46.44199"
"46.10000","1.58091","2,599.01953","0.00775","0.00150","46.51456"
"46.20000","1.58435","2,604.65942","0.00780","0.00150","46.61549"
"46.30000","1.58779","2,608.26147","0.00779","0.00149","46.67996"
"46.40000","1.59085","2,613.03174","0.00783","0.00151","46.76534"
"46.50000","1.59436","2,617.58862","0.00779","0.00148","46.84689"
"46.60000","1.59773","2,622.27441","0.00788","0.00150","46.93075"
"46.70000","1.60101","2,626.55981","0.00790","0.00149","47.00745"
"46.80000","1.60438","2,630.93213","0.00793","0.00147","47.08570"
"46.90000","1.60767","2,634.87085","0.00783","0.00144","47.15619"
"47.00000","1.61103","2,640.55615","0.00778","0.00136","47.25794"
"47.10000","1.61424","2,644.48926","0.00775","0.00138","47.32833"
"47.20000","1.61753","2,648.47290","0.00790","0.00137","47.39962"
"47.30000","1.62104","2,652.93481","0.00794","0.00129","47.47948"
"47.40000","1.62418","2,657.31763","0.00795","0.00134","47.55792"
"47.50000","1.62769","2,661.81006","0.00802","0.00129","47.63832"
"47.60000","1.63113","2,666.59204","0.00808","0.00128","47.72390"
"47.70000","1.63420","2,670.91699","0.00807","0.00128","47.80130"
"47.80000","1.63763","2,675.42017","0.00808","0.00128","47.88190"
"47.90000","1.64100","2,680.04712","0.00808","0.00129","47.96471"
"48.00000","1.64421","2,684.29199","0.00812","0.00131","48.04068"
"48.10000","1.64772","2,688.82056","0.00810","0.00128","48.12172"
"48.20000","1.65101","2,692.59351","0.00815","0.00123","48.18925"
"48.30000","1.65438","2,697.77148","0.00812","0.00125","48.28192"
"48.40000","1.65766","2,701.76880","0.00813","0.00137","48.35346"
"48.50000","1.66103","2,706.16284","0.00816","0.00158","48.43210"
"48.60000","1.66439","2,710.98828","0.00820","0.00151","48.51846"
"48.70000","1.66753","2,714.26416","0.00820","0.00144","48.57709"
"48.80000","1.67104","2,719.71118","0.00819","0.00156","48.67457"
"48.90000","1.67448","2,724.45020","0.00823","0.00155","48.75938"
"49.00000","1.67762","2,728.00879","0.00825","0.00156","48.82307"
"49.10000","1.68106","2,733.03003","0.00827","0.00158","48.91294"
"49.20000","1.68442","2,737.47363","0.00832","0.00159","48.99247"
"49.30000","1.68756","2,741.20825","0.00836","0.00160","49.05930"
"49.40000","1.69100","2,745.69287","0.00835","0.00164","49.13956"
"49.50000","1.69436","2,749.50781","0.00839","0.00155","49.20784"
"49.60000","1.69765","2,754.65820","0.00846","0.00156","49.30002"
"49.70000","1.70094","2,758.98608","0.00844","0.00155","49.37747"
"49.80000","1.70437","2,763.13892","0.00846","0.00154","49.45180"
"49.90000","1.70766","2,767.38501","0.00849","0.00145","49.52779"
"50.00000","1.71080","2,771.21606","0.00849","0.00141","49.59635"
"50.10000","1.71439","2,776.35205","0.00855","0.00144","49.68827"
"50.20000","1.71768","2,780.63379","0.00854","0.00140","49.76490"
"50.30000","1.72097","2,785.16895","0.00855","0.00142","49.84607"
"50.40000","1.72440","2,789.90601","0.00859","0.00140","49.93085"
"50.50000","1.72777","2,793.25781","0.00859","0.00143","49.99083"
"50.60000","1.73091","2,797.88965","0.00860","0.00139","50.07373"
"50.70000","1.73427","2,802.16162","0.00863","0.00141","50.15018"
"50.80000","1.73763","2,806.64893","0.00862","0.00133","50.23050"
"50.90000","1.74085","2,810.22705","0.00863","0.00135","50.29453"
"51.00000","1.74428","2,814.90674","0.00867","0.00133","50.37828"
"51.10000","1.74780","2,820.41943","0.00863","0.00132","50.47694"
"51.20000","1.75101","2,824.13428","0.00866","0.00133","50.54343"
"51.30000","1.75430","2,827.34204","0.00867","0.00133","50.60084"
"51.40000","1.75766","2,831.78223","0.00871","0.00135","50.68030"
"51.50000","1.76095","2,836.38940","0.00873","0.00133","50.76276"
"51.60000","1.76416","2,839.91504","0.00876","0.00128","50.82586"
"51.70000","1.76768","2,844.24463","0.00877","0.00134","50.90334"
"51.80000","1.77104","2,849.02563","0.00873","0.00160","50.98891"
"51.90000","1.77433","2,852.89453","0.00879","0.00148","51.05815"
"52.00000","1.77769","2,856.94092","0.00880","0.00169","51.13057"
"52.10000","1.78105","2,860.99561","0.00884","0.00169","51.20313"
"52.20000","1.78427","2,865.40479","0.00882","0.00169","51.28204"
"52.30000","1.78763","2,868.81787","0.00883","0.00166","51.34313"
"52.40000","1.79107","2,873.17700","0.00889","0.00166","51.42114"
"52.50000","1.79428","2,877.79370","0.00893","0.00169","51.50377"
"52.60000","1.79765","2,881.20020","0.00896","0.00166","51.56474"
"52.70000","1.80108","2,885.45142","0.00900","0.00167","51.64082"
"52.80000","1.80437","2,890.95386","0.00903","0.00169","51.73930"
"52.90000","1.80759","2,894.30103","0.00901","0.00160","51.79920"
"53.00000","1.81102","2,898.74243","0.00903","0.00154","51.87869"
"53.10000","1.81439","2,902.73438","0.00910","0.00155","51.95013"
"53.20000","1.81760","2,906.72656","0.00908","0.00153","52.02158"
"53.30000","1.82104","2,910.70776","0.00909","0.00151","52.09283"
"53.40000","1.82448","2,915.34424","0.00916","0.00154","52.17581"
"53.50000","1.82754","2,919.50098","0.00916","0.00155","52.25020"
"53.60000","1.83098","2,923.33374","0.00916","0.00146","52.31880"
"53.70000","1.83434","2,926.92041","0.00915","0.00153","52.38299"
"53.80000","1.83756","2,932.13062","0.00922","0.00151","52.47623"
"53.90000","1.84099","2,936.00903","0.00918","0.00147","52.54565"
"54.00000","1.84443","2,940.47290","0.00923","0.00150","52.62554"
"54.10000","1.84765","2,944.62549","0.00924","0.00145","52.69986"
"54.20000","1.85093","2,947.87769","0.00923","0.00145","52.75806"
"54.30000","1.85422","2,951.54956","0.00927","0.00144","52.82378"
"54.40000","1.85759","2,955.75708","0.00925","0.00145","52.89908"
"54.50000","1.86087","2,959.19482","0.00925","0.00145","52.96060"
"54.60000","1.86431","2,963.83789","0.00927","0.00144","53.04370"
"54.70000","1.86782","2,968.38525","0.00930","0.00148","53.12508"
"54.80000","1.87096","2,972.42114","0.00933","0.00144","53.19731"
"54.90000","1.87433","2,976.44336","0.00932","0.00148","53.26930"
"55.00000","1.87776","2,980.49170","0.00934","0.00156","53.34175"
"55.10000","1.88090","2,984.80591","0.00938","0.00183","53.41896"
"55.20000","1.88434","2,989.54199","0.00943","0.00184","53.50372"
"55.30000","1.88770","2,993.00171","0.00942","0.00183","53.56564"
"55.40000","1.89099","2,997.03223","0.00948","0.00182","53.63778"
"55.50000","1.89443","3,001.59521","0.00946","0.00181","53.71944"
"55.60000","1.89764","3,005.35181","0.00948","0.00186","53.78667"
"55.70000","1.90108","3,009.36328","0.00949","0.00187","53.85846"
"55.80000","1.90430","3,013.25537","0.00945","0.00179","53.92812"
"55.90000","1.90758","3,017.23071","0.00951","0.00178","53.99927"
"56.00000","1.91110","3,020.97119","0.00958","0.00181","54.06621"
"56.10000","1.91424","3,024.39307","0.00956","0.00175","54.12745"
"56.20000","1.91767","3,028.00171","0.00960","0.00174","54.19204"
"56.30000","1.92111","3,032.79443","0.00961","0.00170","54.27781"
"56.40000","1.92418","3,036.62134","0.00965","0.00170","54.34630"
"56.50000","1.92761","3,040.17432","0.00967","0.00171","54.40989"
"56.60000","1.93098","3,044.83667","0.00973","0.00165","54.49333"
"56.70000","1.93427","3,048.55444","0.00972","0.00161","54.55987"
"56.80000","1.93770","3,052.17847","0.00971","0.00164","54.62473"
"56.90000","1.94107","3,056.82349","0.00975","0.00156","54.70786"
"57.00000","1.94443","3,060.62964","0.00972","0.00161","54.77598"
"57.10000","1.94757","3,064.92578","0.00974","0.00156","54.85286"
"57.20000","1.95093","3,067.99048","0.00976","0.00154","54.90771"
"57.30000","1.95444","3,072.79858","0.00982","0.00154","54.99376"
"57.40000","1.95751","3,076.05420","0.00984","0.00161","55.05203"
"57.50000","1.96110","3,080.14624","0.00983","0.00160","55.12527"
"57.60000","1.96446","3,084.46631","0.00988","0.00159","55.20258"
"57.70000","1.96760","3,087.59766","0.00990","0.00158","55.25862"
"57.80000","1.97104","3,092.63232","0.00988","0.00155","55.34873"
"57.90000","1.97440","3,096.53345","0.00987","0.00159","55.41854"
"58.00000","1.97761","3,100.21069","0.00988","0.00154","55.48436"
"58.10000","1.98098","3,103.89233","0.00994","0.00154","55.55025"
"58.20000","1.98434","3,107.74170","0.00995","0.00157","55.61914"
"58.30000","1.98778","3,111.93164","0.00999","0.00197","55.69413"
"58.40000","1.99099","3,114.98584","0.01001","0.00200","55.74879"
"58.50000","1.99428","3,118.08521","0.01000","0.00198","55.80426"
"58.60000","1.99764","3,123.76367","0.01001","0.00199","55.90588"
"58.70000","2.00078","3,126.95996","0.01005","0.00199","55.96309"
"58.80000","2.00437","3,131.10352","0.01006","0.00206","56.03725"
"58.90000","2.00773","3,134.86279","0.01013","0.00196","56.10453"
"59.00000","2.01087","3,138.55005","0.01009","0.00198","56.17052"
"59.10000","2.01438","3,143.19019","0.01013","0.00197","56.25356"
"59.20000","2.01775","3,146.38232","0.01011","0.00189","56.31069"
"59.30000","2.02096","3,150.31958","0.01013","0.00186","56.38115"
"59.40000","2.02432","3,154.36157","0.01019","0.00188","56.45350"
"59.50000","2.02769","3,157.70215","0.01022","0.00186","56.51328"
"59.60000","2.03097","3,161.73804","0.01023","0.00182","56.58551"
"59.70000","2.03434","3,164.98315","0.01025","0.00178","56.64359"
"59.80000","2.03778","3,168.91553","0.01030","0.00177","56.71397"
"59.90000","2.04106","3,173.02197","0.01031","0.00177","56.78746"
"60.00000","2.04420","3,176.41748","0.01032","0.00180","56.84823"
"60.10000","2.04772","3,180.70239","0.01032","0.00174","56.92492"
"60.20000","2.05108","3,184.56860","0.01031","0.00171","56.99411"
"60.30000","2.05414","3,187.67432","0.01036","0.00174","57.04969"
"60.40000","2.05781","3,191.83984","0.01040","0.00167","57.12424"
"60.50000","2.06109","3,195.88232","0.01038","0.00173","57.19659"
"60.60000","2.06423","3,199.47632","0.01041","0.00179","57.26091"
"60.70000","2.06760","3,203.01196","0.01043","0.00172","57.32419"
"60.80000","2.07096","3,207.16943","0.01043","0.00174","57.39859"
"60.90000","2.07425","3,210.16040","0.01047","0.00173","57.45213"
"61.00000","2.07761","3,214.39502","0.01048","0.00171","57.52791"
"61.10000","2.08105","3,218.34863","0.01048","0.00168","57.59867"
"61.20000","2.08434","3,222.09814","0.01048","0.00171","57.66577"
"61.30000","2.08755","3,225.86938","0.01050","0.00165","57.73327"
"61.40000","2.09099","3,229.41699","0.01053","0.00193","57.79676"
"61.50000","2.09435","3,234.01318","0.01057","0.00208","57.87902"
"61.60000","2.09757","3,237.51855","0.01060","0.00213","57.94175"
"61.70000","2.10100","3,240.81250","0.01056","0.00215","58.00070"
"61.80000","2.10444","3,245.50610","0.01063","0.00218","58.08471"
"61.90000","2.10766","3,248.51196","0.01062","0.00218","58.13850"
"62.00000","2.11109","3,253.35156","0.01062","0.00218","58.22511"
"62.10000","2.11438","3,256.11914","0.01062","0.00211","58.27465"
"62.20000","2.11760","3,259.73633","0.01062","0.00211","58.33938"
"62.30000","2.12096","3,263.43433","0.01062","0.00205","58.40557"
"62.40000","2.12432","3,267.48267","0.01066","0.00205","58.47802"
"62.50000","2.12768","3,270.82056","0.01074","0.00200","58.53776"
"62.60000","2.13097","3,274.09814","0.01070","0.00200","58.59642"
"62.70000","2.13441","3,277.68579","0.01070","0.00194","58.66062"
"62.80000","2.13770","3,282.18457","0.01072","0.00195","58.74114"
"62.90000","2.14091","3,285.96973","0.01078","0.00193","58.80888"
"63.00000","2.14428","3,288.85986","0.01081","0.00190","58.86061"
"63.10000","2.14764","3,292.76440","0.01082","0.00190","58.93048"
"63.20000","2.15085","3,296.34814","0.01083","0.00186","58.99462"
"63.30000","2.15429","3,300.13086","0.01086","0.00188","59.06232"
"63.40000","2.15773","3,304.06177","0.01084","0.00187","59.13267"
"63.50000","2.16094","3,307.72168","0.01088","0.00183","59.19817"
"63.60000","2.16431","3,310.90430","0.01087","0.00190","59.25513"
"63.70000","2.16767","3,315.14893","0.01093","0.00185","59.33110"
"63.80000","2.17096","3,318.31323","0.01095","0.00186","59.38773"
"63.90000","2.17432","3,322.43896","0.01098","0.00181","59.46157"
"64.00000","2.17776","3,326.29272","0.01103","0.00185","59.53054"
"64.10000","2.18105","3,329.89282","0.01104","0.00183","59.59497"
"64.20000","2.18434","3,333.97534","0.01103","0.00187","59.66803"
"64.30000","2.18762","3,337.52148","0.01106","0.00184","59.73150"
"64.40000","2.19106","3,341.45093","0.01105","0.00175","59.80183"
"64.50000","2.19420","3,344.05493","0.01107","0.00225","59.84843"
"64.60000","2.19756","3,347.77271","0.01109","0.00219","59.91497"
"64.70000","2.20115","3,352.07349","0.01111","0.00221","59.99194"
"64.80000","2.20422","3,355.09448","0.01112","0.00223","60.04601"
"64.90000","2.20765","3,358.67065","0.01111","0.00229","60.11001"
"65.00000","2.21109","3,362.26855","0.01118","0.00220","60.17440"
"65.10000","2.21423","3,366.35010","0.01120","0.00236","60.24744"
"65.20000","2.21767","3,369.40771","0.01120","0.00228","60.30217"
"65.30000","2.22103","3,373.36133","0.01119","0.00225","60.37292"
"65.40000","2.22432","3,377.40039","0.01120","0.00223","60.44521"
"65.50000","2.22768","3,379.70483","0.01129","0.00225","60.48645"
"65.60000","2.23105","3,384.03247","0.01127","0.00217","60.56391"
"65.70000","2.23441","3,387.11206","0.01126","0.00214","60.61902"
"65.80000","2.23755","3,390.89600","0.01127","0.00211","60.68674"
"65.90000","2.24099","3,394.91040","0.01127","0.00208","60.75859"
"66.00000","2.24442","3,398.55078","0.01132","0.00209","60.82374"
"66.10000","2.24756","3,401.29443","0.01134","0.00209","60.87284"
"66.20000","2.25108","3,405.43994","0.01136","0.00203","60.94703"
"66.30000","2.25451","3,409.92090","0.01137","0.00200","61.02723"
"66.40000","2.25758","3,412.07715","0.01140","0.00199","61.06582"
"66.50000","2.26102","3,415.93164","0.01139","0.00195","61.13480"
"66.60000","2.26430","3,419.54492","0.01144","0.00195","61.19947"
"66.70000","2.26759","3,423.57446","0.01148","0.00195","61.27159"
"66.80000","2.27096","3,426.17529","0.01147","0.00198","61.31813"
"66.90000","2.27432","3,431.20776","0.01152","0.00193","61.40820"
"67.00000","2.27776","3,434.69482","0.01152","0.00194","61.47061"
"67.10000","2.28090","3,437.68311","0.01151","0.00199","61.52409"
"67.20000","2.28426","3,441.80249","0.01157","0.00195","61.59781"
"67.30000","2.28770","3,445.91406","0.01161","0.00202","61.67140"
"67.40000","2.29084","3,447.73975","0.01161","0.00208","61.70407"
"67.50000","2.29435","3,451.59619","0.01165","0.00212","61.77309"
"67.60000","2.29779","3,455.56543","0.01164","0.00227","61.84413"
"67.70000","2.30092","3,458.97974","0.01165","0.00229","61.90524"
"67.80000","2.30436","3,462.62817","0.01169","0.00230","61.97053"
"67.90000","2.30765","3,465.88184","0.01168","0.00230","62.02876"
"68.00000","2.31094","3,469.00342","0.01167","0.00234","62.08463"
"68.10000","2.31430","3,472.51587","0.01169","0.00241","62.14749"
"68.20000","2.31774","3,476.57349","0.01167","0.00239","62.22011"
"68.30000","2.32103","3,479.85986","0.01169","0.00250","62.27893"
"68.40000","2.32432","3,483.12061","0.01175","0.00239","62.33728"
"68.50000","2.32768","3,487.49341","0.01175","0.00242","62.41554"
"68.60000","2.33104","3,491.24487","0.01177","0.00240","62.48268"
"68.70000","2.33418","3,493.91284","0.01177","0.00237","62.53043"
"68.80000","2.33770","3,497.25830","0.01187","0.00228","62.59031"
"68.90000","2.34113","3,500.48584","0.01195","0.00225","62.64807"
"69.00000","2.34420","3,504.59180","0.01190","0.00221","62.72155"
"69.10000","2.34778","3,508.30371","0.01187","0.00221","62.78798"
"69.20000","2.35107","3,511.20483","0.01187","0.00216","62.83990"
"69.30000","2.35421","3,514.66162","0.01188","0.00215","62.90177"
"69.40000","2.35758","3,517.98047","0.01188","0.00209","62.96117"
"69.50000","2.36094","3,520.95728","0.01191","0.00209","63.01444"
"69.60000","2.36430","3,525.15161","0.01196","0.00212","63.08951"
"69.70000","2.36759","3,528.25439","0.01199","0.00211","63.14504"
"69.80000","2.37110","3,532.37646","0.01202","0.00209","63.21881"
"69.90000","2.37439","3,535.74976","0.01199","0.00206","63.27919"
"70.00000","2.37753","3,538.32471","0.01205","0.00207","63.32527"
"70.10000","2.38104","3,542.75415","0.01206","0.00212","63.40454"
"70.20000","2.38433","3,545.51831","0.01210","0.00209","63.45401"
"70.30000","2.38754","3,549.47339","0.01210","0.00207","63.52480"
"70.40000","2.39106","3,553.09131","0.01216","0.00221","63.58955"
"70.50000","2.39442","3,556.54736","0.01215","0.00236","63.65140"
"70.60000","2.39763","3,559.92358","0.01222","0.00244","63.71182"
"70.70000","2.40100","3,562.35718","0.01221","0.00243","63.75537"
"70.80000","2.40436","3,566.27441","0.01223","0.00246","63.82549"
"70.90000","2.40765","3,569.50610","0.01221","0.00247","63.88332"
"71.00000","2.41094","3,572.64136","0.01221","0.00246","63.93943"
"71.10000","2.41438","3,576.09570","0.01225","0.00250","64.00125"
"71.20000","2.41766","3,580.66113","0.01230","0.00253","64.08296"
"71.30000","2.42095","3,582.90381","0.01229","0.00258","64.12310"
"71.40000","2.42439","3,586.10034","0.01230","0.00251","64.18031"
"71.50000","2.42768","3,590.00684","0.01228","0.00249","64.25022"
"71.60000","2.43082","3,592.80029","0.01231","0.00247","64.30022"
"71.70000","2.43433","3,596.58936","0.01233","0.00251","64.36803"
"71.80000","2.43769","3,600.20654","0.01231","0.00248","64.43276"
"71.90000","2.44098","3,603.46240","0.01240","0.00248","64.49104"
"72.00000","2.44434","3,607.46191","0.01242","0.00245","64.56261"
"72.10000","2.44771","3,610.38672","0.01248","0.00235","64.61496"
"72.20000","2.45092","3,614.45386","0.01251","0.00237","64.68775"
"72.30000","2.45428","3,617.80103","0.01253","0.00227","64.74765"
"72.40000","2.45772","3,620.41064","0.01256","0.00229","64.79436"
"72.50000","2.46101","3,624.11963","0.01259","0.00224","64.86074"
"72.60000","2.46437","3,627.73267","0.01251","0.00229","64.92540"
"72.70000","2.46774","3,631.27295","0.01256","0.00226","64.98876"
"72.80000","2.47103","3,633.99658","0.01260","0.00224","65.03751"
"72.90000","2.47424","3,637.71216","0.01259","0.00222","65.10400"
"73.00000","2.47760","3,641.40527","0.01266","0.00217","65.17010"
"73.10000","2.48104","3,644.16650","0.01259","0.00220","65.21951"
"73.20000","2.48433","3,647.41431","0.01262","0.00220","65.27764"
"73.30000","2.48762","3,651.23145","0.01263","0.00222","65.34595"
"73.40000","2.49113","3,654.63818","0.01264","0.00218","65.40693"
"73.50000","2.49427","3,657.51196","0.01263","0.00227","65.45836"
"73.60000","2.49763","3,660.82666","0.01267","0.00242","65.51768"
"73.70000","2.50100","3,663.47363","0.01270","0.00253","65.56506"
"73.80000","2.50421","3,667.24756","0.01269","0.00258","65.63260"
"73.90000","2.50765","3,669.93628","0.01268","0.00261","65.68072"
"74.00000","2.51108","3,674.02588","0.01279","0.00257","65.75391"
"74.10000","2.51437","3,677.32422","0.01277","0.00265","65.81293"
"74.20000","2.51766","3,680.29150","0.01280","0.00269","65.86604"
"74.30000","2.52102","3,683.38647","0.01281","0.00267","65.92143"
"74.40000","2.52439","3,687.11694","0.01277","0.00269","65.98820"
"74.50000","2.52753","3,690.35352","0.01280","0.00270","66.04612"
"74.60000","2.53096","3,692.96631","0.01283","0.00271","66.09288"
"74.70000","2.53448","3,696.49561","0.01285","0.00272","66.15604"
"74.80000","2.53754","3,699.72241","0.01283","0.00266","66.21380"
"74.90000","2.54098","3,702.49780","0.01287","0.00267","66.26347"
"75.00000","2.54442","3,706.21118","0.01284","0.00264","66.32993"
"75.10000","2.54756","3,708.79541","0.01294","0.00262","66.37617"
"75.20000","2.55099","3,712.54980","0.01300","0.00258","66.44337"
"75.30000","2.55436","3,715.90039","0.01309","0.00251","66.50333"
"75.40000","2.55772","3,719.73486","0.01306","0.00248","66.57196"
"75.50000","2.56101","3,722.38501","0.01306","0.00250","66.61939"
"75.60000","2.56437","3,725.46289","0.01310","0.00247","66.67448"
"75.70000","2.56774","3,729.18945","0.01317","0.00244","66.74117"
"75.80000","2.57087","3,732.84473","0.01312","0.00241","66.80659"
"75.90000","2.57431","3,735.19800","0.01316","0.00238","66.84870"
"76.00000","2.57775","3,739.17114","0.01323","0.00239","66.91981"
"76.10000","2.58089","3,742.10034","0.01324","0.00234","66.97224"
"76.20000","2.58440","3,745.68335","0.01320","0.00237","67.03636"
"76.30000","2.58784","3,749.26782","0.01324","0.00231","67.10051"
"76.40000","2.59090","3,751.71240","0.01323","0.00233","67.14426"
"76.50000","2.59434","3,754.97119","0.01322","0.00237","67.20258"
"76.60000","2.59763","3,758.03711","0.01321","0.00243","67.25745"
"76.70000","2.60092","3,761.41821","0.01320","0.00254","67.31796"
"76.80000","2.60428","3,764.35889","0.01323","0.00274","67.37059"
"76.90000","2.60772","3,767.82080","0.01318","0.00272","67.43255"
"77.00000","2.61108","3,770.83838","0.01318","0.00277","67.48656"
"77.10000","2.61430","3,773.25854","0.01322","0.00283","67.52987"
"77.20000","2.61766","3,776.99536","0.01333","0.00286","67.59675"
"77.30000","2.62110","3,780.47778","0.01332","0.00281","67.65907"
"77.40000","2.62416","3,783.47705","0.01334","0.00285","67.71275"
"77.50000","2.62767","3,786.84399","0.01331","0.00289","67.77301"
"77.60000","2.63111","3,790.38232","0.01339","0.00286","67.83633"
"77.70000","2.63425","3,792.85669","0.01338","0.00286","67.88062"
"77.80000","2.63776","3,796.88696","0.01341","0.00288","67.95275"
"77.90000","2.64098","3,799.47900","0.01340","0.00283","67.99914"
"78.00000","2.64419","3,802.40723","0.01342","0.00284","68.05154"
"78.10000","2.64763","3,805.88818","0.01348","0.00280","68.11385"
"78.20000","2.65099","3,808.87720","0.01343","0.00276","68.16734"
"78.30000","2.65436","3,812.26685","0.01353","0.00274","68.22800"
"78.40000","2.65757","3,815.11255","0.01355","0.00274","68.27893"
"78.50000","2.66101","3,819.33081","0.01365","0.00268","68.35442"
"78.60000","2.66437","3,821.48706","0.01364","0.00266","68.39301"
"78.70000","2.66743","3,824.78198","0.01364","0.00265","68.45198"
"78.80000","2.67102","3,827.68896","0.01367","0.00261","68.50401"
"78.90000","2.67439","3,831.35742","0.01370","0.00256","68.56966"
"79.00000","2.67760","3,834.04565","0.01372","0.00254","68.61777"
"79.10000","2.68111","3,836.75366","0.01370","0.00249","68.66624"
"79.20000","2.68440","3,840.65283","0.01372","0.00254","68.73602"
"79.30000","2.68761","3,843.57690","0.01374","0.00251","68.78835"
"79.40000","2.69098","3,846.98071","0.01375","0.00246","68.84927"
"79.50000","2.69426","3,849.41577","0.01375","0.00246","68.89285"
"79.60000","2.69763","3,852.80762","0.01380","0.00249","68.95356"
"79.70000","2.70092","3,855.86035","0.01381","0.00252","69.00819"
"79.80000","2.70435","3,859.84814","0.01383","0.00279","69.07956"
"79.90000","2.70772","3,861.51123","0.01391","0.00270","69.10933"
"80.00000","2.71086","3,864.07788","0.01385","0.00283","69.15526"
"80.10000","2.71429","3,866.66846","0.01385","0.00286","69.20162"
"80.20000","2.71766","3,871.23462","0.01389","0.00286","69.28335"
"80.30000","2.72087","3,873.78857","0.01388","0.00299","69.32906"
"80.40000","2.72438","3,877.31079","0.01383","0.00298","69.39209"
"80.50000","2.72775","3,879.46582","0.01385","0.00299","69.43066"
"80.60000","2.73096","3,883.11328","0.01387","0.00302","69.49593"
"80.70000","2.73432","3,885.70850","0.01384","0.00302","69.54238"
"80.80000","2.73769","3,888.99634","0.01390","0.00298","69.60123"
"80.90000","2.74090","3,892.59766","0.01387","0.00299","69.66568"
"81.00000","2.74426","3,895.33203","0.01386","0.00302","69.71461"
"81.10000","2.74770","3,899.03198","0.01393","0.00299","69.78083"
"81.20000","2.75107","3,901.77734","0.01389","0.00298","69.82996"
"81.30000","2.75428","3,904.82202","0.01400","0.00296","69.88446"
"81.40000","2.75772","3,907.00439","0.01392","0.00293","69.92352"
"81.50000","2.76100","3,911.10815","0.01400","0.00289","69.99696"
"81.60000","2.76422","3,913.28882","0.01395","0.00285","70.03599"
"81.70000","2.76766","3,915.90381","0.01407","0.00286","70.08279"
"81.80000","2.77102","3,919.60254","0.01419","0.00284","70.14899"
"81.90000","2.77431","3,922.05981","0.01415","0.00277","70.19296"
"82.00000","2.77767","3,925.32983","0.01418","0.00274","70.25149"
"82.10000","2.78111","3,928.45117","0.01422","0.00274","70.30735"
"82.20000","2.78425","3,931.20825","0.01424","0.00274","70.35669"
"82.30000","2.78754","3,934.05371","0.01427","0.00266","70.40762"
"82.40000","2.79105","3,937.01318","0.01428","0.00267","70.46058"
"82.50000","2.79434","3,940.32031","0.01424","0.00262","70.51977"
"82.60000","2.79763","3,943.07935","0.01430","0.00261","70.56915"
"82.70000","2.80106","3,945.85571","0.01430","0.00273","70.61884"
"82.80000","2.80435","3,949.36621","0.01431","0.00289","70.68166"
"82.90000","2.80757","3,951.52637","0.01431","0.00295","70.72032"
"83.00000","2.81093","3,954.63135","0.01438","0.00293","70.77589"
"83.10000","2.81437","3,958.60181","0.01434","0.00295","70.84695"
"83.20000","2.81751","3,960.54907","0.01436","0.00304","70.88181"
"83.30000","2.82102","3,963.47119","0.01441","0.00303","70.93410"
"83.40000","2.82453","3,966.93945","0.01443","0.00301","70.99617"
"83.50000","2.82767","3,970.10962","0.01446","0.00304","71.05291"
"83.60000","2.83096","3,972.55273","0.01444","0.00312","71.09663"
"83.70000","2.83440","3,975.30347","0.01428","0.00313","71.14586"
"83.80000","2.83754","3,978.36157","0.01441","0.00311","71.20059"
"83.90000","2.84097","3,981.00049","0.01451","0.00314","71.24782"
"84.00000","2.84441","3,984.61719","0.01452","0.00319","71.31255"
"84.10000","2.84770","3,987.11646","0.01449","0.00316","71.35728"
"84.20000","2.85099","3,989.94312","0.01458","0.00314","71.40787"
"84.30000","2.85435","3,992.42944","0.01453","0.00314","71.45236"
"84.40000","2.85771","3,995.66431","0.01454","0.00309","71.51026"
"84.50000","2.86085","3,998.68188","0.01465","0.00310","71.56426"
"84.60000","2.86429","4,001.36084","0.01454","0.00302","71.61221"
"84.70000","2.86780","4,004.85034","0.01455","0.00305","71.67466"
"84.80000","2.87087","4,008.88501","0.01455","0.00293","71.74687"
"84.90000","2.87438","4,010.26123","0.01466","0.00294","71.77150"
"85.00000","2.87774","4,013.42773","0.01474","0.00294","71.82817"
"85.10000","2.88088","4,015.65698","0.01472","0.00293","71.86806"
"85.20000","2.88432","4,018.85254","0.01481","0.00289","71.92525"
"85.30000","2.88768","4,021.70337","0.01482","0.00284","71.97628"
"85.40000","2.89105","4,024.44678","0.01482","0.00287","72.02538"
"85.50000","2.89434","4,027.62549","0.01485","0.00280","72.08227"
"85.60000","2.89770","4,031.50293","0.01485","0.00278","72.15166"
"85.70000","2.90114","4,034.39600","0.01481","0.00274","72.20344"
"85.80000","2.90420","4,036.48438","0.01474","0.00298","72.24081"
"85.90000","2.90764","4,039.78369","0.01483","0.00290","72.29986"
"86.00000","2.91108","4,042.62402","0.01492","0.00302","72.35069"
"86.10000","2.91422","4,045.20190","0.01490","0.00300","72.39683"
"86.20000","2.91773","4,048.73828","0.01500","0.00307","72.46012"
"86.30000","2.92109","4,051.10913","0.01493","0.00309","72.50256"
"86.40000","2.92423","4,053.85596","0.01495","0.00308","72.55171"
"86.50000","2.92774","4,057.07104","0.01493","0.00311","72.60925"
"86.60000","2.93103","4,059.33008","0.01485","0.00314","72.64968"
"86.70000","2.93424","4,062.22681","0.01498","0.00321","72.70152"
"86.79200","2.93738","3,685.61157","0.01501","0.00321","65.96126"
"86.79600","2.93761","3,297.57959","0.01501","0.00321","59.01666"
"86.80000","2.93776","2,849.44409","0.01501","0.00321","50.99640"
"86.80400","2.93798","2,384.46899","0.01501","0.00321","42.67476"
