Modulus (Segment 0.001 mm/mm - 0.008 mm/mm) : Modulus (Segment 0.001 mm/mm - 0.008 mm/mm),"6,749.40235",MPa
Poisson's ratio (Least squares fit) : Poisson's ratio (Least squares fit),"0.23543"
Specimen properties : Gauge length,"15.99000",mm
Specimen properties : Gauge length transverse,"5.08900",mm
Specimen properties : Thickness,"2.94000",mm
Specimen properties : Width,"15.17000",mm

Time,Extension,Load,Video axial strain,Video transverse strain,Calculated Stress
(s),(mm),(N),(mm/mm),(mm/mm),(MPa)
"0.00000","-0.00007","38.28191","0.00002","-0.00009","0.85834"
"0.10000","0.00127","39.87759","0.00000","0.00000","0.89412"
"0.20000","0.00575","49.37827","0.00006","-0.00006","1.10714"
"0.30000","0.00994","60.54078","0.00004","0.00003","1.35742"
"0.40000","0.01315","70.19916","0.00001","0.00011","1.57398"
"0.50000","0.01667","78.74831","0.00010","0.00002","1.76567"
"0.60000","0.02003","87.02645","0.00009","0.00013","1.95127"
"0.70000","0.02332","95.30669","0.00008","0.00001","2.13693"
"0.80000","0.02668","102.56172","0.00007","0.00010","2.29960"
"0.90000","0.03012","111.31362","0.00010","0.00020","2.49583"
"1.00000","0.03333","120.34470","0.00013","0.00019","2.69832"
"1.10000","0.03647","128.11545","0.00012","0.00015","2.87256"
"1.20000","0.04006","137.20935","0.00013","0.00010","3.07646"
"1.30000","0.04335","145.29468","0.00017","0.00014","3.25774"
"1.40000","0.04664","153.34157","0.00016","0.00015","3.43817"
"1.50000","0.05007","162.47743","0.00017","0.00016","3.64301"
"1.60000","0.05344","170.27827","0.00018","0.00026","3.81792"
"1.70000","0.05658","178.61801","0.00018","0.00029","4.00491"
"1.80000","0.06001","187.09682","0.00020","0.00020","4.19501"
"1.90000","0.06338","195.46480","0.00021","0.00018","4.38264"
"2.00000","0.06659","203.01819","0.00023","0.00027","4.55200"
"2.10000","0.07003","212.16150","0.00023","0.00027","4.75701"
"2.20000","0.07347","220.73479","0.00023","0.00028","4.94923"
"2.30000","0.07668","228.50156","0.00023","0.00031","5.12338"
"2.40000","0.07997","236.31274","0.00033","0.00033","5.29852"
"2.50000","0.08333","244.51099","0.00027","0.00010","5.48233"
"2.60000","0.08662","252.45416","0.00033","0.00008","5.66043"
"2.70000","0.08991","260.36984","0.00035","0.00017","5.83791"
"2.80000","0.09342","268.99518","0.00035","0.00010","6.03131"
"2.90000","0.09671","277.39905","0.00039","0.00020","6.21974"
"3.00000","0.09992","285.43536","0.00042","0.00026","6.39992"
"3.10000","0.10336","293.11942","0.00047","0.00020","6.57221"
"3.20000","0.10672","301.76865","0.00049","0.00019","6.76614"
"3.30000","0.10986","308.70413","0.00050","0.00011","6.92165"
"3.40000","0.11330","317.84427","0.00050","0.00010","7.12659"
"3.50000","0.11674","325.35394","0.00053","0.00001","7.29496"
"3.60000","0.11995","333.59146","0.00058","-0.00002","7.47966"
"3.70000","0.12332","341.58054","0.00055","0.00006","7.65879"
"3.80000","0.12675","349.32718","0.00062","0.00010","7.83248"
"3.90000","0.12997","358.76584","0.00061","0.00014","8.04411"
"4.00000","0.13326","365.50629","0.00061","0.00015","8.19524"
"4.10000","0.13662","373.11209","0.00063","0.00036","8.36578"
"4.20000","0.14006","381.98074","0.00061","0.00015","8.56463"
"4.30000","0.14327","389.21262","0.00060","0.00027","8.72678"
"4.40000","0.14671","397.27628","0.00066","0.00024","8.90758"
"4.50000","0.15015","405.26334","0.00064","0.00028","9.08666"
"4.60000","0.15329","413.15778","0.00067","0.00031","9.26367"
"4.70000","0.15657","420.77429","0.00072","0.00023","9.43444"
"4.80000","0.16001","428.98050","0.00073","0.00033","9.61844"
"4.90000","0.16323","436.55872","0.00069","0.00027","9.78836"
"5.00000","0.16666","444.56906","0.00071","0.00028","9.96796"
"5.10000","0.17003","451.65677","0.00077","0.00029","10.12688"
"5.20000","0.17331","460.36569","0.00080","0.00035","10.32215"
"5.30000","0.17668","467.03674","0.00079","0.00032","10.47172"
"5.40000","0.17997","475.48129","0.00078","0.00033","10.66106"
"5.50000","0.18333","482.48209","0.00079","0.00043","10.81803"
"5.60000","0.18654","489.45486","0.00084","0.00020","10.97437"
"5.70000","0.18998","496.69757","0.00086","0.00016","11.13677"
"5.80000","0.19349","504.49966","0.00086","0.00015","11.31170"
"5.90000","0.19656","512.98425","0.00091","0.00020","11.50194"
"6.00000","0.20000","519.99274","0.00094","0.00022","11.65908"
"6.10000","0.20336","527.32819","0.00093","0.00020","11.82355"
"6.20000","0.20650","534.48950","0.00093","0.00030","11.98412"
"6.30000","0.21001","542.07367","0.00098","0.00025","12.15417"
"6.40000","0.21337","550.70782","0.00103","0.00024","12.34776"
"6.50000","0.21666","557.09808","0.00101","0.00027","12.49104"
"6.60000","0.22010","564.60358","0.00104","0.00019","12.65933"
"6.70000","0.22339","572.44397","0.00103","0.00002","12.83512"
"6.80000","0.22668","579.63739","0.00107","0.00009","12.99641"
"6.90000","0.22989","585.56555","0.00108","0.00016","13.12933"
"7.00000","0.23325","593.62415","0.00112","0.00010","13.31002"
"7.10000","0.23677","601.30188","0.00107","0.00024","13.48217"
"7.20000","0.23991","608.68433","0.00111","0.00015","13.64769"
"7.30000","0.24334","614.73621","0.00113","0.00018","13.78339"
"7.40000","0.24678","622.83533","0.00116","0.00010","13.96498"
"7.50000","0.24985","629.83990","0.00120","0.00028","14.12203"
"7.60000","0.25336","636.17773","0.00125","0.00028","14.26414"
"7.70000","0.25672","643.80438","0.00125","0.00035","14.43514"
"7.80000","0.25993","650.60474","0.00119","0.00047","14.58762"
"7.90000","0.26337","657.24695","0.00120","0.00045","14.73654"
"8.00000","0.26674","663.72003","0.00121","0.00043","14.88168"
"8.10000","0.27010","670.95361","0.00119","0.00049","15.04387"
"8.20000","0.27324","677.32379","0.00123","0.00051","15.18670"
"8.30000","0.27660","684.50116","0.00121","0.00043","15.34763"
"8.40000","0.28004","690.95294","0.00121","0.00044","15.49229"
"8.50000","0.28318","697.17151","0.00127","0.00051","15.63172"
"8.60000","0.28669","704.00891","0.00128","0.00052","15.78502"
"8.70000","0.29013","710.77515","0.00129","0.00061","15.93673"
"8.80000","0.29319","717.00562","0.00131","0.00046","16.07643"
"8.90000","0.29671","723.69000","0.00128","0.00047","16.22631"
"9.00000","0.30007","730.74194","0.00131","0.00043","16.38442"
"9.10000","0.30328","737.71875","0.00133","0.00035","16.54085"
"9.20000","0.30665","743.28485","0.00133","0.00036","16.66566"
"9.30000","0.31001","750.34204","0.00133","0.00047","16.82389"
"9.40000","0.31337","757.32764","0.00135","0.00041","16.98052"
"9.50000","0.31666","762.71521","0.00135","0.00037","17.10131"
"9.60000","0.31995","768.66101","0.00141","0.00042","17.23463"
"9.70000","0.32339","776.55432","0.00145","0.00046","17.41161"
"9.80000","0.32645","781.80646","0.00146","0.00042","17.52937"
"9.90000","0.33004","789.08734","0.00148","0.00034","17.69262"
"10.00000","0.33340","795.91217","0.00152","0.00036","17.84564"
"10.10000","0.33654","801.27942","0.00153","0.00041","17.96599"
"10.20000","0.34013","808.55994","0.00155","0.00032","18.12923"
"10.30000","0.34342","814.76544","0.00156","0.00031","18.26837"
"10.40000","0.34655","820.64087","0.00156","0.00035","18.40010"
"10.50000","0.34999","827.00372","0.00160","0.00045","18.54277"
"10.60000","0.35328","833.18579","0.00164","0.00043","18.68138"
"10.70000","0.35664","840.18549","0.00164","0.00035","18.83832"
"10.80000","0.36001","846.39935","0.00171","0.00045","18.97765"
"10.90000","0.36345","851.84100","0.00176","0.00060","19.09966"
"11.00000","0.36673","858.17419","0.00175","0.00068","19.24166"
"11.10000","0.36987","864.27673","0.00175","0.00067","19.37849"
"11.20000","0.37331","870.35529","0.00174","0.00067","19.51478"
"11.30000","0.37667","876.47803","0.00182","0.00072","19.65206"
"11.40000","0.37981","882.55072","0.00181","0.00067","19.78822"
"11.50000","0.38347","888.87762","0.00180","0.00063","19.93008"
"11.60000","0.38676","894.85773","0.00183","0.00062","20.06417"
"11.70000","0.38990","900.89569","0.00179","0.00068","20.19954"
"11.80000","0.39334","906.80560","0.00179","0.00070","20.33206"
"11.90000","0.39663","911.98444","0.00178","0.00075","20.44817"
"12.00000","0.39992","918.14557","0.00177","0.00079","20.58632"
"12.10000","0.40321","923.99640","0.00178","0.00069","20.71750"
"12.20000","0.40672","930.48804","0.00184","0.00062","20.86305"
"12.30000","0.41001","936.51160","0.00190","0.00044","20.99811"
"12.40000","0.41330","941.80267","0.00183","0.00059","21.11675"
"12.50000","0.41666","949.07245","0.00188","0.00048","21.27975"
"12.60000","0.42002","955.15344","0.00188","0.00061","21.41609"
"12.70000","0.42324","960.32971","0.00185","0.00063","21.53215"
"12.80000","0.42667","966.03223","0.00191","0.00059","21.66001"
"12.90000","0.43011","972.69733","0.00191","0.00048","21.80945"
"13.00000","0.43332","978.46582","0.00201","0.00055","21.93879"
"13.10000","0.43669","984.49805","0.00202","0.00050","22.07405"
"13.20000","0.44005","989.92383","0.00203","0.00041","22.19570"
"13.30000","0.44326","995.07776","0.00203","0.00051","22.31126"
"13.40000","0.44663","1,000.68823","0.00205","0.00056","22.43706"
"13.50000","0.45007","1,007.46722","0.00210","0.00058","22.58905"
"13.60000","0.45328","1,012.81769","0.00215","0.00065","22.70902"
"13.70000","0.45664","1,018.66071","0.00215","0.00054","22.84003"
"13.80000","0.46008","1,024.35315","0.00214","0.00066","22.96766"
"13.90000","0.46329","1,030.60901","0.00216","0.00081","23.10793"
"14.00000","0.46658","1,036.12939","0.00224","0.00078","23.23170"
"14.10000","0.46995","1,041.57373","0.00216","0.00080","23.35378"
"14.20000","0.47331","1,047.59070","0.00223","0.00098","23.48869"
"14.30000","0.47660","1,053.47437","0.00224","0.00082","23.62061"
"14.40000","0.48004","1,059.91895","0.00224","0.00076","23.76511"
"14.50000","0.48347","1,065.44739","0.00233","0.00089","23.88906"
"14.60000","0.48654","1,070.22766","0.00232","0.00085","23.99624"
"14.70000","0.48998","1,075.19238","0.00231","0.00089","24.10756"
"14.80000","0.49341","1,082.79883","0.00239","0.00093","24.27811"
"14.90000","0.49655","1,087.33972","0.00238","0.00094","24.37992"
"15.00000","0.49992","1,092.03430","0.00230","0.00096","24.48518"
"15.10000","0.50343","1,099.16736","0.00243","0.00092","24.64512"
"15.20000","0.50672","1,104.73022","0.00239","0.00093","24.76985"
"15.30000","0.51000","1,110.42834","0.00239","0.00102","24.89761"
"15.40000","0.51329","1,115.69873","0.00245","0.00074","25.01578"
"15.50000","0.51666","1,120.70959","0.00249","0.00075","25.12813"
"15.60000","0.51987","1,126.65588","0.00257","0.00072","25.26146"
"15.70000","0.52331","1,132.86389","0.00253","0.00073","25.40065"
"15.80000","0.52682","1,138.27551","0.00245","0.00081","25.52199"
"15.90000","0.52988","1,143.30139","0.00252","0.00084","25.63468"
"16.00000","0.53332","1,149.25061","0.00254","0.00075","25.76807"
"16.10000","0.53676","1,154.90259","0.00251","0.00070","25.89479"
"16.20000","0.53990","1,161.21680","0.00253","0.00055","26.03637"
"16.30000","0.54326","1,166.19397","0.00258","0.00053","26.14796"
"16.40000","0.54670","1,172.10608","0.00253","0.00064","26.28052"
"16.50000","0.54999","1,177.72937","0.00256","0.00061","26.40661"
"16.60000","0.55335","1,183.94495","0.00257","0.00063","26.54597"
"16.70000","0.55672","1,189.43567","0.00264","0.00059","26.66908"
"16.80000","0.56000","1,194.71033","0.00264","0.00069","26.78735"
"16.90000","0.56322","1,200.25500","0.00274","0.00074","26.91167"
"17.00000","0.56658","1,205.45593","0.00271","0.00067","27.02828"
"17.10000","0.57009","1,211.47888","0.00274","0.00077","27.16333"
"17.20000","0.57323","1,216.94800","0.00277","0.00070","27.28595"
"17.30000","0.57674","1,222.09717","0.00278","0.00092","27.40141"
"17.40000","0.58018","1,228.33337","0.00284","0.00089","27.54123"
"17.50000","0.58317","1,233.70154","0.00284","0.00086","27.66159"
"17.60000","0.58668","1,238.85938","0.00287","0.00092","27.77724"
"17.70000","0.58997","1,244.78833","0.00289","0.00088","27.91018"
"17.80000","0.59334","1,249.69873","0.00298","0.00091","28.02028"
"17.90000","0.59662","1,255.18018","0.00298","0.00093","28.14318"
"18.00000","0.60006","1,260.96533","0.00301","0.00098","28.27289"
"18.10000","0.60343","1,266.18579","0.00300","0.00090","28.38994"
"18.20000","0.60656","1,271.29492","0.00295","0.00096","28.50450"
"18.30000","0.60993","1,276.76184","0.00299","0.00100","28.62708"
"18.40000","0.61337","1,282.60254","0.00306","0.00096","28.75803"
"18.50000","0.61650","1,286.99915","0.00300","0.00104","28.85661"
"18.60000","0.62002","1,292.21655","0.00302","0.00085","28.97359"
"18.70000","0.62346","1,299.44214","0.00307","0.00083","29.13560"
"18.80000","0.62659","1,303.51208","0.00305","0.00082","29.22686"
"18.90000","0.63003","1,308.88013","0.00308","0.00076","29.34722"
"19.00000","0.63332","1,314.36157","0.00306","0.00083","29.47012"
"19.10000","0.63653","1,320.33923","0.00309","0.00080","29.60415"
"19.20000","0.63997","1,324.83655","0.00312","0.00068","29.70499"
"19.30000","0.64334","1,330.18823","0.00313","0.00070","29.82498"
"19.40000","0.64670","1,335.36890","0.00311","0.00070","29.94114"
"19.50000","0.64999","1,340.80322","0.00311","0.00062","30.06299"
"19.60000","0.65342","1,346.17249","0.00316","0.00057","30.18337"
"19.70000","0.65671","1,351.69824","0.00320","0.00068","30.30727"
"19.80000","0.65985","1,356.89099","0.00321","0.00061","30.42370"
"19.90000","0.66336","1,362.58630","0.00321","0.00062","30.55140"
"20.00000","0.66673","1,367.06860","0.00320","0.00074","30.65190"
"20.10000","0.66987","1,372.10034","0.00325","0.00071","30.76472"
"20.20000","0.67345","1,377.93591","0.00330","0.00057","30.89556"
"20.30000","0.67674","1,383.44629","0.00332","0.00085","31.01911"
"20.40000","0.67988","1,387.75842","0.00339","0.00091","31.11580"
"20.50000","0.68324","1,393.69922","0.00337","0.00098","31.24900"
"20.60000","0.68661","1,399.95886","0.00339","0.00098","31.38935"
"20.70000","0.68997","1,404.25818","0.00342","0.00099","31.48575"
"20.80000","0.69326","1,409.77734","0.00343","0.00091","31.60950"
"20.90000","0.69670","1,415.59827","0.00346","0.00086","31.74001"
"21.00000","0.70006","1,420.38562","0.00348","0.00101","31.84735"
"21.10000","0.70320","1,425.56226","0.00346","0.00104","31.96342"
"21.20000","0.70671","1,432.06616","0.00350","0.00106","32.10925"
"21.30000","0.71008","1,436.19519","0.00354","0.00101","32.20183"
"21.40000","0.71321","1,441.86389","0.00356","0.00103","32.32893"
"21.50000","0.71680","1,447.49011","0.00361","0.00101","32.45508"
"21.60000","0.72009","1,453.00769","0.00358","0.00106","32.57879"
"21.70000","0.72330","1,458.14648","0.00359","0.00107","32.69402"
"21.80000","0.72667","1,462.93958","0.00363","0.00101","32.80148"
"21.90000","0.72996","1,468.36060","0.00364","0.00082","32.92303"
"22.00000","0.73324","1,474.65869","0.00370","0.00081","33.06424"
"22.10000","0.73661","1,478.82227","0.00364","0.00091","33.15760"
"22.20000","0.74004","1,484.56482","0.00368","0.00090","33.28636"
"22.30000","0.74341","1,489.72046","0.00368","0.00084","33.40195"
"22.40000","0.74662","1,494.27014","0.00369","0.00081","33.50396"
"22.50000","0.75006","1,499.90100","0.00374","0.00075","33.63022"
"22.60000","0.75335","1,504.88818","0.00368","0.00072","33.74204"
"22.70000","0.75656","1,509.77515","0.00372","0.00076","33.85161"
"22.80000","0.76000","1,514.75916","0.00376","0.00072","33.96336"
"22.90000","0.76336","1,520.60376","0.00377","0.00070","34.09441"
"23.00000","0.76665","1,525.51575","0.00376","0.00074","34.20454"
"23.10000","0.77001","1,530.06812","0.00379","0.00073","34.30661"
"23.20000","0.77338","1,535.75415","0.00380","0.00071","34.43410"
"23.30000","0.77659","1,540.69275","0.00382","0.00056","34.54483"
"23.40000","0.77988","1,545.75928","0.00384","0.00066","34.65844"
"23.50000","0.78332","1,550.61572","0.00389","0.00062","34.76733"
"23.60000","0.78668","1,555.82227","0.00390","0.00084","34.88406"
"23.70000","0.78989","1,561.01587","0.00392","0.00107","35.00051"
"23.80000","0.79341","1,566.61108","0.00395","0.00104","35.12597"
"23.90000","0.79670","1,571.09521","0.00397","0.00104","35.22651"
"24.00000","0.79991","1,576.22827","0.00399","0.00106","35.34160"
"24.10000","0.80335","1,581.61072","0.00407","0.00111","35.46228"
"24.20000","0.80671","1,586.89221","0.00405","0.00106","35.58070"
"24.30000","0.81000","1,591.73328","0.00408","0.00112","35.68925"
"24.40000","0.81336","1,596.43372","0.00408","0.00107","35.79464"
"24.50000","0.81680","1,602.16870","0.00413","0.00112","35.92323"
"24.60000","0.81994","1,607.39160","0.00413","0.00110","36.04033"
"24.70000","0.82330","1,612.20874","0.00419","0.00115","36.14834"
"24.80000","0.82666","1,617.24854","0.00418","0.00110","36.26134"
"24.90000","0.82988","1,622.67810","0.00420","0.00105","36.38308"
"25.00000","0.83324","1,627.42310","0.00424","0.00086","36.48947"
"25.10000","0.83668","1,632.96887","0.00425","0.00096","36.61382"
"25.20000","0.84004","1,638.09912","0.00428","0.00098","36.72884"
"25.30000","0.84326","1,643.18811","0.00429","0.00107","36.84295"
"25.40000","0.84662","1,648.20776","0.00428","0.00096","36.95550"
"25.50000","0.84998","1,653.35950","0.00428","0.00100","37.07101"
"25.60000","0.85320","1,658.82837","0.00432","0.00084","37.19363"
"25.70000","0.85663","1,663.82178","0.00433","0.00085","37.30559"
"25.80000","0.86015","1,669.63269","0.00430","0.00082","37.43588"
"25.90000","0.86329","1,675.20459","0.00431","0.00083","37.56081"
"26.00000","0.86672","1,679.17297","0.00429","0.00083","37.64979"
"26.10000","0.87009","1,684.86914","0.00437","0.00084","37.77750"
"26.20000","0.87323","1,688.60608","0.00433","0.00077","37.86129"
"26.30000","0.87666","1,693.88708","0.00439","0.00089","37.97970"
"26.40000","0.88003","1,699.35510","0.00435","0.00066","38.10230"
"26.50000","0.88332","1,704.75183","0.00435","0.00060","38.22330"
"26.60000","0.88668","1,709.13379","0.00439","0.00059","38.32156"
"26.70000","0.89004","1,714.48254","0.00438","0.00077","38.44149"
"26.80000","0.89348","1,719.45312","0.00439","0.00095","38.55293"
"26.90000","0.89654","1,724.79028","0.00439","0.00095","38.67260"
"27.00000","0.89991","1,729.15698","0.00443","0.00124","38.77051"
"27.10000","0.90342","1,734.13623","0.00446","0.00113","38.88215"
"27.20000","0.90648","1,739.65503","0.00445","0.00109","39.00589"
"27.30000","0.91007","1,744.04248","0.00448","0.00126","39.10427"
"27.40000","0.91343","1,749.61206","0.00455","0.00126","39.22915"
"27.50000","0.91657","1,754.50366","0.00453","0.00130","39.33883"
"27.60000","0.92001","1,759.36035","0.00457","0.00125","39.44772"
"27.70000","0.92330","1,764.64490","0.00460","0.00124","39.56621"
"27.80000","0.92659","1,769.88184","0.00462","0.00122","39.68363"
"27.90000","0.92995","1,773.68481","0.00467","0.00127","39.76890"
"28.00000","0.93331","1,779.29053","0.00469","0.00122","39.89458"
"28.10000","0.93675","1,785.24585","0.00469","0.00130","40.02811"
"28.20000","0.93997","1,789.83508","0.00469","0.00120","40.13101"
"28.30000","0.94333","1,795.64819","0.00468","0.00108","40.26135"
"28.40000","0.94669","1,799.66431","0.00476","0.00111","40.35140"
"28.50000","0.94983","1,804.24451","0.00475","0.00111","40.45409"
"28.60000","0.95342","1,810.21448","0.00478","0.00099","40.58795"
"28.70000","0.95678","1,815.31775","0.00481","0.00112","40.70237"
"28.80000","0.95992","1,819.24646","0.00481","0.00112","40.79046"
"28.90000","0.96343","1,824.74548","0.00487","0.00092","40.91376"
"29.00000","0.96672","1,829.60522","0.00481","0.00087","41.02272"
"29.10000","0.96994","1,834.17065","0.00485","0.00096","41.12509"
"29.20000","0.97330","1,839.64319","0.00490","0.00085","41.24779"
"29.30000","0.97666","1,843.56836","0.00490","0.00100","41.33580"
"29.40000","0.98002","1,849.51575","0.00489","0.00094","41.46915"
"29.50000","0.98331","1,853.88757","0.00493","0.00112","41.56717"
"29.60000","0.98675","1,860.04431","0.00496","0.00096","41.70522"
"29.70000","0.99004","1,864.09595","0.00495","0.00089","41.79606"
"29.80000","0.99318","1,868.49255","0.00493","0.00085","41.89464"
"29.90000","0.99662","1,873.79590","0.00492","0.00091","42.01355"
"30.00000","1.00005","1,879.18298","0.00489","0.00101","42.13434"
"30.10000","1.00319","1,883.26855","0.00497","0.00117","42.22594"
"30.20000","1.00678","1,888.08606","0.00501","0.00120","42.33396"
"30.30000","1.01007","1,893.09680","0.00494","0.00133","42.44631"
"30.40000","1.01328","1,897.96814","0.00498","0.00134","42.55553"
"30.50000","1.01665","1,902.21313","0.00502","0.00136","42.65071"
"30.60000","1.01993","1,906.59729","0.00501","0.00131","42.74901"
"30.70000","1.02330","1,911.84558","0.00500","0.00142","42.86668"
"30.80000","1.02659","1,916.70874","0.00506","0.00150","42.97572"
"30.90000","1.03002","1,921.89062","0.00512","0.00140","43.09191"
"31.00000","1.03339","1,927.39404","0.00516","0.00141","43.21531"
"31.10000","1.03653","1,930.41321","0.00520","0.00155","43.28300"
"31.20000","1.03996","1,935.64319","0.00522","0.00143","43.40026"
"31.30000","1.04333","1,940.73230","0.00523","0.00129","43.51437"
"31.40000","1.04654","1,945.01843","0.00527","0.00148","43.61047"
"31.50000","1.04998","1,950.34692","0.00527","0.00118","43.72995"
"31.60000","1.05334","1,953.90393","0.00531","0.00125","43.80970"
"31.70000","1.05670","1,959.63977","0.00532","0.00120","43.93831"
"31.80000","1.05999","1,964.31628","0.00532","0.00122","44.04316"
"31.90000","1.06336","1,968.81458","0.00537","0.00117","44.14402"
"32.00000","1.06664","1,973.98340","0.00531","0.00111","44.25991"
"32.10000","1.06986","1,978.15723","0.00536","0.00107","44.35350"
"32.20000","1.07337","1,983.66882","0.00540","0.00115","44.47708"
"32.30000","1.07673","1,989.23535","0.00540","0.00112","44.60189"
"32.40000","1.07995","1,993.31274","0.00543","0.00105","44.69331"
"32.50000","1.08339","1,998.47107","0.00549","0.00103","44.80897"
"32.60000","1.08675","2,003.91138","0.00539","0.00117","44.93095"
"32.70000","1.08989","2,007.52148","0.00540","0.00120","45.01189"
"32.80000","1.09333","2,012.75159","0.00545","0.00116","45.12916"
"32.90000","1.09669","2,017.06006","0.00550","0.00118","45.22577"
"33.00000","1.09998","2,021.99524","0.00546","0.00094","45.33642"
"33.10000","1.10334","2,026.58533","0.00548","0.00120","45.43933"
"33.20000","1.10678","2,032.86096","0.00550","0.00115","45.58005"
"33.30000","1.10992","2,036.72437","0.00549","0.00122","45.66667"
"33.40000","1.11321","2,041.03809","0.00552","0.00128","45.76339"
"33.50000","1.11664","2,046.75085","0.00552","0.00133","45.89148"
"33.60000","1.11993","2,051.26050","0.00551","0.00146","45.99260"
"33.70000","1.12322","2,055.96338","0.00556","0.00148","46.09804"
"33.80000","1.12673","2,060.92676","0.00557","0.00151","46.20933"
"33.90000","1.13010","2,066.01587","0.00558","0.00159","46.32343"
"34.00000","1.13331","2,069.95654","0.00553","0.00160","46.41179"
"34.10000","1.13667","2,076.00269","0.00560","0.00156","46.54736"
"34.20000","1.14004","2,079.36865","0.00558","0.00151","46.62283"
"34.30000","1.14318","2,084.15063","0.00564","0.00151","46.73005"
"34.40000","1.14669","2,089.61304","0.00568","0.00155","46.85252"
"34.50000","1.15013","2,094.24097","0.00576","0.00156","46.95629"
"34.60000","1.15334","2,099.03979","0.00576","0.00150","47.06388"
"34.70000","1.15663","2,103.47485","0.00580","0.00140","47.16333"
"34.80000","1.16007","2,107.94312","0.00579","0.00127","47.26351"
"34.90000","1.16328","2,113.28467","0.00577","0.00122","47.38328"
"35.00000","1.16657","2,117.30444","0.00580","0.00142","47.47341"
"35.10000","1.17001","2,121.93530","0.00588","0.00139","47.57724"
"35.20000","1.17344","2,126.87012","0.00589","0.00126","47.68789"
"35.30000","1.17666","2,131.08008","0.00590","0.00113","47.78228"
"35.40000","1.18002","2,135.46167","0.00588","0.00119","47.88052"
"35.50000","1.18338","2,141.17163","0.00586","0.00127","48.00855"
"35.60000","1.18652","2,145.28564","0.00600","0.00122","48.10079"
"35.70000","1.18996","2,148.98828","0.00601","0.00117","48.18381"
"35.80000","1.19340","2,154.21021","0.00601","0.00124","48.30090"
"35.90000","1.19654","2,158.50708","0.00601","0.00126","48.39724"
"36.00000","1.20005","2,162.58154","0.00599","0.00134","48.48859"
"36.10000","1.20341","2,168.42358","0.00602","0.00132","48.61958"
"36.20000","1.20655","2,173.20801","0.00604","0.00142","48.72686"
"36.30000","1.20992","2,177.60083","0.00601","0.00136","48.82535"
"36.40000","1.21335","2,181.45508","0.00601","0.00142","48.91177"
"36.50000","1.21664","2,186.63989","0.00604","0.00141","49.02802"
"36.60000","1.21993","2,191.12524","0.00605","0.00149","49.12859"
"36.70000","1.22337","2,196.44336","0.00602","0.00158","49.24783"
"36.80000","1.22681","2,201.45044","0.00612","0.00159","49.36010"
"36.90000","1.22987","2,204.35669","0.00607","0.00170","49.42526"
"37.00000","1.23331","2,209.66870","0.00608","0.00167","49.54436"
"37.10000","1.23675","2,215.10352","0.00612","0.00178","49.66622"
"37.20000","1.23988","2,218.69141","0.00617","0.00169","49.74667"
"37.30000","1.24340","2,223.87158","0.00619","0.00171","49.86282"
"37.40000","1.24684","2,228.48364","0.00616","0.00166","49.96622"
"37.50000","1.24990","2,232.15308","0.00609","0.00169","50.04850"
"37.60000","1.25334","2,237.44434","0.00613","0.00170","50.16714"
"37.70000","1.25663","2,241.45361","0.00623","0.00163","50.25703"
"37.80000","1.25991","2,246.31860","0.00626","0.00170","50.36612"
"37.90000","1.26328","2,250.69238","0.00629","0.00151","50.46418"
"38.00000","1.26664","2,256.22144","0.00625","0.00147","50.58815"
"38.10000","1.27008","2,260.91528","0.00629","0.00142","50.69339"
"38.20000","1.27329","2,265.08838","0.00634","0.00143","50.78696"
"38.30000","1.27658","2,269.06787","0.00639","0.00131","50.87619"
"38.40000","1.28002","2,274.77710","0.00636","0.00132","51.00420"
"38.50000","1.28316","2,278.94092","0.00639","0.00132","51.09756"
"38.60000","1.28667","2,283.96509","0.00642","0.00133","51.21021"
"38.70000","1.29011","2,288.98779","0.00647","0.00135","51.32283"
"38.80000","1.29332","2,293.15601","0.00649","0.00141","51.41628"
"38.90000","1.29676","2,297.15283","0.00649","0.00129","51.50590"
"39.00000","1.30005","2,301.87744","0.00650","0.00147","51.61183"
"39.10000","1.30334","2,306.13452","0.00650","0.00141","51.70728"
"39.20000","1.30663","2,310.56909","0.00651","0.00157","51.80671"
"39.30000","1.30999","2,315.77515","0.00656","0.00160","51.92344"
"39.40000","1.31335","2,321.00049","0.00664","0.00161","52.04060"
"39.50000","1.31664","2,325.21387","0.00654","0.00153","52.13507"
"39.60000","1.32008","2,329.43848","0.00651","0.00151","52.22980"
"39.70000","1.32344","2,334.09229","0.00655","0.00149","52.33414"
"39.80000","1.32650","2,337.36597","0.00658","0.00162","52.40754"
"39.90000","1.32994","2,342.59375","0.00660","0.00164","52.52476"
"40.00000","1.33338","2,347.41187","0.00655","0.00180","52.63279"
"40.10000","1.33659","2,350.85498","0.00663","0.00182","52.70999"
"40.20000","1.34011","2,356.50220","0.00652","0.00179","52.83661"
"40.30000","1.34340","2,360.78735","0.00668","0.00187","52.93269"
"40.40000","1.34668","2,364.79517","0.00656","0.00190","53.02255"
"40.50000","1.34997","2,369.34106","0.00659","0.00191","53.12448"
"40.60000","1.35326","2,373.33521","0.00662","0.00191","53.21403"
"40.70000","1.35662","2,378.13867","0.00661","0.00182","53.32174"
"40.80000","1.35984","2,382.10449","0.00668","0.00192","53.41066"
"40.90000","1.36343","2,387.40283","0.00663","0.00191","53.52945"
"41.00000","1.36671","2,392.09033","0.00668","0.00171","53.63455"
"41.10000","1.36985","2,396.35547","0.00668","0.00168","53.73018"
"41.20000","1.37337","2,400.70605","0.00675","0.00160","53.82773"
"41.30000","1.37673","2,405.72827","0.00678","0.00159","53.94034"
"41.40000","1.37987","2,409.65723","0.00682","0.00151","54.02843"
"41.50000","1.38338","2,414.73438","0.00686","0.00165","54.14227"
"41.60000","1.38674","2,418.77905","0.00684","0.00172","54.23296"
"41.70000","1.39003","2,423.66138","0.00689","0.00157","54.34243"
"41.80000","1.39332","2,427.66675","0.00694","0.00157","54.43224"
"41.90000","1.39668","2,432.08911","0.00690","0.00159","54.53139"
"42.00000","1.39997","2,436.88184","0.00695","0.00152","54.63885"
"42.10000","1.40319","2,440.31836","0.00696","0.00164","54.71590"
"42.20000","1.40670","2,445.09473","0.00696","0.00167","54.82300"
"42.30000","1.41006","2,449.65137","0.00702","0.00169","54.92516"
"42.40000","1.41320","2,453.32300","0.00703","0.00184","55.00749"
"42.50000","1.41679","2,458.55835","0.00706","0.00194","55.12487"
"42.60000","1.42008","2,463.34106","0.00705","0.00181","55.23211"
"42.70000","1.42321","2,466.79224","0.00706","0.00167","55.30949"
"42.80000","1.42665","2,471.37427","0.00709","0.00171","55.41223"
"42.90000","1.43002","2,475.00439","0.00708","0.00168","55.49362"
"43.00000","1.43330","2,480.87158","0.00706","0.00185","55.62517"
"43.10000","1.43667","2,484.80786","0.00708","0.00214","55.71343"
"43.20000","1.44011","2,489.44214","0.00708","0.00191","55.81734"
"43.30000","1.44332","2,494.27637","0.00712","0.00203","55.92573"
"43.40000","1.44661","2,498.02368","0.00708","0.00205","56.00975"
"43.50000","1.45005","2,503.01050","0.00714","0.00211","56.12156"
"43.60000","1.45333","2,507.17383","0.00715","0.00213","56.21491"
"43.70000","1.45662","2,510.42944","0.00713","0.00206","56.28791"
"43.80000","1.46013","2,517.07349","0.00720","0.00200","56.43688"
"43.90000","1.46342","2,520.68408","0.00719","0.00203","56.51783"
"44.00000","1.46664","2,524.76416","0.00719","0.00216","56.60931"
"44.10000","1.47000","2,529.15479","0.00724","0.00195","56.70776"
"44.20000","1.47336","2,533.49219","0.00724","0.00182","56.80501"
"44.30000","1.47658","2,537.30151","0.00723","0.00186","56.89042"
"44.40000","1.47994","2,542.15820","0.00729","0.00190","56.99932"
"44.50000","1.48345","2,546.17163","0.00728","0.00188","57.08931"
"44.60000","1.48659","2,550.10474","0.00730","0.00190","57.17749"
"44.70000","1.49003","2,554.02539","0.00734","0.00190","57.26540"
"44.80000","1.49339","2,558.89771","0.00736","0.00176","57.37465"
"44.90000","1.49661","2,563.62231","0.00742","0.00186","57.48058"
"45.00000","1.49989","2,567.21313","0.00743","0.00183","57.56109"
"45.10000","1.50333","2,572.27954","0.00745","0.00179","57.67469"
"45.20000","1.50670","2,577.01782","0.00748","0.00184","57.78093"
"45.30000","1.51006","2,581.28198","0.00749","0.00173","57.87654"
"45.40000","1.51342","2,586.15161","0.00749","0.00191","57.98572"
"45.50000","1.51679","2,589.44629","0.00752","0.00191","58.05959"
"45.60000","1.51992","2,593.42871","0.00754","0.00199","58.14889"
"45.70000","1.52329","2,598.56250","0.00756","0.00214","58.26400"
"45.80000","1.52680","2,602.98560","0.00758","0.00190","58.36317"
"45.90000","1.52986","2,607.13672","0.00758","0.00189","58.45624"
"46.00000","1.53338","2,611.74048","0.00763","0.00201","58.55947"
"46.10000","1.53681","2,615.96631","0.00765","0.00213","58.65422"
"46.20000","1.53988","2,619.65991","0.00766","0.00212","58.73703"
"46.30000","1.54332","2,623.90308","0.00769","0.00227","58.83217"
"46.40000","1.54661","2,628.57544","0.00772","0.00227","58.93693"
"46.50000","1.54997","2,633.15820","0.00767","0.00230","59.03969"
"46.60000","1.55326","2,636.65088","0.00767","0.00230","59.11800"
"46.70000","1.55669","2,641.87598","0.00770","0.00227","59.23515"
"46.80000","1.56006","2,645.55298","0.00769","0.00239","59.31760"
"46.90000","1.56320","2,650.10156","0.00774","0.00230","59.41958"
"47.00000","1.56663","2,654.10205","0.00773","0.00219","59.50928"
"47.10000","1.57000","2,659.41309","0.00774","0.00231","59.62836"
"47.20000","1.57314","2,662.58643","0.00773","0.00229","59.69952"
"47.30000","1.57672","2,666.34888","0.00776","0.00218","59.78387"
"47.40000","1.58016","2,671.67358","0.00781","0.00212","59.90326"
"47.50000","1.58330","2,675.93750","0.00780","0.00199","59.99887"
"47.60000","1.58674","2,680.33740","0.00779","0.00209","60.09752"
"47.70000","1.59003","2,683.82349","0.00780","0.00198","60.17569"
"47.80000","1.59324","2,688.01123","0.00783","0.00196","60.26958"
"47.90000","1.59660","2,691.83252","0.00786","0.00195","60.35526"
"48.00000","1.59997","2,697.06836","0.00784","0.00204","60.47266"
"48.10000","1.60341","2,701.39551","0.00790","0.00197","60.56968"
"48.20000","1.60662","2,704.41260","0.00793","0.00202","60.63733"
"48.30000","1.60998","2,709.21289","0.00797","0.00199","60.74496"
"48.40000","1.61342","2,713.32520","0.00803","0.00200","60.83716"
"48.50000","1.61648","2,717.07568","0.00798","0.00201","60.92125"
"48.60000","1.62000","2,721.47974","0.00805","0.00210","61.02000"
"48.70000","1.62336","2,725.54932","0.00805","0.00222","61.11124"
"48.80000","1.62657","2,730.24072","0.00804","0.00228","61.21643"
"48.90000","1.63009","2,734.91724","0.00808","0.00214","61.32129"
"49.00000","1.63330","2,738.45410","0.00809","0.00213","61.40059"
"49.10000","1.63659","2,742.96167","0.00811","0.00225","61.50166"
"49.20000","1.63988","2,746.77661","0.00812","0.00210","61.58720"
"49.30000","1.64324","2,751.37085","0.00824","0.00224","61.69020"
"49.40000","1.64668","2,755.74170","0.00819","0.00245","61.78821"
"49.50000","1.64989","2,758.76270","0.00828","0.00242","61.85594"
"49.60000","1.65340","2,763.23462","0.00823","0.00244","61.95621"
"49.70000","1.65677","2,768.92065","0.00825","0.00255","62.08370"
"49.80000","1.65983","2,771.73755","0.00829","0.00253","62.14686"
"49.90000","1.66334","2,775.74536","0.00832","0.00248","62.23672"
"50.00000","1.66671","2,780.24268","0.00828","0.00244","62.33756"
"50.10000","1.66992","2,783.39014","0.00835","0.00245","62.40813"
"50.20000","1.67343","2,788.26123","0.00829","0.00239","62.51735"
"50.30000","1.67680","2,793.14868","0.00834","0.00243","62.62693"
"50.40000","1.68001","2,796.41382","0.00835","0.00237","62.70014"
"50.50000","1.68330","2,800.47925","0.00837","0.00220","62.79130"
"50.60000","1.68659","2,805.25903","0.00833","0.00219","62.89847"
"50.70000","1.69003","2,809.81421","0.00841","0.00226","63.00060"
"50.80000","1.69316","2,812.90723","0.00840","0.00229","63.06995"
"50.90000","1.69668","2,817.18921","0.00835","0.00218","63.16596"
"51.00000","1.70011","2,821.50757","0.00841","0.00218","63.26279"
"51.10000","1.70325","2,825.55640","0.00841","0.00214","63.35357"
"51.20000","1.70669","2,829.62744","0.00841","0.00218","63.44485"
"51.30000","1.71005","2,833.74683","0.00851","0.00212","63.53721"
"51.40000","1.71319","2,837.80664","0.00844","0.00218","63.62824"
"51.50000","1.71663","2,841.65454","0.00848","0.00214","63.71451"
"51.60000","1.72007","2,846.41846","0.00853","0.00213","63.82133"
"51.70000","1.72336","2,850.93921","0.00851","0.00219","63.92269"
"51.80000","1.72672","2,854.18115","0.00857","0.00236","63.99538"
"51.90000","1.73008","2,858.09961","0.00865","0.00240","64.08324"
"52.00000","1.73330","2,862.51929","0.00863","0.00222","64.18233"
"52.10000","1.73659","2,867.49707","0.00871","0.00210","64.29395"
"52.20000","1.74002","2,870.73291","0.00868","0.00228","64.36650"
"52.30000","1.74331","2,875.05273","0.00873","0.00239","64.46336"
"52.40000","1.74660","2,878.93066","0.00878","0.00244","64.55030"
"52.50000","1.75011","2,883.71509","0.00881","0.00263","64.65758"
"52.60000","1.75340","2,888.02808","0.00876","0.00265","64.75428"
"52.70000","1.75654","2,891.77710","0.00880","0.00260","64.83834"
"52.80000","1.75998","2,896.36084","0.00885","0.00262","64.94112"
"52.90000","1.76334","2,899.99341","0.00886","0.00251","65.02257"
"53.00000","1.76656","2,903.88159","0.00887","0.00260","65.10974"
"53.10000","1.76992","2,907.16870","0.00892","0.00267","65.18345"
"53.20000","1.77351","2,912.40894","0.00890","0.00259","65.30094"
"53.30000","1.77657","2,915.97168","0.00892","0.00262","65.38082"
"53.40000","1.77993","2,920.44019","0.00895","0.00263","65.48102"
"53.50000","1.78337","2,924.75854","0.00894","0.00263","65.57784"
"53.60000","1.78659","2,928.14258","0.00895","0.00226","65.65372"
"53.70000","1.78995","2,931.76709","0.00896","0.00226","65.73499"
"53.80000","1.79339","2,936.33960","0.00895","0.00237","65.83751"
"53.90000","1.79675","2,940.89160","0.00900","0.00238","65.93957"
"54.00000","1.79996","2,943.94263","0.00898","0.00230","66.00798"
"54.10000","1.80333","2,948.52222","0.00901","0.00225","66.11066"
"54.20000","1.80669","2,951.89087","0.00900","0.00230","66.18619"
"54.30000","1.80983","2,955.85352","0.00900","0.00229","66.27504"
"54.40000","1.81327","2,959.73828","0.00903","0.00238","66.36214"
"54.50000","1.81678","2,963.54321","0.00909","0.00229","66.44746"
"54.60000","1.81999","2,967.93628","0.00908","0.00224","66.54595"
"54.70000","1.82336","2,972.40967","0.00909","0.00235","66.64626"
"54.80000","1.82679","2,976.05200","0.00910","0.00228","66.72792"
"54.90000","1.82986","2,979.57349","0.00911","0.00252","66.80688"
"55.00000","1.83322","2,983.14478","0.00913","0.00247","66.88696"
"55.10000","1.83666","2,987.61963","0.00913","0.00228","66.98729"
"55.20000","1.84002","2,991.19678","0.00920","0.00233","67.06749"
"55.30000","1.84331","2,995.46411","0.00921","0.00238","67.16317"
"55.40000","1.84667","2,999.25537","0.00924","0.00241","67.24818"
"55.50000","1.85011","3,003.73315","0.00929","0.00258","67.34858"
"55.60000","1.85318","3,007.20361","0.00934","0.00267","67.42639"
"55.70000","1.85661","3,011.39966","0.00931","0.00273","67.52048"
"55.80000","1.85998","3,014.42358","0.00934","0.00271","67.58827"
"55.90000","1.86319","3,018.64233","0.00940","0.00277","67.68287"
"56.00000","1.86670","3,022.37964","0.00938","0.00274","67.76666"
"56.10000","1.87014","3,027.41797","0.00940","0.00288","67.87963"
"56.20000","1.87328","3,030.66016","0.00945","0.00284","67.95232"
"56.30000","1.87664","3,034.15210","0.00944","0.00275","68.03062"
"56.40000","1.88001","3,038.66504","0.00951","0.00268","68.13181"
"56.50000","1.88329","3,042.51465","0.00949","0.00274","68.21812"
"56.60000","1.88658","3,046.44189","0.00952","0.00273","68.30618"
"56.70000","1.88995","3,049.65723","0.00954","0.00276","68.37827"
"56.80000","1.89346","3,054.09424","0.00955","0.00247","68.47775"
"56.90000","1.89660","3,058.12061","0.00957","0.00250","68.56803"
"57.00000","1.89996","3,061.61597","0.00959","0.00237","68.64641"
"57.10000","1.90332","3,065.30859","0.00959","0.00246","68.72920"
"57.20000","1.90654","3,069.62476","0.00960","0.00234","68.82597"
"57.30000","1.91005","3,073.60474","0.00961","0.00244","68.91521"
"57.40000","1.91341","3,077.84277","0.00957","0.00234","69.01024"
"57.50000","1.91663","3,081.11377","0.00960","0.00243","69.08358"
"57.60000","1.92007","3,085.11719","0.00964","0.00235","69.17334"
"57.70000","1.92328","3,089.36084","0.00964","0.00232","69.26849"
"57.80000","1.92664","3,093.21509","0.00971","0.00249","69.35491"
"57.90000","1.92993","3,097.09912","0.00971","0.00251","69.44199"
"58.00000","1.93322","3,100.62427","0.00965","0.00262","69.52103"
"58.10000","1.93681","3,105.87085","0.00968","0.00254","69.63867"
"58.20000","1.93995","3,108.36426","0.00969","0.00241","69.69458"
"58.30000","1.94338","3,113.40479","0.00970","0.00245","69.80759"
"58.40000","1.94682","3,117.09521","0.00971","0.00244","69.89034"
"58.50000","1.94981","3,120.09888","0.00976","0.00245","69.95769"
"58.60000","1.95340","3,123.95459","0.00975","0.00270","70.04414"
"58.70000","1.95676","3,127.67773","0.00982","0.00277","70.12762"
"58.80000","1.95997","3,132.04590","0.00991","0.00281","70.22556"
"58.90000","1.96341","3,135.50342","0.00989","0.00280","70.30309"
"59.00000","1.96670","3,139.17505","0.00994","0.00282","70.38541"
"59.10000","1.96999","3,143.40112","0.00995","0.00287","70.48016"
"59.20000","1.97328","3,147.10059","0.00996","0.00287","70.56311"
"59.30000","1.97657","3,150.83374","0.00999","0.00289","70.64681"
"59.40000","1.98000","3,155.03467","0.01005","0.00288","70.74100"
"59.50000","1.98322","3,158.28760","0.01001","0.00286","70.81394"
"59.60000","1.98673","3,162.47241","0.01005","0.00287","70.90777"
"59.70000","1.99017","3,166.48560","0.01006","0.00284","70.99776"
"59.80000","1.99316","3,169.80444","0.01011","0.00284","71.07217"
"59.90000","1.99667","3,172.75708","0.01014","0.00257","71.13837"
"60.00000","2.00003","3,177.09888","0.01014","0.00258","71.23572"
"60.10000","2.00317","3,180.55420","0.01014","0.00259","71.31319"
"60.20000","2.00676","3,184.78418","0.01012","0.00259","71.40804"
"60.30000","2.01005","3,188.27661","0.01017","0.00254","71.48634"
"60.40000","2.01334","3,192.86499","0.01023","0.00254","71.58923"
"60.50000","2.01663","3,196.03564","0.01020","0.00248","71.66032"
"60.60000","2.02006","3,199.90112","0.01021","0.00247","71.74699"
"60.70000","2.02335","3,204.64478","0.01023","0.00254","71.85335"
"60.80000","2.02649","3,206.51465","0.01020","0.00250","71.89527"
"60.90000","2.03008","3,211.70166","0.01023","0.00262","72.01157"
"61.00000","2.03344","3,215.24731","0.01025","0.00265","72.09107"
"61.10000","2.03658","3,218.58350","0.01030","0.00268","72.16587"
"61.20000","2.04009","3,223.02197","0.01025","0.00255","72.26539"
"61.30000","2.04338","3,226.84375","0.01029","0.00251","72.35108"
"61.40000","2.04652","3,230.06519","0.01029","0.00248","72.42331"
"61.50000","2.04996","3,233.97900","0.01029","0.00258","72.51106"
"61.60000","2.05340","3,237.62964","0.01033","0.00264","72.59292"
"61.70000","2.05661","3,241.43848","0.01033","0.00261","72.67832"
"61.80000","2.05997","3,245.61011","0.01035","0.00283","72.77185"
"61.90000","2.06341","3,249.67944","0.01036","0.00297","72.86310"
"62.00000","2.06662","3,253.96143","0.01038","0.00296","72.95911"
"62.10000","2.06984","3,255.83447","0.01039","0.00296","73.00110"
"62.20000","2.07335","3,260.41699","0.01042","0.00310","73.10385"
"62.30000","2.07664","3,264.85815","0.01046","0.00298","73.20342"
"62.40000","2.07993","3,267.09448","0.01047","0.00306","73.25357"
"62.50000","2.08344","3,272.13135","0.01052","0.00304","73.36650"
"62.60000","2.08673","3,275.27344","0.01058","0.00303","73.43695"
"62.70000","2.08987","3,278.94312","0.01059","0.00296","73.51923"
"62.80000","2.09331","3,283.48975","0.01059","0.00295","73.62118"
"62.90000","2.09667","3,286.86694","0.01059","0.00293","73.69690"
"63.00000","2.09988","3,289.04028","0.01064","0.00286","73.74563"
"63.10000","2.10332","3,293.81445","0.01065","0.00278","73.85268"
"63.20000","2.10683","3,298.03687","0.01065","0.00276","73.94735"
"63.30000","2.10997","3,302.03027","0.01067","0.00269","74.03689"
"63.40000","2.11334","3,304.90991","0.01071","0.00267","74.10145"
"63.50000","2.11670","3,308.91382","0.01074","0.00264","74.19122"
"63.60000","2.11991","3,313.28442","0.01075","0.00260","74.28922"
"63.70000","2.12320","3,316.39307","0.01080","0.00259","74.35892"
"63.80000","2.12671","3,320.06958","0.01080","0.00265","74.44135"
"63.90000","2.13008","3,323.42163","0.01083","0.00266","74.51652"
"64.00000","2.13329","3,327.32788","0.01075","0.00263","74.60410"
"64.10000","2.13665","3,331.04980","0.01079","0.00275","74.68755"
"64.20000","2.14009","3,335.25586","0.01082","0.00278","74.78186"
"64.30000","2.14323","3,338.30835","0.01081","0.00266","74.85030"
"64.40000","2.14667","3,342.99316","0.01083","0.00265","74.95534"
"64.50000","2.15011","3,345.84277","0.01087","0.00263","75.01923"
"64.60000","2.15332","3,349.97412","0.01084","0.00274","75.11186"
"64.70000","2.15668","3,352.94019","0.01088","0.00275","75.17837"
"64.80000","2.16005","3,356.97534","0.01090","0.00275","75.26884"
"64.90000","2.16333","3,359.85986","0.01091","0.00293","75.33352"
"65.00000","2.16662","3,363.32739","0.01095","0.00312","75.41126"
"65.10000","2.16999","3,368.23584","0.01091","0.00309","75.52132"
"65.20000","2.17342","3,371.81421","0.01096","0.00310","75.60155"
"65.30000","2.17664","3,374.21045","0.01101","0.00316","75.65528"
"65.40000","2.18007","3,378.89429","0.01101","0.00323","75.76030"
"65.50000","2.18344","3,383.12915","0.01102","0.00314","75.85526"
"65.60000","2.18658","3,386.27588","0.01110","0.00306","75.92581"
"65.70000","2.18994","3,389.35059","0.01110","0.00318","75.99475"
"65.80000","2.19338","3,393.94141","0.01114","0.00312","76.09768"
"65.90000","2.19652","3,396.81958","0.01115","0.00305","76.16222"
"66.00000","2.20003","3,400.40576","0.01113","0.00309","76.24262"
"66.10000","2.20339","3,404.06445","0.01112","0.00301","76.32465"
"66.20000","2.20661","3,407.55396","0.01120","0.00287","76.40290"
"66.30000","2.20997","3,411.09741","0.01122","0.00288","76.48235"
"66.40000","2.21326","3,415.54590","0.01125","0.00283","76.58209"
"66.50000","2.21662","3,418.91040","0.01126","0.00276","76.65752"
"66.60000","2.21991","3,421.67798","0.01131","0.00279","76.71958"
"66.70000","2.22335","3,426.18945","0.01134","0.00274","76.82073"
"66.80000","2.22686","3,431.02515","0.01134","0.00278","76.92916"
"66.90000","2.22992","3,433.73877","0.01135","0.00278","76.99001"
"67.00000","2.23336","3,437.52905","0.01136","0.00276","77.07499"
"67.10000","2.23673","3,441.66382","0.01141","0.00282","77.16769"
"67.20000","2.23986","3,444.97754","0.01139","0.00299","77.24200"
"67.30000","2.24338","3,447.70996","0.01140","0.00288","77.30326"
"67.40000","2.24674","3,452.40869","0.01141","0.00294","77.40862"
"67.50000","2.24995","3,455.91748","0.01139","0.00289","77.48729"
"67.60000","2.25339","3,459.89136","0.01143","0.00281","77.57639"
"67.70000","2.25668","3,463.48022","0.01142","0.00283","77.65685"
"67.80000","2.26004","3,466.89819","0.01146","0.00288","77.73349"
"67.90000","2.26326","3,470.60010","0.01146","0.00291","77.81650"
"68.00000","2.26655","3,473.88281","0.01146","0.00303","77.89010"
"68.10000","2.27013","3,478.21118","0.01148","0.00310","77.98714"
"68.20000","2.27320","3,481.20117","0.01146","0.00334","78.05419"
"68.30000","2.27671","3,485.84644","0.01152","0.00329","78.15834"
"68.40000","2.28015","3,488.89966","0.01155","0.00331","78.22680"
"68.50000","2.28314","3,492.05884","0.01153","0.00341","78.29764"
"68.60000","2.28665","3,495.91382","0.01156","0.00328","78.38407"
"68.70000","2.29001","3,499.72778","0.01157","0.00331","78.46958"
"68.80000","2.29323","3,502.56934","0.01161","0.00327","78.53329"
"68.90000","2.29674","3,506.88281","0.01157","0.00334","78.63001"
"69.00000","2.30003","3,510.79932","0.01159","0.00320","78.71783"
"69.10000","2.30339","3,514.46191","0.01165","0.00329","78.79995"
"69.20000","2.30660","3,517.82178","0.01168","0.00326","78.87528"
"69.30000","2.30997","3,521.12158","0.01174","0.00313","78.94927"
"69.40000","2.31341","3,525.17432","0.01176","0.00303","79.04014"
"69.50000","2.31654","3,528.51611","0.01179","0.00287","79.11507"
"69.60000","2.32006","3,532.72266","0.01174","0.00300","79.20938"
"69.70000","2.32350","3,536.21924","0.01183","0.00285","79.28778"
"69.80000","2.32656","3,538.97803","0.01184","0.00287","79.34964"
"69.90000","2.33007","3,543.23730","0.01191","0.00293","79.44514"
"70.00000","2.33336","3,546.56567","0.01187","0.00290","79.51977"
"70.10000","2.33657","3,550.06567","0.01189","0.00279","79.59824"
"70.20000","2.34001","3,553.63330","0.01195","0.00297","79.67823"
"70.30000","2.34345","3,557.15747","0.01193","0.00307","79.75725"
"70.40000","2.34674","3,561.45508","0.01196","0.00300","79.85361"
"70.50000","2.34995","3,564.46582","0.01198","0.00301","79.92112"
"70.60000","2.35324","3,568.07861","0.01199","0.00292","80.00212"
"70.70000","2.35660","3,571.86304","0.01200","0.00289","80.08698"
"70.80000","2.35982","3,575.23071","0.01201","0.00293","80.16248"
"70.90000","2.36340","3,578.87183","0.01202","0.00306","80.24413"
"71.00000","2.36669","3,582.81470","0.01200","0.00305","80.33253"
"71.10000","2.36991","3,585.33667","0.01206","0.00311","80.38908"
"71.20000","2.37342","3,590.23853","0.01205","0.00309","80.49899"
"71.30000","2.37671","3,593.39258","0.01203","0.00333","80.56970"
"71.40000","2.37992","3,596.80908","0.01205","0.00346","80.64631"
"71.50000","2.38328","3,600.31714","0.01207","0.00346","80.72496"
"71.60000","2.38672","3,604.74585","0.01207","0.00345","80.82426"
"71.70000","2.39001","3,607.73022","0.01208","0.00349","80.89117"
"71.80000","2.39330","3,610.51221","0.01212","0.00344","80.95355"
"71.90000","2.39674","3,614.54346","0.01214","0.00343","81.04394"
"72.00000","2.40003","3,618.30249","0.01213","0.00340","81.12822"
"72.10000","2.40324","3,621.34497","0.01212","0.00334","81.19644"
"72.20000","2.40668","3,625.05322","0.01221","0.00343","81.27959"
"72.30000","2.41004","3,629.24683","0.01217","0.00331","81.37361"
"72.40000","2.41318","3,632.06763","0.01218","0.00326","81.43686"
"72.50000","2.41677","3,636.58862","0.01226","0.00320","81.53823"
"72.60000","2.42013","3,640.65503","0.01233","0.00309","81.62940"
"72.70000","2.42327","3,643.73999","0.01231","0.00304","81.69857"
"72.80000","2.42663","3,647.56909","0.01231","0.00309","81.78442"
"72.90000","2.43000","3,650.71777","0.01230","0.00307","81.85503"
"73.00000","2.43321","3,653.60107","0.01236","0.00308","81.91968"
"73.10000","2.43665","3,658.05103","0.01237","0.00307","82.01945"
"73.20000","2.44008","3,661.89282","0.01241","0.00297","82.10559"
"73.30000","2.44330","3,665.38501","0.01244","0.00308","82.18389"
"73.40000","2.44666","3,668.61230","0.01247","0.00321","82.25625"
"73.50000","2.45002","3,672.30029","0.01246","0.00319","82.33894"
"73.60000","2.45331","3,675.24023","0.01251","0.00325","82.40486"
"73.70000","2.45660","3,679.24951","0.01252","0.00312","82.49475"
"73.80000","2.45996","3,682.98706","0.01253","0.00323","82.57855"
"73.90000","2.46340","3,686.52930","0.01252","0.00305","82.65798"
"74.00000","2.46662","3,689.02246","0.01254","0.00316","82.71388"
"74.10000","2.47005","3,693.47632","0.01260","0.00319","82.81374"
"74.20000","2.47342","3,697.24585","0.01259","0.00327","82.89826"
"74.30000","2.47656","3,699.66479","0.01259","0.00326","82.95250"
"74.40000","2.47999","3,703.30859","0.01257","0.00344","83.03419"
"74.50000","2.48336","3,707.66919","0.01258","0.00364","83.13197"
"74.60000","2.48665","3,711.61597","0.01266","0.00358","83.22046"
"74.70000","2.49001","3,714.32373","0.01272","0.00356","83.28117"
"74.80000","2.49337","3,718.78003","0.01263","0.00362","83.38109"
"74.90000","2.49666","3,721.98340","0.01264","0.00354","83.45292"
"75.00000","2.49995","3,725.64648","0.01262","0.00353","83.53505"
"75.10000","2.50331","3,728.74951","0.01267","0.00363","83.60462"
"75.20000","2.50668","3,732.73340","0.01267","0.00361","83.69395"
"75.30000","2.50989","3,735.40479","0.01271","0.00355","83.75385"
"75.40000","2.51333","3,739.63013","0.01272","0.00350","83.84859"
"75.50000","2.51676","3,743.36084","0.01276","0.00355","83.93224"
"75.60000","2.51990","3,745.97119","0.01274","0.00330","83.99076"
"75.70000","2.52334","3,750.19312","0.01279","0.00328","84.08543"
"75.80000","2.52671","3,753.34033","0.01280","0.00323","84.15599"
"75.90000","2.52992","3,757.22510","0.01278","0.00323","84.24310"
"76.00000","2.53336","3,760.67017","0.01283","0.00319","84.32034"
"76.10000","2.53679","3,764.53687","0.01285","0.00320","84.40704"
"76.20000","2.54001","3,768.18555","0.01288","0.00316","84.48885"
"76.30000","2.54330","3,771.31519","0.01290","0.00320","84.55901"
"76.40000","2.54658","3,774.02783","0.01293","0.00324","84.61983"
"76.50000","2.54995","3,778.48633","0.01295","0.00330","84.71980"
"76.60000","2.55324","3,781.92480","0.01305","0.00334","84.79690"
"76.70000","2.55660","3,785.20898","0.01305","0.00336","84.87054"
"76.80000","2.56019","3,789.43530","0.01305","0.00346","84.96530"
"76.90000","2.56325","3,792.19849","0.01313","0.00336","85.02725"
"77.00000","2.56669","3,795.15894","0.01311","0.00331","85.09363"
"77.10000","2.57005","3,799.21973","0.01318","0.00324","85.18468"
"77.20000","2.57319","3,802.48315","0.01310","0.00326","85.25785"
"77.30000","2.57663","3,805.70483","0.01317","0.00331","85.33009"
"77.40000","2.58007","3,809.35620","0.01313","0.00340","85.41196"
"77.50000","2.58328","3,813.52490","0.01311","0.00350","85.50542"
"77.60000","2.58672","3,816.47534","0.01314","0.00363","85.57158"
"77.70000","2.59001","3,819.43091","0.01317","0.00363","85.63785"
"77.80000","2.59337","3,822.70776","0.01318","0.00379","85.71132"
"77.90000","2.59658","3,827.03979","0.01318","0.00371","85.80845"
"78.00000","2.59995","3,830.10278","0.01321","0.00368","85.87713"
"78.10000","2.60346","3,833.80029","0.01327","0.00367","85.96003"
"78.20000","2.60660","3,836.85742","0.01324","0.00359","86.02858"
"78.30000","2.61004","3,840.75073","0.01322","0.00369","86.11588"
"78.40000","2.61347","3,844.79199","0.01324","0.00364","86.20648"
"78.50000","2.61646","3,847.59912","0.01325","0.00364","86.26942"
"78.60000","2.62005","3,851.42749","0.01327","0.00365","86.35526"
"78.70000","2.62334","3,855.26709","0.01331","0.00352","86.44135"
"78.80000","2.62663","3,858.52490","0.01331","0.00340","86.51440"
"78.90000","2.62999","3,862.30908","0.01338","0.00342","86.59924"
"79.00000","2.63335","3,865.28076","0.01335","0.00338","86.66588"
"79.10000","2.63672","3,868.67603","0.01339","0.00322","86.74200"
"79.20000","2.63993","3,872.63330","0.01345","0.00334","86.83073"
"79.30000","2.64329","3,875.91943","0.01348","0.00328","86.90441"
"79.40000","2.64666","3,880.10449","0.01347","0.00325","86.99825"
"79.50000","2.64980","3,882.39771","0.01355","0.00341","87.04967"
"79.60000","2.65338","3,886.19312","0.01357","0.00342","87.13477"
"79.70000","2.65675","3,890.45142","0.01354","0.00344","87.23024"
"79.80000","2.65996","3,893.25391","0.01362","0.00343","87.29308"
"79.90000","2.66340","3,897.09204","0.01360","0.00348","87.37914"
"80.00000","2.66669","3,900.16187","0.01354","0.00354","87.44797"
"80.10000","2.66990","3,902.99756","0.01367","0.00346","87.51155"
"80.20000","2.67334","3,906.98389","0.01369","0.00333","87.60093"
"80.30000","2.67678","3,910.70312","0.01363","0.00338","87.68432"
"80.40000","2.67999","3,914.78467","0.01371","0.00339","87.77583"
"80.50000","2.68328","3,916.65430","0.01369","0.00345","87.81776"
"80.60000","2.68672","3,921.54614","0.01373","0.00351","87.92744"
"80.70000","2.69000","3,925.03540","0.01373","0.00362","88.00568"
"80.80000","2.69322","3,928.30859","0.01375","0.00371","88.07906"
"80.90000","2.69666","3,932.84106","0.01379","0.00393","88.18069"
"81.00000","2.70002","3,935.34082","0.01375","0.00387","88.23674"
"81.10000","2.70323","3,938.86108","0.01381","0.00388","88.31567"
"81.20000","2.70675","3,943.66357","0.01382","0.00380","88.42335"
"81.30000","2.71003","3,946.16431","0.01389","0.00383","88.47942"
"81.40000","2.71317","3,948.85913","0.01381","0.00386","88.53984"
"81.50000","2.71661","3,952.87305","0.01385","0.00393","88.62984"
"81.60000","2.71997","3,957.35693","0.01384","0.00380","88.73038"
"81.70000","2.72326","3,959.84058","0.01384","0.00381","88.78606"
"81.80000","2.72663","3,963.24780","0.01386","0.00357","88.86246"
"81.90000","2.73006","3,967.01538","0.01387","0.00345","88.94693"
"82.00000","2.73335","3,970.29663","0.01388","0.00340","89.02050"
"82.10000","2.73657","3,974.53003","0.01393","0.00342","89.11543"
"82.20000","2.74000","3,977.90308","0.01402","0.00348","89.19106"
"82.30000","2.74329","3,980.97900","0.01398","0.00346","89.26002"
"82.40000","2.74658","3,984.19434","0.01398","0.00350","89.33212"
"82.50000","2.75009","3,988.74878","0.01398","0.00346","89.43423"
"82.60000","2.75346","3,991.98340","0.01402","0.00350","89.50675"
"82.70000","2.75667","3,994.59351","0.01401","0.00356","89.56528"
"82.80000","2.75996","3,998.41064","0.01399","0.00361","89.65086"
"82.90000","2.76340","4,001.56763","0.01409","0.00358","89.72165"
"83.00000","2.76661","4,005.13232","0.01419","0.00363","89.80157"
"83.10000","2.76997","4,008.55908","0.01413","0.00364","89.87841"
"83.20000","2.77341","4,012.21069","0.01420","0.00357","89.96028"
"83.30000","2.77670","4,015.01611","0.01417","0.00359","90.02319"
"83.40000","2.77999","4,018.27295","0.01424","0.00353","90.09621"
"83.50000","2.78335","4,022.01831","0.01428","0.00360","90.18018"
"83.60000","2.78664","4,025.57251","0.01432","0.00359","90.25988"
"83.70000","2.78985","4,028.82251","0.01430","0.00364","90.33275"
"83.80000","2.79329","4,032.72241","0.01426","0.00366","90.42019"
"83.90000","2.79673","4,036.19336","0.01430","0.00371","90.49802"
"84.00000","2.79994","4,039.18994","0.01433","0.00387","90.56520"
"84.10000","2.80331","4,042.69214","0.01436","0.00394","90.64373"
"84.20000","2.80674","4,047.47021","0.01439","0.00386","90.75086"
"84.30000","2.80988","4,049.71826","0.01441","0.00393","90.80126"
"84.40000","2.81332","4,053.86475","0.01442","0.00392","90.89423"
"84.50000","2.81676","4,057.50806","0.01443","0.00400","90.97592"
"84.60000","2.81997","4,060.98926","0.01439","0.00394","91.05398"
"84.70000","2.82334","4,064.50073","0.01446","0.00395","91.13271"
"84.80000","2.82677","4,068.22119","0.01446","0.00399","91.21613"
"84.90000","2.82999","4,071.60449","0.01440","0.00390","91.29199"
"85.00000","2.83328","4,073.63281","0.01447","0.00385","91.33747"
"85.10000","2.83664","4,077.94800","0.01451","0.00364","91.43422"
"85.20000","2.84008","4,081.24219","0.01455","0.00355","91.50808"
"85.30000","2.84329","4,084.45337","0.01453","0.00360","91.58009"
"85.40000","2.84665","4,088.58276","0.01455","0.00359","91.67267"
"85.50000","2.85017","4,092.39600","0.01453","0.00354","91.75817"
"85.60000","2.85323","4,095.02637","0.01460","0.00356","91.81715"
"85.70000","2.85667","4,098.44531","0.01460","0.00362","91.89381"
"85.80000","2.86003","4,101.49121","0.01465","0.00367","91.96210"
"85.90000","2.86317","4,104.85107","0.01463","0.00375","92.03743"
"86.00000","2.86668","4,108.61768","0.01454","0.00377","92.12189"
"86.10000","2.87005","4,112.82129","0.01458","0.00382","92.21614"
"86.20000","2.87333","4,116.50146","0.01469","0.00376","92.29865"
"86.30000","2.87670","4,119.15869","0.01471","0.00375","92.35823"
"86.40000","2.87999","4,122.89648","0.01471","0.00369","92.44204"
"86.50000","2.88335","4,126.83057","0.01472","0.00375","92.53025"
"86.60000","2.88656","4,129.96875","0.01473","0.00367","92.60061"
"86.70000","2.89000","4,133.48438","0.01478","0.00381","92.67944"
"86.80000","2.89344","4,137.04834","0.01485","0.00384","92.75935"
"86.90000","2.89658","4,140.31982","0.01480","0.00386","92.83270"
"87.00000","2.90002","4,143.85107","0.01483","0.00390","92.91187"
"87.10000","2.90345","4,147.77783","0.01491","0.00406","92.99992"
"87.20000","2.90652","4,150.75830","0.01492","0.00406","93.06675"
"87.30000","2.91003","4,153.71680","0.01493","0.00406","93.13308"
"87.40000","2.91339","4,157.56299","0.01490","0.00405","93.21932"
"87.50000","2.91668","4,161.22119","0.01496","0.00410","93.30134"
"87.60000","2.92005","4,164.25146","0.01502","0.00411","93.36929"
"87.70000","2.92341","4,167.32080","0.01503","0.00413","93.43810"
"87.80000","2.92670","4,172.36816","0.01501","0.00408","93.55128"
"87.90000","2.92984","4,174.67676","0.01505","0.00416","93.60303"
"88.00000","2.93327","4,178.10010","0.01503","0.00387","93.67979"
"88.10000","2.93671","4,181.80469","0.01503","0.00390","93.76286"
"88.20000","2.93985","4,184.38428","0.01504","0.00374","93.82069"
"88.30000","2.94344","4,188.29297","0.01505","0.00371","93.90833"
"88.40000","2.94680","4,192.58154","0.01506","0.00377","94.00449"
"88.50000","2.94987","4,195.50293","0.01509","0.00376","94.06999"
"88.60000","2.95338","4,198.39746","0.01516","0.00371","94.13490"
"88.70000","2.95667","4,202.11084","0.01512","0.00368","94.21815"
"88.80000","2.95995","4,205.63721","0.01512","0.00382","94.29722"
"88.90000","2.96332","4,208.76221","0.01512","0.00386","94.36729"
"89.00000","2.96676","4,212.21240","0.01511","0.00379","94.44465"
"89.10000","2.97004","4,216.40039","0.01512","0.00387","94.53855"
"89.20000","2.97326","4,218.69287","0.01516","0.00392","94.58995"
"89.30000","2.97662","4,221.66211","0.01522","0.00388","94.65652"
"89.40000","2.97998","4,225.63916","0.01518","0.00398","94.74570"
"89.50000","2.98320","4,228.68652","0.01522","0.00391","94.81403"
"89.60000","2.98671","4,233.63867","0.01523","0.00379","94.92506"
"89.70000","2.99015","4,236.50977","0.01525","0.00386","94.98943"
"89.80000","2.99321","4,239.60254","0.01524","0.00387","95.05878"
"89.90000","2.99673","4,242.92188","0.01531","0.00391","95.13320"
"90.00000","3.00001","4,246.85254","0.01536","0.00396","95.22134"
"90.10000","3.00323","4,249.81445","0.01536","0.00395","95.28775"
"90.20000","3.00667","4,253.69092","0.01540","0.00395","95.37466"
"90.30000","3.00995","4,257.36182","0.01546","0.00413","95.45697"
"90.40000","3.01332","4,260.79346","0.01550","0.00415","95.53391"
"90.50000","3.01661","4,264.08447","0.01550","0.00415","95.60770"
"90.60000","3.02004","4,267.85303","0.01553","0.00417","95.69220"
"90.70000","3.02333","4,271.12500","0.01551","0.00424","95.76556"
"90.80000","3.02647","4,274.15967","0.01548","0.00422","95.83360"
"90.90000","3.02998","4,278.23779","0.01556","0.00425","95.92504"
"91.00000","3.03342","4,281.67334","0.01560","0.00421","96.00208"
"91.10000","3.03663","4,285.10449","0.01563","0.00418","96.07901"
"91.20000","3.04007","4,288.60010","0.01565","0.00399","96.15739"
"91.30000","3.04344","4,291.67969","0.01563","0.00399","96.22643"
"91.40000","3.04657","4,294.71143","0.01563","0.00392","96.29441"
"91.50000","3.04994","4,298.12988","0.01566","0.00397","96.37106"
"91.60000","3.05330","4,301.34082","0.01569","0.00386","96.44305"
"91.70000","3.05659","4,304.98730","0.01570","0.00391","96.52481"
"91.80000","3.05995","4,307.44385","0.01570","0.00380","96.57990"
"91.90000","3.06339","4,311.38965","0.01569","0.00404","96.66837"
"92.00000","3.06668","4,314.91602","0.01569","0.00399","96.74743"
"92.10000","3.06989","4,317.64893","0.01572","0.00408","96.80871"
"92.20000","3.07326","4,321.14795","0.01574","0.00405","96.88716"
"92.30000","3.07662","4,325.20996","0.01573","0.00407","96.97823"
"92.40000","3.07983","4,327.71387","0.01574","0.00407","97.03438"
"92.50000","3.08334","4,331.90186","0.01580","0.00411","97.12828"
"92.60000","3.08671","4,335.39404","0.01580","0.00414","97.20658"
"92.70000","3.09000","4,338.81543","0.01575","0.00412","97.28329"
"92.80000","3.09336","4,341.58203","0.01577","0.00394","97.34532"
"92.90000","3.09672","4,345.89209","0.01580","0.00395","97.44196"
"93.00000","3.09986","4,348.90332","0.01584","0.00407","97.50948"
"93.10000","3.10330","4,352.14355","0.01589","0.00417","97.58213"
"93.20000","3.10674","4,355.79297","0.01587","0.00410","97.66396"
"93.30000","3.11003","4,358.91650","0.01592","0.00410","97.73399"
"93.40000","3.11331","4,361.48584","0.01594","0.00412","97.79160"
"93.50000","3.11675","4,366.15771","0.01597","0.00421","97.89635"
"93.60000","3.12004","4,369.25879","0.01602","0.00436","97.96588"
"93.70000","3.12325","4,372.23486","0.01605","0.00434","98.03261"
"93.80000","3.12662","4,375.68994","0.01605","0.00438","98.11008"
"93.90000","3.13006","4,379.06934","0.01605","0.00438","98.18585"
"94.00000","3.13327","4,382.07617","0.01609","0.00441","98.25327"
"94.10000","3.13663","4,386.45703","0.01618","0.00443","98.35149"
"94.20000","3.14015","4,389.98730","0.01617","0.00447","98.43065"
"94.30000","3.14321","4,392.25830","0.01616","0.00445","98.48157"
"94.40000","3.14657","4,394.69727","0.01619","0.00425","98.53625"
"94.50000","3.15009","4,398.72949","0.01624","0.00411","98.62666"
"94.60000","3.15322","4,402.40283","0.01624","0.00400","98.70902"
"94.70000","3.15666","4,405.20605","0.01627","0.00404","98.77188"
"94.80000","3.16003","4,409.44482","0.01627","0.00405","98.86692"
"94.90000","3.16331","4,413.37549","0.01623","0.00400","98.95505"
"95.00000","3.16660","4,416.50098","0.01630","0.00412","99.02513"
"95.10000","3.16989","4,419.71631","0.01626","0.00415","99.09722"
"95.20000","3.17333","4,422.64307","0.01628","0.00422","99.16284"
"95.30000","3.17654","4,426.25781","0.01627","0.00419","99.24390"
"95.40000","3.17998","4,430.21484","0.01627","0.00420","99.33262"
"95.50000","3.18349","4,433.85107","0.01628","0.00416","99.41415"
"95.60000","3.18656","4,436.90381","0.01629","0.00424","99.48260"
"95.70000","3.19000","4,439.77588","0.01629","0.00428","99.54699"
"95.80000","3.19343","4,443.37598","0.01631","0.00430","99.62771"
"95.90000","3.19657","4,446.83008","0.01631","0.00414","99.70515"
"96.00000","3.20001","4,449.77148","0.01639","0.00429","99.77111"
"96.10000","3.20337","4,453.91016","0.01635","0.00426","99.86391"
"96.20000","3.20666","4,455.47559","0.01638","0.00421","99.89900"
"96.30000","3.21002","4,460.00830","0.01642","0.00418","100.00063"
"96.40000","3.21339","4,463.62402","0.01640","0.00430","100.08170"
"96.50000","3.21675","4,467.44434","0.01640","0.00435","100.16737"
"96.60000","3.21982","4,469.38232","0.01645","0.00436","100.21082"
"96.70000","3.22325","4,473.02783","0.01644","0.00444","100.29256"
"96.80000","3.22677","4,476.95850","0.01644","0.00456","100.38068"
"96.90000","3.22990","4,480.07520","0.01650","0.00459","100.45057"
"97.00000","3.23334","4,483.13477","0.01656","0.00455","100.51917"
"97.10000","3.23678","4,487.55127","0.01664","0.00461","100.61819"
"97.20000","3.23984","4,490.16113","0.01665","0.00451","100.67671"
"97.30000","3.24336","4,493.17236","0.01668","0.00456","100.74422"
"97.40000","3.24665","4,496.77930","0.01669","0.00467","100.82510"
"97.50000","3.24993","4,499.88379","0.01673","0.00446","100.89471"
"97.60000","3.25330","4,502.97070","0.01673","0.00443","100.96392"
"97.70000","3.25673","4,507.23584","0.01676","0.00425","101.05956"
"97.80000","3.26002","4,510.00000","0.01679","0.00420","101.12153"
"97.90000","3.26324","4,512.56836","0.01679","0.00422","101.17912"
"98.00000","3.26660","4,516.11035","0.01678","0.00426","101.25854"
"98.10000","3.27011","4,519.66504","0.01681","0.00426","101.33823"
"98.20000","3.27325","4,522.94287","0.01681","0.00439","101.41173"
"98.30000","3.27676","4,526.97119","0.01687","0.00438","101.50205"
"98.40000","3.28013","4,530.64600","0.01686","0.00438","101.58445"
"98.50000","3.28319","4,533.44336","0.01688","0.00440","101.64717"
"98.60000","3.28670","4,536.66943","0.01690","0.00432","101.71951"
"98.70000","3.28999","4,540.32617","0.01692","0.00435","101.80149"
"98.80000","3.29321","4,543.47803","0.01689","0.00438","101.87216"
"98.90000","3.29664","4,546.34082","0.01686","0.00447","101.93635"
"99.00000","3.30001","4,550.79932","0.01685","0.00445","102.03632"
"99.10000","3.30337","4,553.31787","0.01689","0.00444","102.09279"
"99.20000","3.30658","4,556.79199","0.01694","0.00440","102.17068"
"99.30000","3.31002","4,559.93994","0.01690","0.00438","102.24126"
"99.40000","3.31339","4,563.34033","0.01692","0.00441","102.31750"
"99.50000","3.31652","4,566.38818","0.01692","0.00444","102.38584"
"99.60000","3.32004","4,570.00635","0.01693","0.00443","102.46697"
"99.70000","3.32347","4,573.72266","0.01695","0.00445","102.55029"
"99.80000","3.32661","4,576.93652","0.01703","0.00448","102.62235"
"99.90000","3.33013","4,580.05225","0.01704","0.00460","102.69221"
"100.00000","3.33334","4,583.97803","0.01701","0.00477","102.78024"
"100.10000","3.33663","4,587.70898","0.01707","0.00476","102.86389"
"100.20000","3.33992","4,589.99902","0.01713","0.00474","102.91524"
"100.30000","3.34328","4,593.42236","0.01710","0.00482","102.99200"
"100.40000","3.34664","4,596.88916","0.01716","0.00481","103.06973"
"100.50000","3.34993","4,600.55518","0.01721","0.00478","103.15192"
"100.60000","3.35337","4,603.15869","0.01726","0.00473","103.21030"
"100.70000","3.35673","4,607.14795","0.01728","0.00450","103.29974"
"100.80000","3.35987","4,609.50000","0.01728","0.00436","103.35248"
"100.90000","3.36331","4,613.44287","0.01734","0.00432","103.44089"
"101.00000","3.36667","4,616.41504","0.01734","0.00442","103.50753"
"101.10000","3.36989","4,619.22656","0.01735","0.00438","103.57056"
"101.20000","3.37340","4,623.29736","0.01734","0.00445","103.66184"
"101.30000","3.37676","4,626.21631","0.01738","0.00461","103.72729"
"101.40000","3.37998","4,629.11084","0.01738","0.00450","103.79219"
"101.50000","3.38326","4,632.35254","0.01739","0.00451","103.86488"
"101.60000","3.38670","4,636.80713","0.01741","0.00461","103.96475"
"101.70000","3.38992","4,639.57471","0.01746","0.00453","104.02680"
"101.80000","3.39328","4,642.44189","0.01747","0.00456","104.09109"
"101.90000","3.39679","4,646.34863","0.01746","0.00457","104.17869"
"102.00000","3.40001","4,649.14990","0.01747","0.00467","104.24149"
"102.10000","3.40329","4,652.09277","0.01746","0.00461","104.30748"
"102.20000","3.40666","4,656.08154","0.01744","0.00460","104.39691"
"102.30000","3.41002","4,659.54590","0.01745","0.00454","104.47459"
"102.40000","3.41323","4,662.09326","0.01747","0.00456","104.53171"
"102.50000","3.41667","4,665.67090","0.01748","0.00454","104.61192"
"102.60000","3.42011","4,669.08984","0.01750","0.00453","104.68858"
"102.70000","3.42332","4,672.49268","0.01749","0.00463","104.76488"
"102.80000","3.42669","4,675.29883","0.01746","0.00460","104.82780"
"102.90000","3.43005","4,678.53857","0.01750","0.00466","104.90044"
"103.00000","3.43326","4,682.48486","0.01755","0.00483","104.98892"
"103.10000","3.43663","4,686.00635","0.01761","0.00478","105.06788"
"103.20000","3.44006","4,689.32227","0.01761","0.00493","105.14223"
"103.30000","3.44335","4,691.72559","0.01766","0.00484","105.19611"
"103.40000","3.44664","4,694.89893","0.01766","0.00498","105.26727"
"103.50000","3.45008","4,699.26074","0.01766","0.00494","105.36507"
"103.60000","3.45337","4,701.67871","0.01770","0.00493","105.41928"
"103.70000","3.45658","4,704.61865","0.01771","0.00490","105.48520"
"103.80000","3.45994","4,707.61084","0.01774","0.00476","105.55228"
"103.90000","3.46338","4,711.50195","0.01775","0.00465","105.63953"
"104.00000","3.46660","4,714.62061","0.01784","0.00444","105.70946"
"104.10000","3.47003","4,718.19434","0.01784","0.00454","105.78958"
"104.20000","3.47355","4,721.16162","0.01788","0.00455","105.85612"
"104.30000","3.47661","4,724.02930","0.01783","0.00460","105.92042"
"104.40000","3.47997","4,727.20752","0.01787","0.00476","105.99168"
"104.50000","3.48341","4,731.22998","0.01791","0.00465","106.08186"
"104.60000","3.48663","4,734.44629","0.01793","0.00469","106.15398"
"104.70000","3.48999","4,737.78955","0.01796","0.00467","106.22894"
"104.80000","3.49343","4,741.31348","0.01796","0.00467","106.30795"
"104.90000","3.49671","4,744.27197","0.01802","0.00472","106.37429"
"105.00000","3.49993","4,747.31982","0.01799","0.00472","106.44263"
"105.10000","3.50329","4,750.83105","0.01799","0.00478","106.52135"
"105.20000","3.50673","4,753.83350","0.01800","0.00481","106.58868"
"105.30000","3.50987","4,757.11719","0.01802","0.00483","106.66230"
"105.40000","3.51331","4,759.79688","0.01803","0.00471","106.72238"
"105.50000","3.51682","4,764.69385","0.01808","0.00475","106.83218"
"105.60000","3.51988","4,767.22412","0.01802","0.00468","106.88892"
"105.70000","3.52332","4,770.01123","0.01809","0.00473","106.95140"
"105.80000","3.52676","4,772.47021","0.01804","0.00476","107.00654"
"105.90000","3.52990","4,776.29443","0.01810","0.00475","107.09229"
"106.00000","3.53334","4,779.71436","0.01810","0.00476","107.16896"
"106.10000","3.53670","4,782.98389","0.01813","0.00479","107.24227"
"106.20000","3.54006","4,786.29248","0.01812","0.00499","107.31646"
"106.30000","3.54335","4,789.34814","0.01817","0.00511","107.38497"
"106.40000","3.54671","4,792.22559","0.01819","0.00506","107.44949"
"106.50000","3.55008","4,796.14355","0.01819","0.00512","107.53733"
"106.60000","3.55322","4,798.05371","0.01819","0.00510","107.58016"
"106.70000","3.55665","4,802.80811","0.01824","0.00514","107.68676"
"106.80000","3.56009","4,805.70605","0.01825","0.00508","107.75174"
"106.90000","3.56323","4,807.58691","0.01826","0.00493","107.79391"
"107.00000","3.56667","4,811.52979","0.01829","0.00482","107.88232"
"107.10000","3.57011","4,815.31738","0.01829","0.00479","107.96724"
"107.20000","3.57317","4,817.68018","0.01832","0.00476","108.02022"
"107.30000","3.57668","4,820.70215","0.01837","0.00477","108.08797"
"107.40000","3.57997","4,823.87158","0.01839","0.00474","108.15904"
"107.50000","3.58326","4,827.91943","0.01840","0.00487","108.24980"
"107.60000","3.58662","4,830.86426","0.01847","0.00488","108.31583"
"107.70000","3.58999","4,833.98145","0.01847","0.00491","108.38572"
"107.80000","3.59342","4,836.79199","0.01847","0.00493","108.44874"
"107.90000","3.59656","4,839.29150","0.01847","0.00486","108.50478"
"108.00000","3.60000","4,843.11133","0.01849","0.00486","108.59042"
"108.10000","3.60336","4,846.31494","0.01853","0.00486","108.66225"
"108.20000","3.60650","4,849.00049","0.01857","0.00493","108.72247"
"108.30000","3.61002","4,852.66211","0.01859","0.00497","108.80457"
"108.40000","3.61345","4,856.60156","0.01858","0.00491","108.89290"
"108.50000","3.61659","4,858.47949","0.01858","0.00489","108.93501"
"108.60000","3.62003","4,862.33301","0.01858","0.00486","109.02141"
"108.70000","3.62332","4,865.83691","0.01867","0.00478","109.09997"
"108.80000","3.62661","4,868.34717","0.01867","0.00482","109.15626"
"108.90000","3.62997","4,871.40137","0.01862","0.00492","109.22474"
"109.00000","3.63333","4,875.51514","0.01865","0.00495","109.31697"
"109.10000","3.63670","4,878.27002","0.01865","0.00494","109.37874"
"109.20000","3.63991","4,881.15869","0.01869","0.00499","109.44351"
"109.30000","3.64335","4,884.82080","0.01872","0.00508","109.52562"
"109.40000","3.64671","4,887.29053","0.01874","0.00517","109.58099"
"109.50000","3.64985","4,890.14355","0.01875","0.00521","109.64497"
"109.60000","3.65336","4,893.63135","0.01874","0.00527","109.72317"
"109.70000","3.65673","4,896.90771","0.01877","0.00523","109.79663"
"109.80000","3.65994","4,899.95654","0.01877","0.00525","109.86499"
"109.90000","3.66338","4,903.03467","0.01877","0.00526","109.93401"
"110.00000","3.66667","4,906.01367","0.01878","0.00502","110.00080"
"110.10000","3.66996","4,908.70361","0.01876","0.00488","110.06111"
"110.20000","3.67332","4,911.92383","0.01883","0.00488","110.13332"
"110.30000","3.67661","4,915.68457","0.01882","0.00484","110.21764"
"110.40000","3.67997","4,918.68311","0.01883","0.00491","110.28487"
"110.50000","3.68326","4,921.37061","0.01885","0.00490","110.34513"
"110.60000","3.68670","4,924.56836","0.01885","0.00505","110.41682"
"110.70000","3.69006","4,927.96240","0.01891","0.00490","110.49293"
"110.80000","3.69320","4,929.78809","0.01892","0.00503","110.53386"
"110.90000","3.69664","4,933.47900","0.01900","0.00499","110.61662"
"111.00000","3.70000","4,936.91113","0.01901","0.00501","110.69357"
"111.10000","3.70321","4,939.24268","0.01903","0.00502","110.74585"
"111.20000","3.70673","4,942.52832","0.01903","0.00506","110.81952"
"111.30000","3.71016","4,945.68408","0.01912","0.00512","110.89027"
"111.40000","3.71338","4,948.95215","0.01912","0.00504","110.96355"
"111.50000","3.71667","4,951.43408","0.01914","0.00520","111.01920"
"111.60000","3.71995","4,954.92773","0.01916","0.00505","111.09753"
"111.70000","3.72324","4,958.17627","0.01912","0.00509","111.17037"
"111.80000","3.72661","4,960.72754","0.01918","0.00503","111.22758"
"111.90000","3.73004","4,964.17285","0.01919","0.00499","111.30482"
"112.00000","3.73333","4,966.66797","0.01918","0.00503","111.36077"
"112.10000","3.73655","4,969.53955","0.01918","0.00512","111.42516"
"112.20000","3.73998","4,972.59473","0.01921","0.00508","111.49365"
"112.30000","3.74335","4,975.91699","0.01927","0.00518","111.56815"
"112.40000","3.74656","4,978.69678","0.01930","0.00512","111.63047"
"112.50000","3.75007","4,981.64648","0.01930","0.00533","111.69661"
"112.60000","3.75344","4,985.32812","0.01922","0.00540","111.77916"
"112.70000","3.75665","4,988.02979","0.01930","0.00548","111.83974"
"112.80000","3.76001","4,990.57520","0.01935","0.00543","111.89680"
"112.90000","3.76338","4,993.49023","0.01930","0.00545","111.96217"
"113.00000","3.76659","4,996.62549","0.01935","0.00543","112.03246"
"113.10000","3.76988","4,999.27783","0.01930","0.00525","112.09193"
"113.20000","3.77339","5,002.25146","0.01929","0.00519","112.15861"
"113.30000","3.77668","5,006.00439","0.01936","0.00503","112.24275"
"113.40000","3.77997","5,007.58447","0.01937","0.00505","112.27818"
"113.50000","3.78341","5,011.99902","0.01939","0.00505","112.37717"
"113.60000","3.78669","5,014.59912","0.01945","0.00509","112.43546"
"113.70000","3.78983","5,016.83740","0.01936","0.00510","112.48565"
"113.80000","3.79327","5,020.00000","0.01941","0.00518","112.55656"
"113.90000","3.79671","5,022.89648","0.01947","0.00511","112.62151"
"114.00000","3.79992","5,025.93164","0.01948","0.00511","112.68955"
"114.10000","3.80329","5,029.35107","0.01953","0.00522","112.76623"
"114.20000","3.80680","5,032.00439","0.01955","0.00522","112.82571"
"114.30000","3.80994","5,034.45801","0.01954","0.00520","112.88073"
"114.40000","3.81330","5,037.52051","0.01963","0.00524","112.94939"
"114.50000","3.81674","5,040.53223","0.01966","0.00528","113.01692"
"114.60000","3.81995","5,043.18701","0.01964","0.00524","113.07645"
"114.70000","3.82332","5,046.80371","0.01966","0.00516","113.15754"
"114.80000","3.82675","5,049.59277","0.01971","0.00511","113.22008"
"114.90000","3.83004","5,052.61621","0.01976","0.00514","113.28786"
"115.00000","3.83326","5,055.09717","0.01977","0.00512","113.34349"
"115.10000","3.83669","5,058.00488","0.01976","0.00521","113.40869"
"115.20000","3.84006","5,061.52637","0.01977","0.00514","113.48765"
"115.30000","3.84320","5,063.83984","0.01976","0.00518","113.53952"
"115.40000","3.84663","5,066.21533","0.01972","0.00520","113.59278"
"115.50000","3.85007","5,069.87549","0.01977","0.00528","113.67485"
"115.60000","3.85321","5,072.75439","0.01980","0.00544","113.73940"
"115.70000","3.85672","5,076.21045","0.01982","0.00539","113.81689"
"115.80000","3.86009","5,078.99170","0.01984","0.00553","113.87925"
"115.90000","3.86322","5,081.62744","0.01985","0.00564","113.93835"
"116.00000","3.86666","5,083.85596","0.01990","0.00552","113.98831"
"116.10000","3.87003","5,087.17188","0.01981","0.00545","114.06266"
"116.20000","3.87331","5,089.85693","0.01983","0.00541","114.12286"
"116.30000","3.87660","5,092.98584","0.01983","0.00517","114.19302"
"116.40000","3.87997","5,095.00000","0.01989","0.00510","114.23818"
"116.50000","3.88340","5,097.82520","0.01987","0.00521","114.30153"
"116.60000","3.88647","5,099.82617","0.01990","0.00520","114.34639"
"116.70000","3.88998","5,089.89648","0.01984","0.00527","114.12375"
"116.70600","3.89028","4,811.32373","0.01984","0.00527","107.87770"
"116.71000","3.89043","4,384.83154","0.01984","0.00527","98.31505"
"116.71200","3.89058","4,132.50684","0.01984","0.00527","92.65752"
"116.71400","3.89065","3,861.70532","0.01984","0.00527","86.58571"
"116.71600","3.89073","3,579.87842","0.01984","0.00527","80.26669"
"116.71800","3.89080","3,293.95679","0.01984","0.00527","73.85587"
"116.72000","3.89088","3,008.46313","0.01984","0.00527","67.45464"
