Modulus (Segment 0.001 mm/mm - 0.008 mm/mm) : Modulus (Segment 0.001 mm/mm - 0.008 mm/mm),"7,560.25427",MPa
Poisson's ratio (Least squares fit) : Poisson's ratio (Least squares fit),"0.07371"
Specimen properties : Gauge length,"14.87000",mm
Specimen properties : Gauge length transverse,"5.18600",mm
Specimen properties : Thickness,"3.11000",mm
Specimen properties : Width,"15.17000",mm

Time,Extension,Load,Video axial strain,Video transverse strain,Calculated Stress
(s),(mm),(N),(mm/mm),(mm/mm),(MPa)
"0.00000","0.02608","20.50868","-0.00001","0.00000","0.43470"
"0.10000","0.02698","21.42579","-0.00003","-0.00001","0.45414"
"0.20000","0.03117","29.71554","0.00000","-0.00005","0.62985"
"0.30000","0.03580","43.59790","0.00006","0.00000","0.92410"
"0.40000","0.03931","53.09745","0.00007","-0.00013","1.12545"
"0.50000","0.04282","62.51254","0.00009","-0.00020","1.32502"
"0.60000","0.04611","71.82784","0.00014","-0.00038","1.52246"
"0.70000","0.04940","80.21449","0.00012","-0.00079","1.70023"
"0.80000","0.05284","90.28122","0.00018","-0.00089","1.91360"
"0.90000","0.05620","98.70953","0.00018","-0.00096","2.09225"
"1.00000","0.05942","107.54202","0.00018","-0.00097","2.27946"
"1.10000","0.06278","116.65124","0.00022","-0.00094","2.47254"
"1.20000","0.06614","124.73740","0.00028","-0.00088","2.64393"
"1.30000","0.06928","133.00154","0.00030","-0.00086","2.81910"
"1.40000","0.07272","141.88049","0.00032","-0.00077","3.00730"
"1.50000","0.07623","150.96681","0.00033","-0.00073","3.19989"
"1.60000","0.07945","160.37965","0.00034","-0.00065","3.39941"
"1.70000","0.08273","167.77216","0.00034","-0.00058","3.55610"
"1.80000","0.08617","176.58839","0.00034","-0.00062","3.74297"
"1.90000","0.08946","186.10178","0.00037","-0.00038","3.94461"
"2.00000","0.09275","194.51552","0.00036","-0.00030","4.12295"
"2.10000","0.09611","202.99924","0.00038","-0.00031","4.30277"
"2.20000","0.09947","212.13672","0.00039","-0.00022","4.49645"
"2.30000","0.10276","219.81812","0.00038","-0.00022","4.65927"
"2.40000","0.10620","228.55359","0.00043","-0.00015","4.84442"
"2.50000","0.10964","238.02235","0.00044","-0.00011","5.04512"
"2.60000","0.11263","245.30992","0.00046","-0.00010","5.19959"
"2.70000","0.11607","253.73936","0.00049","-0.00006","5.37826"
"2.80000","0.11943","262.29919","0.00050","0.00003","5.55970"
"2.90000","0.12272","270.91483","0.00051","0.00001","5.74231"
"3.00000","0.12616","279.09781","0.00055","0.00002","5.91576"
"3.10000","0.12952","287.82571","0.00056","0.00001","6.10076"
"3.20000","0.13281","296.53760","0.00057","0.00016","6.28541"
"3.30000","0.13610","304.16092","0.00060","0.00008","6.44700"
"3.40000","0.13938","313.51141","0.00062","0.00001","6.64519"
"3.50000","0.14275","321.92004","0.00064","-0.00001","6.82342"
"3.60000","0.14604","329.56451","0.00065","-0.00006","6.98545"
"3.70000","0.14940","337.81546","0.00067","-0.00066","7.16034"
"3.80000","0.15291","346.50558","0.00069","-0.00077","7.34453"
"3.90000","0.15598","354.58450","0.00071","-0.00086","7.51578"
"4.00000","0.15941","363.00574","0.00073","-0.00089","7.69427"
"4.10000","0.16285","371.37006","0.00075","-0.00086","7.87156"
"4.20000","0.16599","378.98538","0.00077","-0.00078","8.03298"
"4.30000","0.16950","387.59323","0.00079","-0.00080","8.21543"
"4.40000","0.17287","395.34299","0.00080","-0.00084","8.37969"
"4.50000","0.17608","403.64078","0.00081","-0.00076","8.55557"
"4.60000","0.17952","411.47397","0.00081","-0.00065","8.72160"
"4.70000","0.18281","420.04370","0.00082","-0.00064","8.90325"
"4.80000","0.18617","428.35587","0.00085","-0.00051","9.07943"
"4.90000","0.18938","435.29010","0.00085","-0.00053","9.22641"
"5.00000","0.19275","444.94635","0.00087","-0.00051","9.43109"
"5.10000","0.19626","454.45877","0.00088","-0.00040","9.63271"
"5.20000","0.19932","461.36002","0.00090","-0.00039","9.77899"
"5.30000","0.20284","469.01004","0.00090","-0.00033","9.94114"
"5.40000","0.20620","477.61490","0.00092","-0.00030","10.12353"
"5.50000","0.20926","484.24109","0.00095","-0.00027","10.26398"
"5.60000","0.21278","493.14127","0.00096","-0.00026","10.45263"
"5.70000","0.21614","500.22458","0.00099","-0.00026","10.60276"
"5.80000","0.21935","508.89011","0.00101","-0.00018","10.78644"
"5.90000","0.22279","516.13092","0.00101","-0.00003","10.93991"
"6.00000","0.22615","525.46124","0.00105","0.00005","11.13768"
"6.10000","0.22952","532.65546","0.00107","0.00009","11.29017"
"6.20000","0.23273","539.44556","0.00109","0.00006","11.43409"
"6.30000","0.23609","547.53607","0.00104","0.00002","11.60558"
"6.40000","0.23953","555.27167","0.00109","-0.00002","11.76954"
"6.50000","0.24267","563.12274","0.00112","-0.00002","11.93595"
"6.60000","0.24618","570.95721","0.00115","-0.00012","12.10201"
"6.70000","0.24962","578.33472","0.00118","-0.00082","12.25839"
"6.80000","0.25269","585.62354","0.00119","-0.00084","12.41288"
"6.90000","0.25620","593.91443","0.00121","-0.00087","12.58861"
"7.00000","0.25949","600.99158","0.00122","-0.00089","12.73862"
"7.10000","0.26270","608.49536","0.00125","-0.00091","12.89767"
"7.20000","0.26606","616.22870","0.00127","-0.00083","13.06159"
"7.30000","0.26950","623.79242","0.00129","-0.00080","13.22191"
"7.40000","0.27279","631.82831","0.00128","-0.00077","13.39224"
"7.50000","0.27608","638.90314","0.00130","-0.00069","13.54219"
"7.60000","0.27944","646.04443","0.00129","-0.00067","13.69356"
"7.70000","0.28280","653.95038","0.00132","-0.00058","13.86114"
"7.80000","0.28594","661.18622","0.00133","-0.00050","14.01451"
"7.90000","0.28946","669.49072","0.00134","-0.00032","14.19053"
"8.00000","0.29289","676.46942","0.00134","-0.00039","14.33845"
"8.10000","0.29603","683.03088","0.00136","-0.00027","14.47753"
"8.20000","0.29955","691.15686","0.00139","-0.00019","14.64977"
"8.30000","0.30283","698.63434","0.00141","-0.00012","14.80826"
"8.40000","0.30605","705.21271","0.00144","-0.00010","14.94769"
"8.50000","0.30949","712.43591","0.00145","-0.00005","15.10080"
"8.60000","0.31277","720.42957","0.00147","-0.00006","15.27023"
"8.70000","0.31614","728.25049","0.00149","-0.00001","15.43600"
"8.80000","0.31943","735.41412","0.00151","0.00007","15.58784"
"8.90000","0.32294","742.17517","0.00154","0.00011","15.73115"
"9.00000","0.32615","749.19598","0.00154","0.00013","15.87996"
"9.10000","0.32937","756.44061","0.00157","0.00012","16.03352"
"9.20000","0.33280","763.21716","0.00159","0.00006","16.17715"
"9.30000","0.33609","770.52832","0.00161","0.00018","16.33212"
"9.40000","0.33931","777.39099","0.00163","0.00014","16.47758"
"9.50000","0.34289","784.47003","0.00166","0.00008","16.62763"
"9.60000","0.34626","792.50763","0.00167","-0.00003","16.79800"
"9.70000","0.34939","798.59930","0.00171","-0.00059","16.92712"
"9.80000","0.35276","805.71667","0.00170","-0.00068","17.07798"
"9.90000","0.35612","811.85565","0.00172","-0.00072","17.20810"
"10.00000","0.35933","819.52789","0.00174","-0.00076","17.37072"
"10.10000","0.36270","825.78882","0.00176","-0.00078","17.50342"
"10.20000","0.36621","832.93860","0.00178","-0.00082","17.65497"
"10.30000","0.36950","839.68591","0.00178","-0.00074","17.79799"
"10.40000","0.37271","846.88629","0.00181","-0.00070","17.95061"
"10.50000","0.37615","853.22101","0.00181","-0.00071","18.08488"
"10.60000","0.37951","861.16437","0.00181","-0.00067","18.25324"
"10.70000","0.38265","867.19354","0.00183","-0.00059","18.38104"
"10.80000","0.38617","874.33038","0.00184","-0.00043","18.53231"
"10.90000","0.38953","880.94232","0.00184","-0.00034","18.67246"
"11.00000","0.39274","887.04926","0.00187","-0.00038","18.80190"
"11.10000","0.39618","894.04236","0.00187","-0.00030","18.95013"
"11.20000","0.39954","900.71790","0.00190","-0.00025","19.09162"
"11.30000","0.40276","907.35687","0.00190","-0.00028","19.23234"
"11.40000","0.40605","914.33728","0.00191","-0.00021","19.38030"
"11.50000","0.40948","920.48340","0.00192","-0.00015","19.51057"
"11.60000","0.41277","927.86511","0.00195","-0.00019","19.66703"
"11.70000","0.41606","933.52466","0.00199","-0.00010","19.78699"
"11.80000","0.41957","940.67993","0.00201","-0.00009","19.93866"
"11.90000","0.42279","947.03522","0.00203","-0.00003","20.07336"
"12.00000","0.42608","953.28467","0.00205","0.00003","20.20583"
"12.10000","0.42936","959.54303","0.00206","0.00011","20.33848"
"12.20000","0.43273","966.00867","0.00210","0.00020","20.47552"
"12.30000","0.43602","972.45819","0.00211","0.00010","20.61223"
"12.40000","0.43945","979.18866","0.00216","0.00002","20.75489"
"12.50000","0.44297","986.01135","0.00217","-0.00004","20.89950"
"12.60000","0.44603","992.09326","0.00220","-0.00001","21.02841"
"12.70000","0.44939","998.49023","0.00222","-0.00054","21.16401"
"12.80000","0.45283","1,005.09076","0.00223","-0.00077","21.30391"
"12.90000","0.45604","1,010.45044","0.00224","-0.00078","21.41751"
"13.00000","0.45941","1,017.93445","0.00224","-0.00081","21.57615"
"13.10000","0.46292","1,025.27258","0.00225","-0.00082","21.73168"
"13.20000","0.46613","1,030.35828","0.00226","-0.00080","21.83948"
"13.30000","0.46942","1,036.66992","0.00228","-0.00083","21.97326"
"13.40000","0.47279","1,042.75854","0.00228","-0.00081","22.10232"
"13.50000","0.47615","1,049.30933","0.00228","-0.00080","22.24117"
"13.60000","0.47929","1,056.41895","0.00230","-0.00076","22.39186"
"13.70000","0.48273","1,062.41687","0.00233","-0.00068","22.51899"
"13.80000","0.48631","1,068.87097","0.00235","-0.00049","22.65580"
"13.90000","0.48938","1,074.22656","0.00236","-0.00036","22.76931"
"14.00000","0.49282","1,081.76697","0.00238","-0.00026","22.92914"
"14.10000","0.49618","1,087.87488","0.00240","-0.00025","23.05860"
"14.20000","0.49932","1,094.15295","0.00242","-0.00025","23.19167"
"14.30000","0.50276","1,099.84973","0.00247","-0.00021","23.31242"
"14.40000","0.50612","1,106.65222","0.00244","-0.00020","23.45661"
"14.50000","0.50948","1,112.95520","0.00249","-0.00006","23.59020"
"14.60000","0.51284","1,118.94360","0.00249","-0.00010","23.71713"
"14.70000","0.51621","1,125.22034","0.00252","-0.00013","23.85018"
"14.80000","0.51950","1,131.22534","0.00252","-0.00010","23.97746"
"14.90000","0.52264","1,136.74585","0.00256","0.00008","24.09447"
"15.00000","0.52607","1,143.08862","0.00258","0.00020","24.22891"
"15.10000","0.52959","1,149.72400","0.00263","0.00029","24.36956"
"15.20000","0.53265","1,155.53223","0.00265","0.00016","24.49267"
"15.30000","0.53616","1,161.47778","0.00264","0.00018","24.61869"
"15.40000","0.53968","1,168.54333","0.00265","0.00013","24.76845"
"15.50000","0.54266","1,173.24438","0.00270","0.00018","24.86810"
"15.60000","0.54610","1,179.21375","0.00271","-0.00022","24.99462"
"15.70000","0.54947","1,185.67920","0.00269","-0.00053","25.13166"
"15.80000","0.55275","1,191.82776","0.00272","-0.00068","25.26199"
"15.90000","0.55612","1,197.65393","0.00273","-0.00076","25.38548"
"16.00000","0.55956","1,203.82971","0.00274","-0.00076","25.51638"
"16.10000","0.56284","1,209.83350","0.00275","-0.00064","25.64364"
"16.20000","0.56598","1,215.63220","0.00277","-0.00068","25.76655"
"16.30000","0.56942","1,221.05884","0.00275","-0.00067","25.88157"
"16.40000","0.57286","1,227.84045","0.00276","-0.00065","26.02531"
"16.50000","0.57592","1,232.97827","0.00280","-0.00059","26.13421"
"16.60000","0.57951","1,238.77124","0.00281","-0.00057","26.25700"
"16.70000","0.58287","1,245.90710","0.00285","-0.00044","26.40825"
"16.80000","0.58609","1,251.32849","0.00285","-0.00035","26.52317"
"16.90000","0.58952","1,256.34326","0.00288","-0.00028","26.62946"
"17.00000","0.59281","1,262.85168","0.00289","-0.00018","26.76741"
"17.10000","0.59603","1,268.92017","0.00289","-0.00017","26.89604"
"17.20000","0.59939","1,273.98853","0.00292","-0.00006","27.00347"
"17.30000","0.60275","1,280.56458","0.00296","0.00000","27.14285"
"17.40000","0.60619","1,286.54944","0.00298","0.00003","27.26971"
"17.50000","0.60940","1,291.88257","0.00300","0.00012","27.38275"
"17.60000","0.61292","1,297.95764","0.00299","0.00012","27.51152"
"17.70000","0.61621","1,304.76770","0.00304","0.00019","27.65586"
"17.80000","0.61927","1,309.32153","0.00304","0.00024","27.75239"
"17.90000","0.62278","1,315.32593","0.00308","0.00021","27.87966"
"18.00000","0.62622","1,320.91235","0.00307","0.00023","27.99807"
"18.10000","0.62936","1,327.00732","0.00309","0.00024","28.12725"
"18.20000","0.63287","1,332.66846","0.00311","0.00033","28.24725"
"18.30000","0.63624","1,339.72961","0.00312","0.00029","28.39692"
"18.40000","0.63937","1,344.64124","0.00314","0.00031","28.50102"
"18.50000","0.64274","1,350.76721","0.00311","0.00029","28.63087"
"18.60000","0.64603","1,356.18188","0.00315","0.00015","28.74564"
"18.70000","0.64939","1,363.09204","0.00317","-0.00045","28.89211"
"18.80000","0.65268","1,367.62793","0.00316","-0.00048","28.98825"
"18.90000","0.65619","1,374.04688","0.00318","-0.00059","29.12431"
"19.00000","0.65955","1,380.81152","0.00320","-0.00055","29.26769"
"19.10000","0.66262","1,385.32507","0.00321","-0.00059","29.36336"
"19.20000","0.66613","1,391.76404","0.00324","-0.00064","29.49984"
"19.30000","0.66949","1,398.14258","0.00325","-0.00057","29.63504"
"19.40000","0.67271","1,401.94714","0.00326","-0.00059","29.71568"
"19.50000","0.67622","1,409.17773","0.00329","-0.00052","29.86894"
"19.60000","0.67958","1,414.74048","0.00330","-0.00046","29.98685"
"19.70000","0.68272","1,420.47522","0.00333","-0.00042","30.10840"
"19.80000","0.68608","1,426.04077","0.00335","-0.00033","30.22637"
"19.90000","0.68945","1,430.77258","0.00335","-0.00013","30.32666"
"20.00000","0.69274","1,437.52673","0.00338","-0.00014","30.46983"
"20.10000","0.69610","1,441.97205","0.00338","-0.00008","30.56405"
"20.20000","0.69946","1,448.42065","0.00342","-0.00007","30.70073"
"20.30000","0.70283","1,454.65808","0.00343","-0.00005","30.83294"
"20.40000","0.70611","1,459.89233","0.00347","0.00003","30.94389"
"20.50000","0.70948","1,465.69629","0.00349","0.00005","31.06691"
"20.60000","0.71277","1,471.04810","0.00348","0.00002","31.18034"
"20.70000","0.71598","1,476.50293","0.00352","0.00008","31.29597"
"20.80000","0.71942","1,482.19385","0.00354","0.00020","31.41659"
"20.90000","0.72278","1,488.70776","0.00356","0.00015","31.55466"
"21.00000","0.72607","1,493.19019","0.00356","0.00021","31.64967"
"21.10000","0.72951","1,499.04541","0.00358","0.00020","31.77378"
"21.20000","0.73294","1,504.85425","0.00357","0.00031","31.89690"
"21.30000","0.73608","1,510.30005","0.00360","0.00031","32.01233"
"21.40000","0.73937","1,516.07227","0.00361","0.00023","32.13468"
"21.50000","0.74281","1,521.39893","0.00361","0.00024","32.24758"
"21.60000","0.74610","1,527.01880","0.00363","0.00007","32.36670"
"21.70000","0.74946","1,532.52991","0.00365","-0.00049","32.48351"
"21.80000","0.75290","1,538.53162","0.00367","-0.00059","32.61073"
"21.90000","0.75619","1,544.30750","0.00368","-0.00053","32.73315"
"22.00000","0.75933","1,549.49561","0.00370","-0.00055","32.84312"
"22.10000","0.76276","1,555.03455","0.00372","-0.00058","32.96052"
"22.20000","0.76613","1,561.01953","0.00374","-0.00059","33.08738"
"22.30000","0.76934","1,565.75610","0.00376","-0.00052","33.18777"
"22.40000","0.77270","1,571.55042","0.00380","-0.00062","33.31059"
"22.50000","0.77622","1,577.15564","0.00382","-0.00059","33.42940"
"22.60000","0.77943","1,582.84973","0.00381","-0.00049","33.55009"
"22.70000","0.78279","1,588.37927","0.00384","-0.00053","33.66730"
"22.80000","0.78616","1,594.10950","0.00386","-0.00047","33.78875"
"22.90000","0.78937","1,599.22424","0.00390","-0.00024","33.89717"
"23.00000","0.79273","1,604.43982","0.00391","-0.00007","34.00772"
"23.10000","0.79617","1,610.38501","0.00392","-0.00001","34.13373"
"23.20000","0.79946","1,615.87671","0.00396","-0.00007","34.25013"
"23.30000","0.80275","1,621.12244","0.00398","-0.00008","34.36132"
"23.40000","0.80611","1,626.43384","0.00399","-0.00002","34.47390"
"23.50000","0.80948","1,633.22632","0.00404","0.00001","34.61787"
"23.60000","0.81261","1,637.41223","0.00404","0.00003","34.70660"
"23.70000","0.81613","1,643.03552","0.00405","0.00009","34.82579"
"23.80000","0.81964","1,648.11560","0.00407","0.00019","34.93347"
"23.90000","0.82270","1,654.34814","0.00408","0.00025","35.06557"
"24.00000","0.82614","1,659.30042","0.00408","0.00025","35.17054"
"24.10000","0.82958","1,665.55811","0.00410","0.00033","35.30318"
"24.20000","0.83264","1,670.29236","0.00412","0.00033","35.40353"
"24.30000","0.83608","1,674.96802","0.00412","0.00029","35.50263"
"24.40000","0.83944","1,681.39270","0.00410","0.00029","35.63881"
"24.50000","0.84281","1,687.23181","0.00411","0.00026","35.76258"
"24.60000","0.84610","1,691.73779","0.00416","0.00005","35.85809"
"24.70000","0.84953","1,698.08826","0.00418","-0.00046","35.99269"
"24.80000","0.85290","1,703.59460","0.00419","-0.00060","36.10940"
"24.90000","0.85596","1,708.81091","0.00419","-0.00053","36.21997"
"25.00000","0.85940","1,713.67957","0.00420","-0.00058","36.32316"
"25.10000","0.86284","1,719.21509","0.00420","-0.00056","36.44049"
"25.20000","0.86598","1,724.70007","0.00427","-0.00053","36.55675"
"25.30000","0.86956","1,729.64709","0.00429","-0.00056","36.66161"
"25.40000","0.87293","1,735.87207","0.00433","-0.00055","36.79356"
"25.50000","0.87599","1,739.94373","0.00433","-0.00054","36.87986"
"25.60000","0.87943","1,746.03479","0.00436","-0.00050","37.00896"
"25.70000","0.88279","1,751.50562","0.00438","-0.00045","37.12492"
"25.80000","0.88608","1,756.52209","0.00440","-0.00037","37.23125"
"25.90000","0.88944","1,762.20813","0.00440","-0.00028","37.35177"
"26.00000","0.89281","1,766.83386","0.00439","0.00001","37.44982"
"26.10000","0.89624","1,773.02234","0.00448","-0.00005","37.58099"
"26.20000","0.89946","1,778.18555","0.00448","0.00008","37.69043"
"26.30000","0.90282","1,783.56042","0.00452","0.00008","37.80436"
"26.40000","0.90626","1,787.94763","0.00455","0.00009","37.89735"
"26.50000","0.90932","1,792.82458","0.00452","0.00009","38.00072"
"26.60000","0.91276","1,798.41895","0.00454","0.00020","38.11930"
"26.70000","0.91627","1,804.86609","0.00457","0.00025","38.25595"
"26.80000","0.91934","1,809.17419","0.00458","0.00030","38.34727"
"26.90000","0.92285","1,813.60486","0.00460","0.00032","38.44118"
"27.00000","0.92614","1,819.29602","0.00462","0.00034","38.56181"
"27.10000","0.92935","1,825.07129","0.00454","0.00046","38.68422"
"27.20000","0.93272","1,830.03381","0.00457","0.00049","38.78941"
"27.30000","0.93608","1,834.50171","0.00462","0.00043","38.88411"
"27.40000","0.93944","1,840.65125","0.00461","0.00045","39.01445"
"27.50000","0.94273","1,845.58142","0.00462","0.00038","39.11895"
"27.60000","0.94617","1,850.92615","0.00463","0.00015","39.23224"
"27.70000","0.94953","1,855.96387","0.00465","-0.00040","39.33902"
"27.80000","0.95260","1,860.16785","0.00466","-0.00038","39.42813"
"27.90000","0.95611","1,865.94165","0.00467","-0.00041","39.55051"
"28.00000","0.95947","1,871.44556","0.00469","-0.00035","39.66717"
"28.10000","0.96269","1,876.58777","0.00470","-0.00042","39.77617"
"28.20000","0.96620","1,881.75342","0.00472","-0.00047","39.88566"
"28.30000","0.96956","1,888.07422","0.00476","-0.00043","40.01963"
"28.40000","0.97270","1,892.20679","0.00477","-0.00041","40.10723"
"28.50000","0.97614","1,897.47742","0.00480","-0.00037","40.21894"
"28.60000","0.97943","1,903.26477","0.00481","-0.00028","40.34161"
"28.70000","0.98272","1,907.55225","0.00483","-0.00022","40.43249"
"28.80000","0.98608","1,913.34766","0.00485","-0.00015","40.55533"
"28.90000","0.98952","1,918.66211","0.00484","-0.00004","40.66797"
"29.00000","0.99288","1,923.73059","0.00488","0.00005","40.77541"
"29.10000","0.99602","1,928.28162","0.00491","0.00015","40.87187"
"29.20000","0.99946","1,933.43311","0.00495","0.00017","40.98106"
"29.30000","1.00274","1,939.08350","0.00495","0.00020","41.10083"
"29.40000","1.00596","1,944.25476","0.00497","0.00025","41.21043"
"29.50000","1.00947","1,949.38892","0.00498","0.00033","41.31926"
"29.60000","1.01283","1,954.38074","0.00503","0.00037","41.42506"
"29.70000","1.01612","1,959.68506","0.00501","0.00040","41.53749"
"29.80000","1.01949","1,965.61072","0.00500","0.00049","41.66310"
"29.90000","1.02285","1,970.10095","0.00503","0.00046","41.75827"
"30.00000","1.02606","1,974.89526","0.00504","0.00043","41.85989"
"30.10000","1.02935","1,979.92029","0.00504","0.00038","41.96640"
"30.20000","1.03286","1,984.80676","0.00506","0.00057","42.06998"
"30.30000","1.03615","1,990.27283","0.00510","0.00055","42.18583"
"30.40000","1.03937","1,994.62256","0.00511","0.00051","42.27803"
"30.50000","1.04280","2,000.51038","0.00512","0.00038","42.40283"
"30.60000","1.04617","2,005.01196","0.00511","-0.00011","42.49825"
"30.70000","1.04931","2,010.40527","0.00514","-0.00031","42.61256"
"30.80000","1.05282","2,015.37708","0.00514","-0.00029","42.71795"
"30.90000","1.05618","2,019.49719","0.00517","-0.00031","42.80527"
"31.00000","1.05947","2,025.49475","0.00518","-0.00033","42.93240"
"31.10000","1.06283","2,030.45361","0.00519","-0.00037","43.03751"
"31.20000","1.06627","2,035.38818","0.00522","-0.00032","43.14210"
"31.30000","1.06941","2,040.06494","0.00522","-0.00034","43.24123"
"31.40000","1.07270","2,045.02478","0.00524","-0.00026","43.34636"
"31.50000","1.07614","2,050.14014","0.00527","-0.00022","43.45478"
"31.60000","1.07942","2,054.74780","0.00527","-0.00017","43.55245"
"31.70000","1.08271","2,059.73145","0.00531","-0.00019","43.65808"
"31.80000","1.08623","2,065.46753","0.00533","-0.00014","43.77966"
"31.90000","1.08951","2,070.18506","0.00537","0.00016","43.87965"
"32.00000","1.09273","2,074.58936","0.00539","0.00022","43.97301"
"32.10000","1.09609","2,080.07080","0.00538","0.00019","44.08919"
"32.20000","1.09945","2,085.28125","0.00543","0.00024","44.19963"
"32.30000","1.10267","2,089.17139","0.00546","0.00019","44.28209"
"32.40000","1.10611","2,095.21460","0.00545","0.00028","44.41018"
"32.50000","1.10962","2,100.41992","0.00548","0.00030","44.52051"
"32.60000","1.11276","2,104.95679","0.00551","0.00037","44.61668"
"32.70000","1.11612","2,109.89014","0.00550","0.00041","44.72124"
"32.80000","1.11948","2,114.64478","0.00549","0.00046","44.82202"
"32.90000","1.12270","2,119.80029","0.00551","0.00045","44.93130"
"33.00000","1.12606","2,124.80103","0.00553","0.00036","45.03730"
"33.10000","1.12950","2,129.41748","0.00556","0.00045","45.13515"
"33.20000","1.13286","2,134.48657","0.00558","0.00048","45.24259"
"33.30000","1.13615","2,139.80298","0.00556","0.00054","45.35528"
"33.40000","1.13951","2,144.79004","0.00557","0.00055","45.46098"
"33.50000","1.14288","2,149.07690","0.00560","0.00046","45.55185"
"33.60000","1.14594","2,153.57544","0.00562","0.00020","45.64720"
"33.70000","1.14938","2,158.72852","0.00564","-0.00016","45.75642"
"33.80000","1.15289","2,163.66992","0.00566","-0.00031","45.86116"
"33.90000","1.15603","2,167.60962","0.00567","-0.00035","45.94467"
"34.00000","1.15954","2,173.68726","0.00568","-0.00030","46.07349"
"34.10000","1.16291","2,178.92017","0.00570","-0.00030","46.18441"
"34.20000","1.16597","2,183.18408","0.00573","-0.00037","46.27478"
"34.30000","1.16941","2,188.40894","0.00574","-0.00039","46.38553"
"34.40000","1.17277","2,193.51587","0.00574","-0.00027","46.49377"
"34.50000","1.17613","2,197.55957","0.00576","-0.00026","46.57949"
"34.60000","1.17942","2,202.38892","0.00581","-0.00025","46.68185"
"34.70000","1.18286","2,207.73022","0.00584","-0.00018","46.79506"
"34.80000","1.18622","2,213.00073","0.00586","-0.00017","46.90678"
"34.90000","1.18929","2,217.78564","0.00586","-0.00006","47.00820"
"35.00000","1.19273","2,221.72876","0.00587","0.00014","47.09177"
"35.10000","1.19616","2,227.24658","0.00591","0.00015","47.20873"
"35.20000","1.19930","2,232.50195","0.00594","0.00010","47.32013"
"35.30000","1.20289","2,236.56689","0.00595","0.00018","47.40628"
"35.40000","1.20625","2,241.46509","0.00597","0.00017","47.51011"
"35.50000","1.20932","2,245.24658","0.00597","0.00026","47.59026"
"35.60000","1.21283","2,250.80469","0.00598","0.00029","47.70807"
"35.70000","1.21612","2,254.96777","0.00601","0.00029","47.79631"
"35.80000","1.21941","2,260.05542","0.00600","0.00033","47.90415"
"35.90000","1.22277","2,264.49268","0.00603","0.00041","47.99820"
"36.00000","1.22613","2,269.96216","0.00605","0.00047","48.11413"
"36.10000","1.22950","2,275.23560","0.00607","0.00051","48.22591"
"36.20000","1.23271","2,278.49438","0.00607","0.00050","48.29498"
"36.30000","1.23607","2,283.24829","0.00607","0.00039","48.39574"
"36.40000","1.23951","2,288.91138","0.00609","0.00048","48.51578"
"36.50000","1.24265","2,292.59497","0.00612","0.00033","48.59386"
"36.60000","1.24616","2,298.52637","0.00613","0.00002","48.71958"
"36.70000","1.24960","2,303.29785","0.00615","-0.00021","48.82071"
"36.80000","1.25274","2,307.39014","0.00616","-0.00036","48.90746"
"36.90000","1.25625","2,312.49414","0.00620","-0.00041","49.01564"
"37.00000","1.25954","2,316.59302","0.00621","-0.00043","49.10252"
"37.10000","1.26275","2,321.43188","0.00623","-0.00040","49.20508"
"37.20000","1.26612","2,326.39380","0.00628","-0.00043","49.31026"
"37.30000","1.26941","2,330.68408","0.00629","-0.00033","49.40119"
"37.40000","1.27277","2,335.49756","0.00631","-0.00036","49.50322"
"37.50000","1.27606","2,339.80835","0.00632","-0.00035","49.59459"
"37.60000","1.27950","2,344.26270","0.00631","-0.00028","49.68901"
"37.70000","1.28286","2,349.65674","0.00634","-0.00029","49.80334"
"37.80000","1.28600","2,354.18286","0.00637","-0.00016","49.89927"
"37.90000","1.28944","2,358.84302","0.00639","-0.00017","49.99805"
"38.00000","1.29280","2,364.04932","0.00643","0.00020","50.10840"
"38.10000","1.29601","2,367.50903","0.00643","0.00015","50.18174"
"38.20000","1.29953","2,373.45239","0.00645","0.00014","50.30771"
"38.30000","1.30289","2,377.66772","0.00646","0.00013","50.39706"
"38.40000","1.30610","2,382.32593","0.00645","0.00017","50.49579"
"38.50000","1.30939","2,386.64233","0.00650","0.00024","50.58728"
"38.60000","1.31275","2,390.67480","0.00651","0.00029","50.67276"
"38.70000","1.31612","2,396.11987","0.00652","0.00033","50.78817"
"38.80000","1.31933","2,399.84961","0.00654","0.00045","50.86723"
"38.90000","1.32284","2,404.61646","0.00656","0.00047","50.96827"
"39.00000","1.32621","2,410.17407","0.00658","0.00057","51.08606"
"39.10000","1.32935","2,414.04297","0.00657","0.00051","51.16807"
"39.20000","1.33278","2,419.35767","0.00660","0.00050","51.28072"
"39.30000","1.33622","2,423.62549","0.00661","0.00047","51.37118"
"39.40000","1.33936","2,427.62695","0.00664","0.00042","51.45599"
"39.50000","1.34280","2,431.75366","0.00666","0.00016","51.54346"
"39.60000","1.34616","2,436.46533","0.00666","-0.00010","51.64333"
"39.70000","1.34945","2,442.92334","0.00670","-0.00033","51.78022"
"39.80000","1.35281","2,445.69360","0.00671","-0.00039","51.83894"
"39.90000","1.35618","2,449.95483","0.00672","-0.00037","51.92926"
"40.00000","1.35946","2,455.07544","0.00674","-0.00041","52.03779"
"40.10000","1.36268","2,458.96851","0.00676","-0.00042","52.12031"
"40.20000","1.36612","2,463.91382","0.00678","-0.00040","52.22513"
"40.30000","1.36948","2,468.73438","0.00680","-0.00033","52.32731"
"40.40000","1.37269","2,472.47412","0.00681","-0.00025","52.40657"
"40.50000","1.37620","2,477.56909","0.00683","-0.00027","52.51457"
"40.60000","1.37949","2,482.73242","0.00686","-0.00022","52.62401"
"40.70000","1.38271","2,486.99756","0.00686","-0.00022","52.71442"
"40.80000","1.38607","2,491.12646","0.00690","-0.00018","52.80193"
"40.90000","1.38951","2,495.79932","0.00687","-0.00014","52.90098"
"41.00000","1.39272","2,500.00781","0.00687","0.00008","52.99018"
"41.10000","1.39616","2,504.45337","0.00689","0.00016","53.08441"
"41.20000","1.39960","2,509.53174","0.00689","0.00022","53.19205"
"41.30000","1.40274","2,513.69214","0.00691","0.00031","53.28023"
"41.40000","1.40603","2,517.75220","0.00693","0.00034","53.36629"
"41.50000","1.40946","2,523.19702","0.00695","0.00043","53.48170"
"41.60000","1.41275","2,526.84912","0.00697","0.00043","53.55911"
"41.70000","1.41604","2,530.60571","0.00700","0.00041","53.63873"
"41.80000","1.41955","2,535.36426","0.00702","0.00046","53.73960"
"41.90000","1.42284","2,540.13892","0.00704","0.00052","53.84080"
"42.00000","1.42605","2,544.50244","0.00706","0.00059","53.93329"
"42.10000","1.42942","2,548.61255","0.00709","0.00051","54.02040"
"42.20000","1.43278","2,552.59521","0.00711","0.00055","54.10482"
"42.30000","1.43607","2,556.88525","0.00712","0.00055","54.19576"
"42.40000","1.43943","2,561.89355","0.00715","0.00050","54.30191"
"42.50000","1.44287","2,567.17529","0.00717","0.00026","54.41386"
"42.60000","1.44608","2,570.28662","0.00718","-0.00014","54.47981"
"42.70000","1.44945","2,574.94385","0.00718","-0.00029","54.57853"
"42.80000","1.45281","2,579.24658","0.00721","-0.00028","54.66973"
"42.90000","1.45602","2,583.99438","0.00722","-0.00033","54.77036"
"43.00000","1.45939","2,587.86108","0.00726","-0.00030","54.85232"
"43.10000","1.46283","2,592.40796","0.00724","-0.00029","54.94869"
"43.20000","1.46611","2,597.31372","0.00727","-0.00028","55.05268"
"43.30000","1.46948","2,601.76514","0.00730","-0.00026","55.14703"
"43.40000","1.47284","2,606.15259","0.00730","-0.00016","55.24002"
"43.50000","1.47620","2,610.70728","0.00729","-0.00017","55.33657"
"43.60000","1.47927","2,613.61011","0.00732","-0.00015","55.39809"
"43.70000","1.48278","2,618.47949","0.00733","-0.00011","55.50131"
"43.80000","1.48622","2,622.89941","0.00736","-0.00010","55.59499"
"43.90000","1.48936","2,627.82666","0.00732","-0.00003","55.69943"
"44.00000","1.49287","2,631.36841","0.00734","0.00000","55.77450"
"44.10000","1.49623","2,636.05664","0.00735","0.00013","55.87387"
"44.20000","1.49937","2,640.33301","0.00741","0.00023","55.96452"
"44.30000","1.50281","2,644.46484","0.00738","0.00030","56.05209"
"44.40000","1.50610","2,648.93506","0.00742","0.00035","56.14684"
"44.50000","1.50946","2,653.13452","0.00744","0.00040","56.23586"
"44.60000","1.51275","2,657.26123","0.00745","0.00042","56.32333"
"44.70000","1.51611","2,661.36938","0.00748","0.00044","56.41040"
"44.80000","1.51955","2,666.19092","0.00748","0.00044","56.51260"
"44.90000","1.52269","2,669.39453","0.00752","0.00043","56.58050"
"45.00000","1.52613","2,673.52734","0.00752","0.00054","56.66810"
"45.10000","1.52949","2,678.36011","0.00754","0.00053","56.77054"
"45.20000","1.53263","2,681.41431","0.00755","0.00059","56.83527"
"45.30000","1.53614","2,686.81714","0.00757","0.00055","56.94979"
"45.40000","1.53958","2,690.90430","0.00759","0.00042","57.03642"
"45.50000","1.54272","2,695.28027","0.00761","0.00033","57.12918"
"45.60000","1.54616","2,699.22974","0.00763","0.00018","57.21289"
"45.70000","1.54945","2,703.83276","0.00767","-0.00016","57.31046"
"45.80000","1.55273","2,707.23486","0.00767","-0.00029","57.38256"
"45.90000","1.55610","2,712.62085","0.00771","-0.00032","57.49673"
"46.00000","1.55946","2,716.88867","0.00773","-0.00034","57.58719"
"46.10000","1.56290","2,720.57104","0.00774","-0.00032","57.66524"
"46.20000","1.56604","2,724.47290","0.00774","-0.00033","57.74794"
"46.30000","1.56947","2,728.29614","0.00775","-0.00029","57.82898"
"46.40000","1.57284","2,733.19678","0.00778","-0.00033","57.93285"
"46.50000","1.57598","2,737.18384","0.00777","-0.00028","58.01736"
"46.60000","1.57941","2,740.98486","0.00780","-0.00026","58.09793"
"46.70000","1.58285","2,745.19629","0.00778","-0.00020","58.18719"
"46.80000","1.58607","2,749.45605","0.00782","-0.00015","58.27748"
"46.90000","1.58958","2,753.20483","0.00782","-0.00013","58.35695"
"47.00000","1.59287","2,757.03467","0.00785","-0.00011","58.43812"
"47.10000","1.59608","2,761.50171","0.00784","0.00006","58.53281"
"47.20000","1.59937","2,766.34741","0.00787","0.00014","58.63552"
"47.30000","1.60273","2,769.68408","0.00787","0.00019","58.70624"
"47.40000","1.60617","2,774.52148","0.00788","0.00028","58.80877"
"47.50000","1.60931","2,778.02539","0.00791","0.00035","58.88304"
"47.60000","1.61282","2,781.88843","0.00795","0.00034","58.96492"
"47.70000","1.61626","2,787.34375","0.00795","0.00031","59.08055"
"47.80000","1.61932","2,791.12280","0.00799","0.00029","59.16066"
"47.90000","1.62284","2,794.70557","0.00799","0.00032","59.23660"
"48.00000","1.62620","2,799.19385","0.00801","0.00031","59.33173"
"48.10000","1.62941","2,803.62769","0.00802","0.00034","59.42571"
"48.20000","1.63285","2,806.96899","0.00806","0.00041","59.49653"
"48.30000","1.63621","2,812.02954","0.00810","0.00040","59.60379"
"48.40000","1.63943","2,815.17310","0.00813","0.00045","59.67043"
"48.50000","1.64272","2,820.05371","0.00813","0.00038","59.77388"
"48.60000","1.64608","2,823.79688","0.00815","0.00009","59.85321"
"48.70000","1.64944","2,828.54248","0.00817","-0.00016","59.95380"
"48.80000","1.65266","2,831.81689","0.00819","-0.00022","60.02321"
"48.90000","1.65617","2,835.81616","0.00821","-0.00036","60.10798"
"49.00000","1.65953","2,840.84009","0.00823","-0.00038","60.21446"
"49.10000","1.66267","2,843.70435","0.00828","-0.00040","60.27517"
"49.20000","1.66611","2,848.15796","0.00827","-0.00031","60.36957"
"49.30000","1.66947","2,852.39917","0.00830","-0.00037","60.45947"
"49.40000","1.67269","2,855.29810","0.00830","-0.00039","60.52092"
"49.50000","1.67612","2,860.29541","0.00832","-0.00034","60.62684"
"49.60000","1.67956","2,864.20630","0.00832","-0.00030","60.70973"
"49.70000","1.68278","2,868.11279","0.00833","-0.00024","60.79253"
"49.80000","1.68614","2,871.75269","0.00834","-0.00022","60.86969"
"49.90000","1.68950","2,876.53027","0.00835","-0.00020","60.97095"
"50.00000","1.69279","2,880.31763","0.00836","-0.00011","61.05123"
"50.10000","1.69600","2,884.16211","0.00838","-0.00007","61.13272"
"50.20000","1.69944","2,887.91235","0.00841","-0.00001","61.21221"
"50.30000","1.70281","2,893.13477","0.00841","0.00003","61.32290"
"50.40000","1.70609","2,895.84497","0.00841","0.00016","61.38035"
"50.50000","1.70953","2,900.27417","0.00847","0.00017","61.47423"
"50.60000","1.71282","2,904.29517","0.00847","0.00025","61.55946"
"50.70000","1.71603","2,907.78809","0.00848","0.00021","61.63349"
"50.80000","1.71940","2,911.88501","0.00850","0.00014","61.72033"
"50.90000","1.72283","2,915.87231","0.00851","0.00021","61.80485"
"51.00000","1.72605","2,920.39893","0.00854","0.00022","61.90079"
"51.10000","1.72941","2,924.32910","0.00857","0.00029","61.98410"
"51.20000","1.73292","2,928.32617","0.00860","0.00039","62.06882"
"51.30000","1.73606","2,931.70239","0.00863","0.00034","62.14038"
"51.40000","1.73935","2,936.23682","0.00866","0.00031","62.23649"
"51.50000","1.74279","2,940.29517","0.00868","0.00016","62.32251"
"51.60000","1.74608","2,944.82422","0.00869","0.00014","62.41851"
"51.70000","1.74937","2,947.53076","0.00870","-0.00004","62.47588"
"51.80000","1.75280","2,952.66406","0.00873","-0.00045","62.58469"
"51.90000","1.75617","2,955.79834","0.00873","-0.00048","62.65112"
"52.00000","1.75938","2,959.80396","0.00874","-0.00046","62.73602"
"52.10000","1.76282","2,964.02319","0.00878","-0.00053","62.82545"
"52.20000","1.76618","2,967.85449","0.00876","-0.00043","62.90666"
"52.30000","1.76932","2,971.69360","0.00878","-0.00049","62.98803"
"52.40000","1.77276","2,975.33130","0.00881","-0.00041","63.06514"
"52.50000","1.77627","2,979.64526","0.00880","-0.00042","63.15658"
"52.60000","1.77941","2,983.11133","0.00882","-0.00041","63.23005"
"52.70000","1.78285","2,987.95801","0.00883","-0.00031","63.33278"
"52.80000","1.78621","2,991.57593","0.00882","-0.00027","63.40946"
"52.90000","1.78935","2,995.19873","0.00885","-0.00029","63.48625"
"53.00000","1.79271","2,998.66870","0.00889","-0.00024","63.55980"
"53.10000","1.79615","3,003.01221","0.00890","-0.00021","63.65186"
"53.20000","1.79951","3,007.46289","0.00891","-0.00002","63.74620"
"53.30000","1.80273","3,010.60596","0.00893","-0.00004","63.81282"
"53.40000","1.80617","3,014.19604","0.00894","0.00004","63.88892"
"53.50000","1.80953","3,018.75977","0.00895","0.00012","63.98565"
"53.60000","1.81267","3,021.91846","0.00898","0.00008","64.05260"
"53.70000","1.81611","3,026.14355","0.00897","0.00011","64.14216"
"53.80000","1.81954","3,029.40039","0.00901","0.00009","64.21119"
"53.90000","1.82268","3,033.41797","0.00904","0.00018","64.29635"
"54.00000","1.82612","3,037.87427","0.00905","0.00035","64.39080"
"54.10000","1.82956","3,041.89014","0.00909","0.00032","64.47592"
"54.20000","1.83277","3,044.37256","0.00910","0.00026","64.52854"
"54.30000","1.83606","3,048.42456","0.00912","0.00032","64.61443"
"54.40000","1.83942","3,053.39087","0.00914","0.00025","64.71969"
"54.50000","1.84279","3,056.63550","0.00917","0.00009","64.78847"
"54.60000","1.84608","3,060.55127","0.00920","-0.00015","64.87146"
"54.70000","1.84944","3,063.41138","0.00920","-0.00044","64.93208"
"54.80000","1.85288","3,068.53271","0.00925","-0.00054","65.04063"
"54.90000","1.85609","3,072.13794","0.00924","-0.00049","65.11705"
"55.00000","1.85945","3,075.14624","0.00926","-0.00061","65.18082"
"55.10000","1.86282","3,079.70557","0.00925","-0.00051","65.27746"
"55.20000","1.86596","3,082.61890","0.00926","-0.00057","65.33921"
"55.30000","1.86947","3,086.58569","0.00927","-0.00055","65.42329"
"55.40000","1.87291","3,090.67334","0.00929","-0.00049","65.50993"
"55.50000","1.87605","3,095.00513","0.00930","-0.00050","65.60175"
"55.60000","1.87948","3,098.14380","0.00932","-0.00043","65.66827"
"55.70000","1.88277","3,101.25415","0.00935","-0.00040","65.73420"
"55.80000","1.88606","3,106.06396","0.00933","-0.00029","65.83615"
"55.90000","1.88935","3,109.71240","0.00936","-0.00028","65.91348"
"56.00000","1.89271","3,113.52026","0.00938","-0.00029","65.99419"
"56.10000","1.89622","3,117.85889","0.00938","-0.00022","66.08616"
"56.20000","1.89936","3,122.21729","0.00941","-0.00021","66.17854"
"56.30000","1.90280","3,124.96118","0.00942","0.00002","66.23669"
"56.40000","1.90624","3,129.74756","0.00943","0.00007","66.33815"
"56.50000","1.90930","3,132.28735","0.00945","0.00012","66.39198"
"56.60000","1.91282","3,137.07593","0.00948","0.00019","66.49348"
"56.70000","1.91618","3,141.02954","0.00948","0.00018","66.57728"
"56.80000","1.91947","3,144.60059","0.00950","0.00017","66.65297"
"56.90000","1.92283","3,147.91919","0.00952","0.00034","66.72331"
"57.00000","1.92619","3,151.41602","0.00954","0.00030","66.79743"
"57.10000","1.92948","3,155.87451","0.00955","0.00037","66.89194"
"57.20000","1.93270","3,159.12402","0.00959","0.00032","66.96081"
"57.30000","1.93606","3,163.02173","0.00960","0.00036","67.04343"
"57.40000","1.93950","3,166.91431","0.00962","0.00029","67.12593"
"57.50000","1.94271","3,170.02271","0.00963","-0.00003","67.19182"
"57.60000","1.94615","3,174.35083","0.00966","-0.00021","67.28356"
"57.70000","1.94959","3,179.55273","0.00965","-0.00053","67.39382"
"57.80000","1.95265","3,181.19409","0.00966","-0.00050","67.42861"
"57.90000","1.95609","3,185.59741","0.00970","-0.00046","67.52194"
"58.00000","1.95945","3,189.24146","0.00970","-0.00047","67.59918"
"58.10000","1.96267","3,192.59351","0.00971","-0.00043","67.67023"
"58.20000","1.96618","3,196.45850","0.00973","-0.00046","67.75215"
"58.30000","1.96954","3,200.36157","0.00976","-0.00046","67.83488"
"58.40000","1.97283","3,204.80884","0.00976","-0.00042","67.92915"
"58.50000","1.97612","3,207.68213","0.00978","-0.00031","67.99005"
"58.60000","1.97948","3,212.52563","0.00979","-0.00031","68.09271"
"58.70000","1.98277","3,216.04395","0.00981","-0.00035","68.16729"
"58.80000","1.98598","3,219.03442","0.00982","-0.00022","68.23067"
"58.90000","1.98957","3,222.74609","0.00986","-0.00021","68.30934"
"59.00000","1.99286","3,227.00073","0.00988","-0.00019","68.39953"
"59.10000","1.99607","3,230.17676","0.00991","-0.00014","68.46684"
"59.20000","1.99951","3,234.92139","0.00989","-0.00012","68.56741"
"59.30000","2.00287","3,238.69629","0.00991","0.00004","68.64742"
"59.40000","2.00601","3,241.64893","0.00993","0.00014","68.71001"
"59.50000","2.00945","3,245.80591","0.00995","0.00021","68.79812"
"59.60000","2.01281","3,249.34424","0.00995","0.00024","68.87312"
"59.70000","2.01610","3,252.69897","0.00996","0.00019","68.94423"
"59.80000","2.01947","3,257.26758","0.01002","0.00021","69.04106"
"59.90000","2.02290","3,260.22583","0.01002","0.00018","69.10377"
"60.00000","2.02604","3,264.12646","0.01001","0.00029","69.18645"
"60.10000","2.02933","3,267.37549","0.01001","0.00036","69.25531"
"60.20000","2.03284","3,271.67627","0.01005","0.00037","69.34647"
"60.30000","2.03613","3,276.67358","0.01008","0.00034","69.45239"
"60.40000","2.03942","3,279.50220","0.01007","0.00034","69.51234"
"60.50000","2.04286","3,284.07324","0.01008","0.00020","69.60924"
"60.60000","2.04622","3,286.70581","0.01010","-0.00023","69.66504"
"60.70000","2.04936","3,290.25659","0.01014","-0.00015","69.74030"
"60.80000","2.05280","3,292.97070","0.01014","-0.00048","69.79783"
"60.90000","2.05616","3,297.39307","0.01016","-0.00046","69.89156"
"61.00000","2.05938","3,300.70679","0.01019","-0.00049","69.96180"
"61.10000","2.06281","3,304.92603","0.01019","-0.00043","70.05123"
"61.20000","2.06625","3,309.39746","0.01021","-0.00045","70.14601"
"61.30000","2.06946","3,312.87451","0.01023","-0.00040","70.21970"
"61.40000","2.07275","3,315.44385","0.01023","-0.00039","70.27417"
"61.50000","2.07612","3,319.68994","0.01028","-0.00030","70.36417"
"61.60000","2.07940","3,323.44800","0.01029","-0.00033","70.44382"
"61.70000","2.08269","3,327.06128","0.01029","-0.00030","70.52041"
"61.80000","2.08613","3,331.43921","0.01031","-0.00025","70.61320"
"61.90000","2.08949","3,334.99585","0.01033","-0.00021","70.68859"
"62.00000","2.09278","3,338.36426","0.01033","-0.00021","70.75999"
"62.10000","2.09615","3,342.03052","0.01033","-0.00014","70.83770"
"62.20000","2.09951","3,346.18457","0.01037","-0.00010","70.92575"
"62.30000","2.10265","3,349.09009","0.01040","0.00013","70.98734"
"62.40000","2.10609","3,353.21021","0.01039","0.00022","71.07466"
"62.50000","2.10952","3,357.20581","0.01041","0.00019","71.15936"
"62.60000","2.11274","3,360.19019","0.01041","0.00011","71.22261"
"62.70000","2.11618","3,363.29370","0.01045","0.00015","71.28839"
"62.80000","2.11954","3,367.67285","0.01046","0.00019","71.38121"
"62.90000","2.12275","3,371.26099","0.01044","0.00018","71.45727"
"63.00000","2.12604","3,374.98682","0.01046","0.00015","71.53624"
"63.10000","2.12948","3,378.93042","0.01050","0.00016","71.61983"
"63.20000","2.13277","3,381.12598","0.01051","0.00026","71.66637"
"63.30000","2.13606","3,385.39307","0.01050","0.00032","71.75681"
"63.40000","2.13942","3,389.71094","0.01052","0.00024","71.84834"
"63.50000","2.14293","3,393.10181","0.01054","0.00002","71.92020"
"63.60000","2.14600","3,396.46069","0.01054","0.00001","71.99140"
"63.70000","2.14943","3,399.25244","0.01056","-0.00037","72.05058"
"63.80000","2.15287","3,403.63672","0.01056","-0.00049","72.14350"
"63.90000","2.15608","3,407.12622","0.01062","-0.00052","72.21747"
"64.00000","2.15952","3,411.10034","0.01062","-0.00048","72.30170"
"64.10000","2.16289","3,414.35010","0.01063","-0.00055","72.37058"
"64.20000","2.16610","3,418.01392","0.01063","-0.00051","72.44824"
"64.30000","2.16946","3,421.64380","0.01065","-0.00050","72.52518"
"64.40000","2.17268","3,425.89502","0.01067","-0.00047","72.61529"
"64.50000","2.17604","3,428.42114","0.01070","-0.00041","72.66883"
"64.60000","2.17933","3,432.17700","0.01072","-0.00038","72.74844"
"64.70000","2.18277","3,436.30615","0.01075","-0.00037","72.83597"
"64.80000","2.18628","3,440.57935","0.01076","-0.00032","72.92654"
"64.90000","2.18934","3,443.01318","0.01080","-0.00035","72.97813"
"65.00000","2.19278","3,446.76636","0.01080","-0.00030","73.05768"
"65.10000","2.19622","3,451.13916","0.01081","-0.00022","73.15037"
"65.20000","2.19928","3,454.11743","0.01083","-0.00019","73.21349"
"65.30000","2.20287","3,457.47314","0.01086","0.00002","73.28462"
"65.40000","2.20616","3,462.12646","0.01087","0.00006","73.38326"
"65.50000","2.20945","3,464.72119","0.01091","0.00012","73.43825"
"65.60000","2.21288","3,468.71362","0.01088","0.00014","73.52287"
"65.70000","2.21617","3,472.09082","0.01091","0.00007","73.59446"
"65.80000","2.21946","3,475.65820","0.01094","0.00008","73.67007"
"65.90000","2.22268","3,479.21924","0.01095","0.00006","73.74555"
"66.00000","2.22604","3,483.08276","0.01096","0.00007","73.82745"
"66.10000","2.22955","3,487.25806","0.01094","0.00012","73.91594"
"66.20000","2.23269","3,490.45288","0.01095","0.00020","73.98366"
"66.30000","2.23613","3,494.33716","0.01095","0.00024","74.06599"
"66.40000","2.23957","3,498.23096","0.01100","0.00025","74.14852"
"66.50000","2.24263","3,500.82324","0.01099","0.00008","74.20347"
"66.60000","2.24614","3,505.11084","0.01100","-0.00004","74.29435"
"66.70000","2.24951","3,508.60547","0.01102","-0.00020","74.36842"
"66.80000","2.25272","3,512.13965","0.01104","-0.00059","74.44333"
"66.90000","2.25623","3,515.31177","0.01106","-0.00056","74.51057"
"67.00000","2.25952","3,519.82520","0.01108","-0.00056","74.60623"
"67.10000","2.26281","3,523.41577","0.01110","-0.00052","74.68234"
"67.20000","2.26602","3,525.88843","0.01112","-0.00054","74.73475"
"67.30000","2.26946","3,529.68091","0.01113","-0.00052","74.81514"
"67.40000","2.27290","3,534.03564","0.01116","-0.00048","74.90744"
"67.50000","2.27604","3,537.44189","0.01116","-0.00046","74.97964"
"67.60000","2.27948","3,540.53125","0.01118","-0.00046","75.04512"
"67.70000","2.28291","3,544.69458","0.01120","-0.00041","75.13337"
"67.80000","2.28598","3,547.35107","0.01124","-0.00046","75.18967"
"67.90000","2.28949","3,552.54199","0.01127","-0.00037","75.29970"
"68.00000","2.29285","3,554.92944","0.01130","-0.00032","75.35030"
"68.10000","2.29599","3,557.88354","0.01132","-0.00037","75.41292"
"68.20000","2.29943","3,562.26367","0.01131","-0.00031","75.50576"
"68.30000","2.30287","3,565.32373","0.01138","-0.00014","75.57063"
"68.40000","2.30616","3,569.77368","0.01137","0.00005","75.66495"
"68.50000","2.30944","3,572.39624","0.01139","-0.00004","75.72054"
"68.60000","2.31281","3,575.97021","0.01140","-0.00004","75.79629"
"68.70000","2.31610","3,580.15405","0.01142","-0.00005","75.88496"
"68.80000","2.31931","3,582.78931","0.01145","0.00001","75.94083"
"68.90000","2.32282","3,587.05664","0.01142","0.00003","76.03127"
"69.00000","2.32619","3,590.18555","0.01144","0.00008","76.09760"
"69.10000","2.32940","3,594.09961","0.01147","-0.00004","76.18056"
"69.20000","2.33291","3,598.42920","0.01146","0.00004","76.27232"
"69.30000","2.33620","3,601.89087","0.01148","0.00019","76.34570"
"69.40000","2.33934","3,604.76221","0.01147","0.00005","76.40656"
"69.50000","2.34278","3,608.98975","0.01149","0.00014","76.49617"
"69.60000","2.34622","3,611.62793","0.01149","-0.00018","76.55209"
"69.70000","2.34943","3,615.81445","0.01157","-0.00032","76.64082"
"69.80000","2.35279","3,619.19507","0.01154","-0.00052","76.71248"
"69.90000","2.35623","3,622.51172","0.01154","-0.00056","76.78278"
"70.00000","2.35944","3,626.91919","0.01155","-0.00066","76.87620"
"70.10000","2.36266","3,629.39160","0.01158","-0.00065","76.92860"
"70.20000","2.36617","3,633.64331","0.01160","-0.00063","77.01872"
"70.30000","2.36946","3,637.05225","0.01163","-0.00066","77.09098"
"70.40000","2.37267","3,639.61841","0.01165","-0.00061","77.14537"
"70.50000","2.37618","3,644.56812","0.01164","-0.00058","77.25029"
"70.60000","2.37955","3,648.53662","0.01166","-0.00059","77.33440"
"70.70000","2.38269","3,650.72534","0.01171","-0.00051","77.38080"
"70.80000","2.38605","3,654.43970","0.01177","-0.00051","77.45953"
"70.90000","2.38941","3,657.18188","0.01176","-0.00047","77.51765"
"71.00000","2.39270","3,661.23926","0.01179","-0.00042","77.60365"
"71.10000","2.39614","3,664.99194","0.01180","-0.00042","77.68319"
"71.20000","2.39958","3,668.63428","0.01182","-0.00041","77.76039"
"71.30000","2.40279","3,671.62964","0.01182","-0.00039","77.82388"
"71.40000","2.40608","3,674.86377","0.01185","-0.00021","77.89243"
"71.50000","2.40944","3,678.26196","0.01187","-0.00013","77.96446"
"71.60000","2.41273","3,681.73828","0.01187","-0.00015","78.03815"
"71.70000","2.41602","3,684.98071","0.01189","-0.00009","78.10687"
"71.80000","2.41946","3,689.62988","0.01192","-0.00011","78.20541"
"71.90000","2.42290","3,692.44995","0.01191","-0.00011","78.26519"
"72.00000","2.42611","3,696.03442","0.01191","0.00002","78.34116"
"72.10000","2.42947","3,699.99048","0.01192","0.00007","78.42502"
"72.20000","2.43284","3,703.13867","0.01194","0.00004","78.49175"
"72.30000","2.43605","3,706.44849","0.01196","0.00008","78.56190"
"72.40000","2.43941","3,709.99414","0.01197","0.00008","78.63705"
"72.50000","2.44285","3,714.08008","0.01198","-0.00009","78.72366"
"72.60000","2.44606","3,716.92358","0.01198","-0.00011","78.78394"
"72.70000","2.44943","3,720.10254","0.01200","-0.00040","78.85132"
"72.80000","2.45286","3,724.05884","0.01203","-0.00050","78.93517"
"72.90000","2.45608","3,728.04297","0.01206","-0.00075","79.01962"
"73.00000","2.45937","3,731.13647","0.01206","-0.00074","79.08519"
"73.10000","2.46273","3,735.21338","0.01209","-0.00073","79.17161"
"73.20000","2.46617","3,738.24609","0.01209","-0.00068","79.23589"
"73.30000","2.46938","3,741.37012","0.01210","-0.00067","79.30210"
"73.40000","2.47282","3,744.88086","0.01210","-0.00068","79.37652"
"73.50000","2.47626","3,749.07690","0.01215","-0.00065","79.46545"
"73.60000","2.47932","3,752.42383","0.01215","-0.00063","79.53640"
"73.70000","2.48276","3,755.33936","0.01217","-0.00057","79.59820"
"73.80000","2.48620","3,759.25122","0.01218","-0.00056","79.68111"
"73.90000","2.48934","3,762.73315","0.01223","-0.00048","79.75491"
"74.00000","2.49277","3,766.15259","0.01225","-0.00046","79.82739"
"74.10000","2.49621","3,769.22900","0.01225","-0.00043","79.89260"
"74.20000","2.49943","3,773.79688","0.01228","-0.00041","79.98942"
"74.30000","2.50279","3,776.73682","0.01227","-0.00033","80.05173"
"74.40000","2.50608","3,779.33911","0.01231","-0.00021","80.10690"
"74.50000","2.50944","3,783.99463","0.01232","-0.00013","80.20557"
"74.60000","2.51273","3,786.87231","0.01234","-0.00007","80.26657"
"74.70000","2.51609","3,790.07227","0.01237","-0.00010","80.33440"
"74.80000","2.51960","3,794.27515","0.01236","-0.00006","80.42348"
"74.90000","2.52267","3,797.15723","0.01236","-0.00008","80.48457"
"75.00000","2.52611","3,800.90283","0.01235","-0.00004","80.56396"
"75.10000","2.52954","3,804.99463","0.01238","0.00001","80.65069"
"75.20000","2.53268","3,807.81299","0.01241","0.00003","80.71043"
"75.30000","2.53612","3,811.23096","0.01240","0.00014","80.78288"
"75.40000","2.53948","3,814.91821","0.01240","0.00015","80.86103"
"75.50000","2.54277","3,818.25317","0.01245","0.00016","80.93172"
"75.60000","2.54621","3,822.21313","0.01248","-0.00011","81.01566"
"75.70000","2.54950","3,825.59302","0.01248","-0.00034","81.08730"
"75.80000","2.55279","3,829.07129","0.01252","-0.00065","81.16102"
"75.90000","2.55600","3,832.06641","0.01254","-0.00072","81.22450"
"76.00000","2.55944","3,835.59155","0.01253","-0.00067","81.29922"
"76.10000","2.56288","3,839.39746","0.01258","-0.00073","81.37989"
"76.20000","2.56602","3,842.18945","0.01257","-0.00072","81.43907"
"76.30000","2.56953","3,846.32227","0.01258","-0.00068","81.52667"
"76.40000","2.57289","3,850.00562","0.01260","-0.00070","81.60474"
"76.50000","2.57596","3,852.71118","0.01261","-0.00058","81.66209"
"76.60000","2.57947","3,856.91553","0.01262","-0.00060","81.75121"
"76.70000","2.58283","3,859.70801","0.01265","-0.00057","81.81039"
"76.80000","2.58605","3,863.49048","0.01266","-0.00053","81.89056"
"76.90000","2.58948","3,867.70190","0.01267","-0.00045","81.97984"
"77.00000","2.59285","3,870.24219","0.01271","-0.00047","82.03368"
"77.10000","2.59614","3,873.82617","0.01273","-0.00035","82.10964"
"77.20000","2.59935","3,876.45728","0.01276","-0.00035","82.16541"
"77.30000","2.60271","3,880.44263","0.01275","-0.00033","82.24989"
"77.40000","2.60615","3,883.68921","0.01277","-0.00022","82.31870"
"77.50000","2.60929","3,887.30811","0.01277","-0.00013","82.39541"
"77.60000","2.61288","3,890.71118","0.01282","-0.00005","82.46754"
"77.70000","2.61616","3,894.63013","0.01280","-0.00009","82.55061"
"77.80000","2.61938","3,897.54663","0.01281","0.00000","82.61242"
"77.90000","2.62282","3,901.36646","0.01285","0.00007","82.69339"
"78.00000","2.62618","3,904.41602","0.01286","0.00001","82.75803"
"78.10000","2.62939","3,907.61011","0.01287","0.00009","82.82573"
"78.20000","2.63276","3,910.99536","0.01289","0.00024","82.89748"
"78.30000","2.63619","3,915.25513","0.01288","0.00023","82.98777"
"78.40000","2.63948","3,918.97290","0.01291","0.00015","83.06657"
"78.50000","2.64277","3,920.83032","0.01294","0.00011","83.10594"
"78.60000","2.64621","3,925.00122","0.01295","-0.00007","83.19435"
"78.70000","2.64950","3,928.22729","0.01295","-0.00030","83.26273"
"78.80000","2.65271","3,931.64575","0.01297","-0.00047","83.33519"
"78.90000","2.65615","3,935.02051","0.01300","-0.00063","83.40672"
"79.00000","2.65951","3,938.81909","0.01302","-0.00062","83.48724"
"79.10000","2.66273","3,942.01831","0.01303","-0.00062","83.55505"
"79.20000","2.66624","3,945.83984","0.01304","-0.00063","83.63605"
"79.30000","2.66953","3,948.35742","0.01306","-0.00056","83.68941"
"79.40000","2.67267","3,951.65796","0.01307","-0.00062","83.75937"
"79.50000","2.67610","3,954.84448","0.01310","-0.00061","83.82690"
"79.60000","2.67947","3,959.17261","0.01311","-0.00051","83.91865"
"79.70000","2.68276","3,961.72266","0.01310","-0.00051","83.97269"
"79.80000","2.68612","3,965.11255","0.01314","-0.00037","84.04455"
"79.90000","2.68956","3,968.98267","0.01311","-0.00041","84.12658"
"80.00000","2.69284","3,971.85718","0.01313","-0.00032","84.18751"
"80.10000","2.69606","3,975.15942","0.01316","-0.00033","84.25750"
"80.20000","2.69950","3,978.45312","0.01316","-0.00028","84.32732"
"80.30000","2.70278","3,982.48657","0.01319","-0.00020","84.41281"
"80.40000","2.70600","3,985.80273","0.01322","-0.00017","84.48310"
"80.50000","2.70951","3,989.42944","0.01323","-0.00011","84.55997"
"80.60000","2.71287","3,992.83398","0.01324","-0.00003","84.63213"
"80.70000","2.71609","3,995.77246","0.01326","0.00004","84.69442"
"80.80000","2.71945","3,998.90283","0.01326","0.00002","84.76077"
"80.90000","2.72281","4,002.33936","0.01330","0.00003","84.83361"
"81.00000","2.72603","4,006.12500","0.01331","0.00003","84.91385"
"81.10000","2.72947","4,008.99951","0.01333","0.00003","84.97478"
"81.20000","2.73283","4,012.32715","0.01336","0.00025","85.04531"
"81.30000","2.73612","4,016.08618","0.01338","0.00022","85.12498"
"81.40000","2.73941","4,019.18042","0.01339","0.00025","85.19057"
"81.50000","2.74284","4,023.02490","0.01341","0.00018","85.27206"
"81.60000","2.74613","4,026.41260","0.01344","0.00000","85.34386"
"81.70000","2.74942","4,028.63965","0.01345","-0.00007","85.39107"
"81.80000","2.75278","4,033.73169","0.01347","-0.00038","85.49900"
"81.90000","2.75622","4,037.02100","0.01347","-0.00059","85.56872"
"82.00000","2.75944","4,039.72388","0.01348","-0.00068","85.62601"
"82.10000","2.76280","4,042.89185","0.01350","-0.00064","85.69316"
"82.20000","2.76624","4,047.12256","0.01352","-0.00066","85.78284"
"82.30000","2.76938","4,050.41992","0.01354","-0.00062","85.85272"
"82.40000","2.77274","4,053.34351","0.01355","-0.00056","85.91470"
"82.50000","2.77618","4,056.32935","0.01356","-0.00054","85.97798"
"82.60000","2.77939","4,060.55420","0.01358","-0.00054","86.06753"
"82.70000","2.78283","4,063.18335","0.01358","-0.00047","86.12326"
"82.80000","2.78627","4,067.77148","0.01358","-0.00042","86.22050"
"82.90000","2.78941","4,070.21045","0.01361","-0.00043","86.27220"
"83.00000","2.79269","4,072.80371","0.01363","-0.00040","86.32717"
"83.10000","2.79606","4,077.22925","0.01361","-0.00038","86.42097"
"83.20000","2.79949","4,080.35547","0.01365","-0.00031","86.48724"
"83.30000","2.80271","4,083.03174","0.01367","-0.00026","86.54397"
"83.40000","2.80615","4,086.40649","0.01369","-0.00017","86.61549"
"83.50000","2.80966","4,090.41528","0.01369","-0.00015","86.70047"
"83.60000","2.81272","4,093.45581","0.01371","-0.00019","86.76492"
"83.70000","2.81609","4,097.07129","0.01375","-0.00009","86.84155"
"83.80000","2.81945","4,100.39746","0.01375","-0.00003","86.91205"
"83.90000","2.82266","4,103.72754","0.01380","-0.00007","86.98264"
"84.00000","2.82610","4,106.75049","0.01383","-0.00006","87.04671"
"84.10000","2.82954","4,111.25537","0.01382","0.00002","87.14219"
"84.20000","2.83283","4,114.12402","0.01385","0.00003","87.20300"
"84.30000","2.83612","4,116.30664","0.01385","0.00006","87.24926"
"84.40000","2.83948","4,120.78125","0.01388","0.00015","87.34410"
"84.50000","2.84284","4,123.46045","0.01392","0.00013","87.40089"
"84.60000","2.84606","4,126.43359","0.01392","-0.00006","87.46391"
"84.70000","2.84942","4,130.11816","0.01395","-0.00016","87.54201"
"84.80000","2.85293","4,134.57910","0.01395","-0.00035","87.63657"
"84.90000","2.85607","4,137.05566","0.01401","-0.00052","87.68906"
"85.00000","2.85951","4,140.41357","0.01398","-0.00071","87.76023"
"85.10000","2.86295","4,144.06934","0.01403","-0.00075","87.83772"
"85.20000","2.86594","4,147.06445","0.01403","-0.00065","87.90120"
"85.30000","2.86952","4,150.29688","0.01403","-0.00067","87.96972"
"85.40000","2.87289","4,154.65234","0.01404","-0.00063","88.06203"
"85.50000","2.87610","4,157.16162","0.01406","-0.00058","88.11522"
"85.60000","2.87946","4,160.28320","0.01404","-0.00060","88.18139"
"85.70000","2.88283","4,163.78174","0.01406","-0.00050","88.25554"
"85.80000","2.88611","4,167.29004","0.01409","-0.00050","88.32990"
"85.90000","2.88933","4,171.06934","0.01410","-0.00051","88.41001"
"86.00000","2.89277","4,173.05957","0.01410","-0.00048","88.45219"
"86.10000","2.89620","4,177.23975","0.01411","-0.00045","88.54079"
"86.20000","2.89927","4,180.12793","0.01414","-0.00039","88.60201"
"86.30000","2.90286","4,183.48730","0.01414","-0.00037","88.67322"
"86.40000","2.90622","4,187.72803","0.01413","-0.00026","88.76311"
"86.50000","2.90928","4,190.01172","0.01416","-0.00027","88.81152"
"86.60000","2.91280","4,192.77051","0.01416","-0.00029","88.86999"
"86.70000","2.91616","4,196.82764","0.01420","-0.00023","88.95599"
"86.80000","2.91937","4,199.37207","0.01425","-0.00020","89.00992"
"86.90000","2.92281","4,202.68164","0.01427","-0.00017","89.08006"
"87.00000","2.92617","4,206.46484","0.01430","-0.00019","89.16026"
"87.10000","2.92954","4,210.00293","0.01433","-0.00009","89.23524"
"87.20000","2.93275","4,212.60986","0.01431","-0.00012","89.29050"
"87.30000","2.93611","4,216.48926","0.01437","-0.00009","89.37273"
"87.40000","2.93948","4,218.88135","0.01439","-0.00002","89.42343"
"87.50000","2.94262","4,222.09912","0.01439","0.00009","89.49164"
"87.60000","2.94613","4,225.52197","0.01442","-0.00005","89.56419"
"87.70000","2.94957","4,229.11328","0.01443","-0.00011","89.64031"
"87.80000","2.95263","4,232.31738","0.01445","-0.00019","89.70822"
"87.90000","2.95622","4,235.82471","0.01449","-0.00053","89.78256"
"88.00000","2.95951","4,238.18115","0.01451","-0.00068","89.83251"
"88.10000","2.96265","4,241.29150","0.01452","-0.00076","89.89844"
"88.20000","2.96608","4,245.47949","0.01452","-0.00073","89.98721"
"88.30000","2.96945","4,248.24902","0.01454","-0.00071","90.04591"
"88.40000","2.97281","4,251.59619","0.01455","-0.00078","90.11686"
"88.50000","2.97610","4,255.02197","0.01456","-0.00074","90.18947"
"88.60000","2.97954","4,258.08008","0.01458","-0.00065","90.25429"
"88.70000","2.98282","4,261.16602","0.01457","-0.00064","90.31970"
"88.80000","2.98596","4,264.42529","0.01459","-0.00065","90.38879"
"88.90000","2.98948","4,267.79102","0.01460","-0.00062","90.46012"
"89.00000","2.99284","4,271.94238","0.01460","-0.00057","90.54812"
"89.10000","2.99605","4,274.54736","0.01461","-0.00049","90.60333"
"89.20000","2.99957","4,277.41016","0.01462","-0.00047","90.66401"
"89.30000","3.00285","4,280.98193","0.01462","-0.00047","90.73972"
"89.40000","3.00607","4,283.44873","0.01467","-0.00034","90.79201"
"89.50000","3.00943","4,286.96729","0.01466","-0.00038","90.86658"
"89.60000","3.01279","4,290.04639","0.01468","-0.00037","90.93185"
"89.70000","3.01608","4,293.73633","0.01470","-0.00038","91.01006"
"89.80000","3.01945","4,295.80957","0.01470","-0.00029","91.05401"
"89.90000","3.02288","4,299.63281","0.01474","-0.00026","91.13504"
"90.00000","3.02617","4,303.47705","0.01476","-0.00022","91.21652"
"90.10000","3.02939","4,305.82080","0.01479","-0.00012","91.26620"
"90.20000","3.03275","4,308.33643","0.01482","-0.00013","91.31953"
"90.30000","3.03611","4,312.63867","0.01481","-0.00015","91.41071"
"90.40000","3.03940","4,315.57568","0.01485","-0.00015","91.47297"
"90.50000","3.04284","4,319.32373","0.01486","-0.00004","91.55241"
"90.60000","3.04620","4,322.02344","0.01490","-0.00001","91.60963"
"90.70000","3.04949","4,325.65381","0.01491","-0.00019","91.68658"
"90.80000","3.05278","4,328.79834","0.01493","-0.00027","91.75323"
"90.90000","3.05614","4,332.37500","0.01496","-0.00044","91.82905"
"91.00000","3.05935","4,334.52148","0.01497","-0.00066","91.87454"
"91.10000","3.06279","4,337.45020","0.01498","-0.00080","91.93662"
"91.20000","3.06623","4,341.43408","0.01499","-0.00079","92.02106"
"91.30000","3.06944","4,344.85938","0.01501","-0.00080","92.09367"
"91.40000","3.07273","4,347.77637","0.01501","-0.00081","92.15549"
"91.50000","3.07617","4,350.84082","0.01506","-0.00085","92.22044"
"91.60000","3.07946","4,354.77588","0.01509","-0.00078","92.30386"
"91.70000","3.08267","4,356.71045","0.01508","-0.00081","92.34486"
"91.80000","3.08611","4,360.17822","0.01507","-0.00074","92.41837"
"91.90000","3.08947","4,363.22412","0.01508","-0.00074","92.48293"
"92.00000","3.09276","4,366.95166","0.01509","-0.00062","92.56194"
"92.10000","3.09605","4,369.73291","0.01511","-0.00062","92.62089"
"92.20000","3.09956","4,373.40918","0.01511","-0.00064","92.69881"
"92.30000","3.10263","4,375.84277","0.01513","-0.00059","92.75039"
"92.40000","3.10607","4,378.97363","0.01513","-0.00054","92.81675"
"92.50000","3.10950","4,382.72559","0.01515","-0.00054","92.89628"
"92.60000","3.11272","4,385.64502","0.01518","-0.00050","92.95816"
"92.70000","3.11615","4,388.67529","0.01521","-0.00059","93.02238"
"92.80000","3.11952","4,391.38867","0.01520","-0.00062","93.07990"
"92.90000","3.12281","4,394.88281","0.01521","-0.00040","93.15396"
"93.00000","3.12609","4,398.36475","0.01523","-0.00036","93.22777"
"93.10000","3.12938","4,401.23096","0.01527","-0.00032","93.28852"
"93.20000","3.13282","4,404.84033","0.01530","-0.00033","93.36502"
"93.30000","3.13603","4,407.16504","0.01530","-0.00023","93.41430"
"93.40000","3.13947","4,410.74658","0.01536","-0.00014","93.49021"
"93.50000","3.14299","4,415.07422","0.01537","-0.00013","93.58194"
"93.60000","3.14605","4,416.77393","0.01538","-0.00023","93.61797"
"93.70000","3.14949","4,419.67188","0.01540","-0.00037","93.67939"
"93.80000","3.15285","4,423.76123","0.01543","-0.00043","93.76607"
"93.90000","3.15599","4,426.31689","0.01545","-0.00056","93.82024"
"94.00000","3.15950","4,429.27734","0.01548","-0.00090","93.88299"
"94.10000","3.16287","4,433.16895","0.01548","-0.00095","93.96548"
"94.20000","3.16615","4,435.91504","0.01549","-0.00093","94.02368"
"94.30000","3.16944","4,438.87061","0.01551","-0.00095","94.08633"
"94.40000","3.17281","4,442.78711","0.01557","-0.00095","94.16934"
"94.50000","3.17617","4,445.70068","0.01554","-0.00097","94.23109"
"94.60000","3.17931","4,447.92432","0.01556","-0.00092","94.27823"
"94.70000","3.18274","4,451.61377","0.01557","-0.00086","94.35643"
"94.80000","3.18626","4,455.48633","0.01555","-0.00086","94.43851"
"94.90000","3.18932","4,457.41357","0.01556","-0.00079","94.47936"
"95.00000","3.19291","4,460.32959","0.01561","-0.00073","94.54117"
"95.10000","3.19620","4,463.42041","0.01562","-0.00066","94.60668"
"95.20000","3.19934","4,466.36328","0.01563","-0.00070","94.66906"
"95.30000","3.20277","4,469.54443","0.01566","-0.00065","94.73649"
"95.40000","3.20614","4,472.31348","0.01565","-0.00068","94.79518"
"95.50000","3.20943","4,475.21289","0.01567","-0.00053","94.85664"
"95.60000","3.21279","4,478.36768","0.01571","-0.00052","94.92351"
"95.70000","3.21615","4,481.45020","0.01570","-0.00055","94.98885"
"95.80000","3.21952","4,484.92725","0.01571","-0.00064","95.06255"
"95.90000","3.22265","4,487.27002","0.01572","-0.00056","95.11220"
"96.00000","3.22609","4,491.17480","0.01576","-0.00038","95.19497"
"96.10000","3.22953","4,493.89697","0.01576","-0.00038","95.25266"
"96.20000","3.23267","4,496.65479","0.01580","-0.00027","95.31112"
"96.30000","3.23618","4,499.64551","0.01581","-0.00034","95.37451"
"96.40000","3.23955","4,503.40869","0.01583","-0.00023","95.45428"
"96.50000","3.24268","4,504.78369","0.01585","-0.00010","95.48342"
"96.60000","3.24620","4,508.23438","0.01585","-0.00011","95.55656"
"96.70000","3.24949","4,512.07471","0.01590","-0.00017","95.63796"
"96.80000","3.25270","4,514.16602","0.01590","-0.00032","95.68229"
"96.90000","3.25606","4,517.27002","0.01593","-0.00056","95.74809"
"97.00000","3.25950","4,520.15381","0.01595","-0.00079","95.80920"
"97.10000","3.26279","4,522.99463","0.01596","-0.00089","95.86942"
"97.20000","3.26608","4,526.35938","0.01596","-0.00093","95.94074"
"97.30000","3.26944","4,529.08105","0.01598","-0.00089","95.99843"
"97.40000","3.27280","4,531.75439","0.01598","-0.00089","96.05509"
"97.50000","3.27594","4,534.17285","0.01603","-0.00095","96.10635"
"97.60000","3.27953","4,538.56982","0.01602","-0.00086","96.19955"
"97.70000","3.28289","4,541.78516","0.01606","-0.00083","96.26771"
"97.80000","3.28611","4,543.26611","0.01606","-0.00075","96.29910"
"97.90000","3.28954","4,546.80322","0.01608","-0.00072","96.37407"
"98.00000","3.29283","4,549.23877","0.01609","-0.00072","96.42569"
"98.10000","3.29605","4,552.39062","0.01611","-0.00069","96.49250"
"98.20000","3.29941","4,554.76758","0.01613","-0.00056","96.54288"
"98.30000","3.30277","4,558.05029","0.01615","-0.00061","96.61246"
"98.40000","3.30614","4,561.08545","0.01616","-0.00055","96.67680"
"98.50000","3.30942","4,563.46191","0.01618","-0.00050","96.72717"
"98.60000","3.31286","4,566.25537","0.01621","-0.00042","96.78638"
"98.70000","3.31615","4,569.55469","0.01622","-0.00052","96.85631"
"98.80000","3.31929","4,571.27979","0.01622","-0.00043","96.89288"
"98.90000","3.32280","4,575.44043","0.01625","-0.00041","96.98106"
"99.00000","3.32617","4,577.82666","0.01627","-0.00038","97.03164"
"99.10000","3.32930","4,580.11279","0.01628","-0.00035","97.08010"
"99.20000","3.33289","4,583.99707","0.01629","-0.00019","97.16243"
"99.30000","3.33618","4,586.75195","0.01631","-0.00017","97.22082"
"99.40000","3.33939","4,589.00586","0.01631","-0.00003","97.26859"
"99.50000","3.34276","4,591.89062","0.01631","-0.00003","97.32974"
"99.60000","3.34612","4,594.89355","0.01634","0.00000","97.39339"
"99.70000","3.34941","4,597.39844","0.01637","-0.00004","97.44649"
"99.80000","3.35277","4,599.97900","0.01637","-0.00014","97.50118"
"99.90000","3.35621","4,602.83301","0.01637","-0.00016","97.56168"
"100.00000","3.35950","4,606.07031","0.01638","-0.00030","97.63029"
"100.10000","3.36271","4,608.20557","0.01643","-0.00057","97.67555"
"100.20000","3.36615","4,610.60986","0.01642","-0.00081","97.72652"
"100.30000","3.36951","4,614.19043","0.01644","-0.00074","97.80241"
"100.40000","3.37265","4,615.50146","0.01647","-0.00079","97.83019"
"100.50000","3.37616","4,618.53125","0.01650","-0.00081","97.89442"
"100.60000","3.37953","4,621.64160","0.01650","-0.00077","97.96034"
"100.70000","3.38282","4,623.32129","0.01654","-0.00069","97.99594"
"100.80000","3.38610","4,625.82715","0.01653","-0.00073","98.04906"
"100.90000","3.38954","4,628.17920","0.01656","-0.00068","98.09892"
"101.00000","3.39276","4,631.14844","0.01658","-0.00059","98.16185"
"101.10000","3.39612","4,633.01465","0.01659","-0.00061","98.20141"
"101.20000","3.39948","4,635.98242","0.01661","-0.00063","98.26431"
"101.30000","3.40277","4,637.79639","0.01663","-0.00056","98.30276"
"101.40000","3.40613","4,640.64844","0.01665","-0.00052","98.36321"
"101.50000","3.40957","4,643.57861","0.01668","-0.00052","98.42532"
"101.60000","3.41279","4,645.11523","0.01670","-0.00043","98.45789"
"101.70000","3.41600","4,646.91357","0.01670","-0.00034","98.49601"
"101.80000","3.41944","4,649.20850","0.01672","-0.00039","98.54465"
"101.90000","3.42280","4,651.00488","0.01675","-0.00052","98.58273"
"102.00000","3.42609","4,652.92090","0.01678","-0.00047","98.62334"
"102.10000","3.42945","4,655.14014","0.01679","-0.00045","98.67038"
"102.20000","3.43296","4,654.52148","0.01681","-0.00039","98.65726"
"102.30000","3.43603","4,654.69873","0.01681","-0.00048","98.66102"
"102.40000","3.43939","4,654.60693","0.01684","-0.00035","98.65907"
"102.50000","3.44283","4,654.37451","0.01687","-0.00034","98.65415"
"102.59800","3.44604","4,403.38330","0.01691","-0.00045","93.33414"
"102.60200","3.44619","4,018.14990","0.01691","-0.00045","85.16873"
"102.60600","3.44634","3,538.40552","0.01691","-0.00045","75.00006"
"102.60800","3.44649","3,277.78198","0.01691","-0.00045","69.47588"
"102.61000","3.44657","3,012.31592","0.01691","-0.00045","63.84906"
"102.61200","3.44664","2,746.60669","0.01691","-0.00045","58.21709"
