Modulus (Segment 0.001 mm/mm - 0.008 mm/mm) : Modulus (Segment 0.001 mm/mm - 0.008 mm/mm),"116,914.67",MPa,,,
Poisson's ratio (Least squares fit) : Poisson's ratio (Least squares fit),0.23112,,,,
Specimen properties : Gauge length,15.39,mm,,,
Specimen properties : Gauge length transverse,5.138,mm,,,
Specimen properties : Thickness,1.28,mm,,,
Specimen properties : Width,15.11,mm,,,
,,,,,
Time,Extension,Load,Video axial strain,Video transverse strain,Calculated Stress
(s),(mm),(N),(mm/mm),(mm/mm),(MPa)
0,0.01495,32.6247,-0.00005,0.00003,1.68683
0.1,0.01577,34.12278,0.00004,-0.00001,1.76429
0.2,0.01981,61.28535,0.00012,0.00001,3.16871
0.3,0.02444,111.35416,0.00005,0.00007,5.75747
0.4,0.02825,148.70604,0.00001,0.00011,7.68872
0.5,0.03169,182.67508,-0.00005,0.0005,9.44506
0.6,0.03498,214.4334,-0.00002,0.0005,11.08710
0.7,0.03834,247.31229,0.00013,0.00057,12.78708
0.8,0.0417,278.95737,0.00012,0.00053,14.42326
0.9,0.04492,309.92868,0.00004,0.00048,16.02460
1,0.04828,342.0293,0.00004,0.00046,17.68434
1.1,0.05172,375.07394,0.00005,0.00052,19.39289
1.2,0.05501,407.72098,0.00012,0.00045,21.08088
1.3,0.05829,437.61154,0.00013,0.00047,22.62634
1.4,0.06173,471.26709,0.00013,0.00046,24.36647
1.5,0.06502,504.54117,0.00016,0.00046,26.08688
1.6,0.06823,534.23193,0.00012,0.00041,27.62202
1.7,0.0716,566.0036,0.00021,0.00038,29.26475
1.8,0.07496,596.43463,0.00029,0.00028,30.83816
1.9,0.07825,628.51184,0.00029,0.00034,32.49668
2,0.08169,660.75983,0.00025,0.00011,34.16404
2.1,0.08513,692.69885,0.00036,0.00012,35.81542
2.2,0.08826,723.62512,0.00038,0.00012,37.41444
2.3,0.09163,753.42847,0.00043,0.0001,38.95539
2.4,0.09507,785.99585,0.00039,0.00017,40.63926
2.5,0.09828,816.94757,0.00045,0.00012,42.23960
2.6,0.10172,846.2854,0.00044,0.00014,43.75648
2.7,0.10508,877.61224,0.00047,0.00013,45.37621
2.8,0.10844,909.69531,0.00046,0.00007,47.03504
2.9,0.11166,938.74353,0.00048,0.00008,48.53695
3,0.11502,969.11749,0.00054,0.00007,50.10741
3.1,0.11831,998.7265,0.00057,-0.00002,51.63832
3.2,0.1216,"1,028.52",0.00057,0.00002,53.17894
3.3,0.12496,"1,059.17",0.00062,0.00005,54.76375
3.4,0.1284,"1,090.06",0.00062,0.00005,56.36074
3.5,0.13161,"1,120.17",0.00061,0.00002,57.91767
3.6,0.13497,"1,149.24",0.00062,0.00009,59.42072
3.7,0.13841,"1,178.83",0.00062,0.00035,60.95037
3.8,0.14163,"1,208.68",0.00059,0.00012,62.49389
3.9,0.14491,"1,236.23",0.00063,0.00017,63.91829
4,0.14835,"1,268.18",0.00061,0.00055,65.57021
4.1,0.15172,"1,298.67",0.00061,0.00057,67.14650
4.2,0.155,"1,327.99",0.00054,0.00056,68.66253
4.3,0.15837,"1,358.64",0.00052,0.00056,70.24745
4.4,0.16173,"1,388.13",0.0005,0.00058,71.77200
4.5,0.16487,"1,417.11",0.00047,0.00059,73.27071
4.6,0.16831,"1,447.49",0.00049,0.00051,74.84113
4.7,0.17175,"1,478.02",0.00051,0.00048,76.41975
4.8,0.17496,"1,507.79",0.00055,0.00047,77.95908
4.9,0.17832,"1,537.59",0.00054,0.00049,79.50005
5,0.18183,"1,569.13",0.00052,0.00048,81.13059
5.1,0.1849,"1,598.51",0.00055,0.00041,82.64971
5.2,0.18834,"1,627.01",0.00059,0.0004,84.12341
5.3,0.19163,"1,657.84",0.0006,0.00023,85.71725
5.4,0.19499,"1,689.18",0.00059,0.00023,87.33788
5.5,0.19828,"1,718.63",0.00058,0.00021,88.86028
5.6,0.20171,"1,748.92",0.00062,0.00019,90.42650
5.7,0.20508,"1,779.25",0.00067,0.00023,91.99473
5.8,0.20822,"1,806.93",0.00071,0.00016,93.42587
5.9,0.21158,"1,837.23",0.00071,0.00019,94.99220
6,0.21509,"1,868.17",0.00067,0.00022,96.59235
6.1,0.21816,"1,895.85",0.0007,0.0002,98.02312
6.2,0.22167,"1,926.00",0.00072,0.00015,99.58214
6.3,0.22518,"1,958.06",0.00075,0.00021,101.23972
6.4,0.22825,"1,986.07",0.00074,0.00017,102.68789
6.5,0.23168,"2,015.13",0.00073,0.00019,104.19075
6.6,0.23505,"2,044.29",0.00074,0.00018,105.69851
6.7,0.23826,"2,073.28",0.00073,0.0002,107.19743
6.8,0.24162,"2,102.26",0.00076,0.00017,108.69542
6.9,0.24499,"2,133.98",0.00078,0.00026,110.33589
7,0.24843,"2,164.54",0.0008,0.00045,111.91589
7.1,0.25164,"2,191.59",0.0008,0.00076,113.31446
7.2,0.25508,"2,222.73",0.00082,0.00077,114.92448
7.3,0.25844,"2,252.26",0.00084,0.00071,116.45107
7.4,0.2615,"2,279.21",0.00084,0.00074,117.84442
7.5,0.26502,"2,309.87",0.00087,0.00076,119.42989
7.6,0.26845,"2,340.37",0.00088,0.00076,121.00689
7.7,0.27152,"2,368.45",0.00088,0.00073,122.45876
7.8,0.27511,"2,398.19",0.0009,0.00066,123.99654
7.9,0.27839,"2,427.54",0.00093,0.00072,125.51407
8,0.28161,"2,456.45",0.00098,0.00069,127.00864
8.1,0.28497,"2,484.52",0.00096,0.00068,128.45993
8.2,0.28826,"2,516.30",0.00095,0.0006,130.10321
8.3,0.2917,"2,545.19",0.00096,0.0005,131.59706
8.4,0.29491,"2,572.37",0.00096,0.0004,133.00240
8.5,0.29835,"2,604.32",0.00099,0.00036,134.65437
8.6,0.30179,"2,634.56",0.00099,0.00041,136.21776
8.7,0.30485,"2,660.84",0.001,0.00041,137.57649
8.8,0.30829,"2,690.67",0.00104,0.00032,139.11891
8.9,0.31173,"2,719.92",0.00106,0.00038,140.63118
9,0.31487,"2,749.51",0.00117,0.00031,142.16119
9.1,0.31845,"2,780.89",0.00122,0.00041,143.78362
9.2,0.32174,"2,810.01",0.00115,0.0004,145.28920
9.3,0.32503,"2,837.46",0.00119,0.0004,146.70833
9.4,0.32832,"2,865.05",0.00112,0.00037,148.13519
9.5,0.33161,"2,895.79",0.00113,0.00035,149.72462
9.6,0.3349,"2,926.27",0.00113,0.00037,151.30038
9.7,0.33826,"2,953.53",0.00115,0.00042,152.70969
9.8,0.3417,"2,983.18",0.00119,0.00037,154.24268
9.9,0.34506,"3,014.82",0.00118,0.00036,155.87886
10,0.34827,"3,041.42",0.00126,0.0007,157.25433
10.1,0.35171,"3,071.46",0.00128,0.00092,158.80733
10.2,0.355,"3,099.27",0.00132,0.00096,160.24507
10.3,0.35821,"3,126.82",0.00123,0.00094,161.66956
10.4,0.36173,"3,158.65",0.00134,0.00101,163.31549
10.5,0.36502,"3,187.20",0.00132,0.00097,164.79155
10.6,0.3683,"3,216.31",0.00137,0.00091,166.29686
10.7,0.37167,"3,244.46",0.00148,0.00093,167.75217
10.8,0.37503,"3,273.43",0.00149,0.00088,169.25008
10.9,0.37832,"3,303.18",0.00148,0.00083,170.78839
11,0.38153,"3,330.03",0.00148,0.00086,172.17639
11.1,0.38497,"3,359.86",0.00145,0.00083,173.71901
11.2,0.38841,"3,389.12",0.00144,0.00085,175.23175
11.3,0.39155,"3,417.06",0.00154,0.00073,176.67601
11.4,0.39506,"3,448.41",0.00151,0.00078,178.29713
11.5,0.39842,"3,476.95",0.00145,0.00069,179.77263
11.6,0.40156,"3,503.04",0.00147,0.00066,181.12198
11.7,0.405,"3,535.21",0.0016,0.00055,182.78510
11.8,0.40836,"3,564.24",0.00164,0.00054,184.28587
11.9,0.41165,"3,592.99",0.00167,0.00048,185.77238
12,0.41501,"3,621.15",0.00168,0.00052,187.22867
12.1,0.41838,"3,649.72",0.00164,0.00055,188.70561
12.2,0.42167,"3,680.22",0.00169,0.00047,190.28284
12.3,0.42488,"3,706.76",0.00173,0.0004,191.65514
12.4,0.42832,"3,736.01",0.00174,0.00044,193.16739
12.5,0.43161,"3,765.91",0.00175,0.00041,194.71333
12.6,0.43482,"3,793.06",0.00177,0.00043,196.11725
12.7,0.43841,"3,825.36",0.00177,0.00046,197.78726
12.8,0.44177,"3,854.76",0.0018,0.00045,199.30698
12.9,0.44491,"3,880.75",0.00183,0.00044,200.65094
13,0.44835,"3,910.06",0.00183,0.00055,202.16628
13.1,0.45164,"3,938.18",0.00185,0.00101,203.62010
13.2,0.45485,"3,967.41",0.00185,0.00097,205.13141
13.3,0.45829,"3,996.50",0.00185,0.00101,206.63576
13.4,0.4618,"4,026.78",0.00189,0.00099,208.20125
13.5,0.46509,"4,056.10",0.00189,0.00097,209.71742
13.6,0.46838,"4,084.09",0.00191,0.00095,211.16426
13.7,0.47181,"4,113.58",0.0019,0.00091,212.68924
13.8,0.47495,"4,141.18",0.00191,0.0009,214.11607
13.9,0.47824,"4,168.95",0.00192,0.00085,215.55199
14,0.48168,"4,200.13",0.00193,0.00082,217.16405
14.1,0.48504,"4,228.89",0.00192,0.00079,218.65105
14.2,0.48826,"4,255.72",0.00196,0.00074,220.03871
14.3,0.49169,"4,284.95",0.00197,0.00077,221.54987
14.4,0.49513,"4,314.17",0.00197,0.00077,223.06055
14.5,0.49827,"4,343.23",0.002,0.00069,224.56294
14.6,0.50163,"4,371.62",0.002,0.00066,226.03101
14.7,0.50507,"4,400.75",0.00202,0.00056,227.53728
14.8,0.50829,"4,429.78",0.00204,0.00047,229.03824
14.9,0.51165,"4,458.40",0.00202,0.00046,230.51765
15,0.51509,"4,487.93",0.00206,0.00051,232.04480
15.1,0.5183,"4,515.99",0.00203,0.0005,233.49538
15.2,0.52159,"4,543.29",0.00205,0.00048,234.90701
15.3,0.52503,"4,574.08",0.00203,0.00046,236.49876
15.4,0.52832,"4,603.35",0.00208,0.00048,238.01219
15.5,0.5316,"4,631.16",0.0021,0.00049,239.45020
15.6,0.53504,"4,661.13",0.00213,0.00053,241.00003
15.7,0.53848,"4,690.12",0.00212,0.00045,242.49861
15.8,0.54162,"4,718.36",0.00216,0.00043,243.95911
15.9,0.54498,"4,746.35",0.00215,0.00046,245.40623
16,0.54842,"4,775.57",0.00219,0.00053,246.91684
16.1,0.55148,"4,801.83",0.00219,0.00049,248.27457
16.2,0.555,"4,831.32",0.0022,0.00082,249.79921
16.3,0.55843,"4,861.31",0.00219,0.00101,251.34982
16.4,0.56157,"4,890.06",0.00224,0.00086,252.83632
16.5,0.56509,"4,918.01",0.00226,0.00108,254.28174
16.6,0.56837,"4,946.69",0.0022,0.00104,255.76427
16.7,0.57166,"4,975.07",0.00219,0.00103,257.23209
16.8,0.57488,"5,003.77",0.00218,0.00101,258.71558
16.9,0.57831,"5,033.59",0.00224,0.00098,260.25766
17,0.58175,"5,062.95",0.00214,0.00095,261.77551
17.1,0.58489,"5,089.51",0.00214,0.00096,263.14911
17.2,0.58833,"5,118.78",0.00214,0.00091,264.66208
17.3,0.59177,"5,147.61",0.00216,0.00086,266.15302
17.4,0.59483,"5,173.07",0.00222,0.00089,267.46912
17.5,0.59827,"5,202.31",0.0022,0.00084,268.98096
17.6,0.60171,"5,233.59",0.00226,0.00083,270.59863
17.7,0.60492,"5,261.59",0.00217,0.00076,272.04630
17.8,0.60843,"5,289.84",0.00222,0.00071,273.50671
17.9,0.61172,"5,318.13",0.00225,0.00055,274.96930
18,0.61501,"5,346.59",0.00225,0.00058,276.44092
18.1,0.6183,"5,373.91",0.00225,0.00053,277.85349
18.2,0.62159,"5,403.09",0.00224,0.00056,279.36218
18.3,0.62502,"5,432.02",0.00226,0.00059,280.85800
18.4,0.62824,"5,459.23",0.00229,0.00056,282.26492
18.5,0.63168,"5,489.51",0.00231,0.0005,283.83035
18.6,0.63511,"5,518.76",0.00231,0.00048,285.34268
18.7,0.63818,"5,543.99",0.0023,0.00052,286.64752
18.8,0.64169,"5,572.82",0.00229,0.00053,288.13803
18.9,0.64505,"5,602.02",0.00231,0.00054,289.64792
19,0.64819,"5,630.57",0.00234,0.00051,291.12408
19.1,0.65171,"5,659.28",0.00237,0.00047,292.60837
19.2,0.65499,"5,688.26",0.00235,0.00049,294.10675
19.3,0.65836,"5,716.54",0.00236,0.00058,295.56894
19.4,0.66165,"5,744.65",0.0024,0.00067,297.02234
19.5,0.66501,"5,772.45",0.0024,0.00067,298.45993
19.6,0.66837,"5,801.81",0.00241,0.00111,299.97763
19.7,0.67151,"5,827.68",0.00243,0.00104,301.31540
19.8,0.67502,"5,858.58",0.00244,0.00101,302.91281
19.9,0.67846,"5,889.00",0.00245,0.00108,304.48566
20,0.6816,"5,914.08",0.00245,0.00104,305.78241
20.1,0.68511,"5,943.76",0.00248,0.00104,307.31717
20.2,0.6884,"5,970.88",0.00249,0.00103,308.71939
20.3,0.69154,"5,999.53",0.00249,0.00104,310.20074
20.4,0.69498,"6,028.29",0.00253,0.00099,311.68762
20.5,0.69834,"6,055.45",0.00255,0.00093,313.09216
20.6,0.7017,"6,085.11",0.00253,0.00098,314.62579
20.7,0.70499,"6,113.06",0.00256,0.00085,316.07083
20.8,0.70843,"6,142.49",0.00255,0.00091,317.59250
20.9,0.71172,"6,170.55",0.00257,0.00081,319.04324
21,0.71486,"6,195.59",0.00259,0.00068,320.33783
21.1,0.7183,"6,224.33",0.00259,0.00063,321.82361
21.2,0.72173,"6,254.04",0.0026,0.00066,323.35992
21.3,0.72487,"6,280.31",0.00263,0.00066,324.71805
21.4,0.72846,"6,310.78",0.00265,0.00058,326.29388
21.5,0.73175,"6,338.59",0.00264,0.00066,327.73132
21.6,0.73489,"6,365.71",0.00266,0.0006,329.13358
21.7,0.73833,"6,394.10",0.00266,0.00061,330.60147
21.8,0.74161,"6,421.66",0.00268,0.00061,332.02643
21.9,0.7449,"6,448.44",0.00269,0.00065,333.41113
22,0.74827,"6,476.84",0.00271,0.00063,334.87949
22.1,0.75178,"6,506.88",0.00272,0.00061,336.43289
22.2,0.75507,"6,536.19",0.00274,0.00062,337.94852
22.3,0.75828,"6,560.75",0.00274,0.00059,339.21802
22.4,0.76172,"6,590.38",0.00275,0.00072,340.75006
22.5,0.76501,"6,618.73",0.00275,0.0008,342.21600
22.6,0.76822,"6,645.27",0.00277,0.00115,343.58813
22.7,0.77173,"6,675.12",0.0028,0.0012,345.13156
22.8,0.7751,"6,703.27",0.00281,0.00126,346.58694
22.9,0.77831,"6,730.49",0.00281,0.00121,347.99420
23,0.78167,"6,758.81",0.00284,0.00122,349.45868
23.1,0.78511,"6,787.71",0.00286,0.00118,350.95294
23.2,0.78825,"6,814.35",0.00285,0.00117,352.33032
23.3,0.79161,"6,841.48",0.00286,0.00114,353.73303
23.4,0.79505,"6,872.16",0.0029,0.0011,355.31934
23.5,0.79826,"6,900.60",0.00291,0.00116,356.78992
23.6,0.8017,"6,926.44",0.00293,0.00109,358.12570
23.7,0.80507,"6,956.64",0.00293,0.00109,359.68753
23.8,0.80828,"6,984.34",0.00295,0.00099,361.11975
23.9,0.81157,"7,009.98",0.00298,0.00101,362.44498
24,0.81501,"7,039.56",0.00297,0.00087,363.97437
24.1,0.81837,"7,066.92",0.00301,0.00076,365.38925
24.2,0.82158,"7,095.18",0.00306,0.00082,366.85043
24.3,0.82502,"7,124.20",0.00306,0.0008,368.35074
24.4,0.82846,"7,152.74",0.00309,0.00079,369.82660
24.5,0.8316,"7,178.84",0.00307,0.00079,371.17615
24.6,0.83496,"7,205.48",0.0031,0.00082,372.55347
24.7,0.8384,"7,235.79",0.00309,0.00081,374.12039
24.8,0.84161,"7,263.06",0.00311,0.00079,375.53064
24.9,0.84505,"7,290.25",0.00315,0.00082,376.93616
25,0.84841,"7,318.55",0.0032,0.0008,378.39935
25.1,0.85163,"7,346.45",0.00317,0.0008,379.84229
25.2,0.85499,"7,373.33",0.00326,0.00079,381.23184
25.3,0.85835,"7,402.65",0.00323,0.00088,382.74796
25.4,0.86164,"7,429.94",0.00323,0.00095,384.15869
25.5,0.86486,"7,455.64",0.00322,0.00122,385.48782
25.6,0.86829,"7,485.48",0.00333,0.0014,387.03033
25.7,0.87181,"7,514.21",0.00332,0.00138,388.51584
25.8,0.87494,"7,541.43",0.00336,0.00143,389.92325
25.9,0.87831,"7,567.49",0.00335,0.00139,391.27066
26,0.88167,"7,596.11",0.00346,0.00136,392.75079
26.1,0.88481,"7,621.99",0.00339,0.00136,394.08853
26.2,0.88832,"7,650.25",0.00344,0.00138,395.54999
26.3,0.89176,"7,679.47",0.00338,0.00131,397.06061
26.4,0.89497,"7,706.73",0.00344,0.00126,398.46985
26.5,0.89841,"7,734.09",0.0034,0.00127,399.88474
26.6,0.9017,"7,762.40",0.00348,0.00123,401.34827
26.7,0.90499,"7,790.16",0.00348,0.00119,402.78360
26.8,0.90828,"7,815.50",0.00347,0.00113,404.09402
26.9,0.91164,"7,843.99",0.00355,0.00101,405.56705
27,0.91508,"7,871.76",0.00355,0.00102,407.00299
27.1,0.91829,"7,897.97",0.00355,0.00096,408.35800
27.2,0.92173,"7,925.59",0.00357,0.00098,409.78613
27.3,0.92509,"7,952.77",0.00358,0.00088,411.19138
27.4,0.92823,"7,979.45",0.00363,0.00095,412.57077
27.5,0.93167,"8,007.21",0.00361,0.00096,414.00589
27.6,0.93503,"8,034.96",0.00356,0.00089,415.44119
27.7,0.93825,"8,061.06",0.00358,0.0009,416.79047
27.8,0.94176,"8,089.79",0.00362,0.00092,418.27567
27.9,0.94505,"8,117.34",0.00361,0.00085,419.70020
28,0.94841,"8,145.37",0.00362,0.00082,421.14966
28.1,0.95162,"8,170.48",0.00367,0.00082,422.44812
28.2,0.95491,"8,196.47",0.00369,0.00086,423.79150
28.3,0.95835,"8,225.44",0.00371,0.00096,425.28976
28.4,0.96149,"8,251.44",0.0037,0.00096,426.63391
28.5,0.96508,"8,279.53",0.00369,0.00116,428.08600
28.6,0.96852,"8,308.12",0.00369,0.00142,429.56454
28.7,0.97158,"8,334.10",0.00374,0.00145,430.90790
28.8,0.97509,"8,362.09",0.00377,0.00139,432.35516
28.9,0.97838,"8,389.25",0.00376,0.00137,433.75931
29,0.98159,"8,416.14",0.00376,0.00139,435.14975
29.1,0.98496,"8,442.17",0.00374,0.00135,436.49512
29.2,0.9884,"8,469.90",0.00371,0.00131,437.92932
29.3,0.99168,"8,497.96",0.0037,0.00134,439.37997
29.4,0.99497,"8,523.50",0.00373,0.00129,440.70074
29.5,0.99834,"8,549.38",0.00372,0.00124,442.03842
29.6,1.0017,"8,579.01",0.00366,0.00124,443.57043
29.7,1.00484,"8,603.36",0.00368,0.00121,444.82965
29.8,1.00835,"8,631.95",0.00372,0.00129,446.30768
29.9,1.01179,"8,659.87",0.00376,0.00116,447.75150
30,1.01493,"8,684.58",0.00375,0.00114,449.02890
30.1,1.01844,"8,713.15",0.00375,0.00113,450.50620
30.2,1.02173,"8,740.71",0.0038,0.00113,451.93121
30.3,1.02487,"8,765.83",0.00384,0.00097,453.22986
30.4,1.0283,"8,792.71",0.00387,0.00095,454.61951
30.5,1.03167,"8,820.24",0.00383,0.00094,456.04294
30.6,1.03496,"8,848.18",0.00379,0.00093,457.48764
30.7,1.03832,"8,873.67",0.00382,0.00092,458.80554
30.8,1.04176,"8,901.77",0.00382,0.00085,460.25885
30.9,1.04505,"8,929.22",0.0038,0.00083,461.67798
31,1.04818,"8,954.36",0.00377,0.00084,462.97751
31.1,1.0517,"8,983.60",0.00379,0.0009,464.48965
31.2,1.05506,"9,010.71",0.00385,0.00093,465.89111
31.3,1.0582,"9,033.73",0.00384,0.00096,467.08157
31.4,1.06179,"9,063.43",0.00383,0.00101,468.61694
31.5,1.06515,"9,090.43",0.00383,0.00099,470.01306
31.6,1.06829,"9,115.96",0.00386,0.00098,471.33334
31.7,1.07165,"9,142.50",0.00389,0.00136,472.70563
31.8,1.07502,"9,168.85",0.0039,0.00123,474.06769
31.9,1.07823,"9,196.30",0.00386,0.00147,475.48688
32,1.08159,"9,222.11",0.00388,0.00147,476.82129
32.1,1.0851,"9,249.75",0.00392,0.00142,478.25070
32.2,1.08832,"9,275.97",0.00398,0.00139,479.60657
32.3,1.09161,"9,299.69",0.00395,0.00139,480.83273
32.4,1.09504,"9,329.12",0.00394,0.00138,482.35452
32.5,1.09833,"9,356.48",0.00397,0.00134,483.76886
32.6,1.10155,"9,381.08",0.00397,0.00137,485.04080
32.7,1.10498,"9,409.32",0.00398,0.00126,486.50089
32.8,1.10842,"9,436.47",0.00398,0.00128,487.90488
32.9,1.11164,"9,462.33",0.004,0.00132,489.24167
33,1.11507,"9,489.23",0.00402,0.00127,490.63278
33.1,1.11844,"9,515.04",0.00404,0.00117,491.96729
33.2,1.12158,"9,540.72",0.00405,0.00107,493.29523
33.3,1.12501,"9,567.44",0.00404,0.00105,494.67630
33.4,1.12845,"9,595.46",0.00406,0.00104,496.12512
33.5,1.13159,"9,621.09",0.00406,0.00099,497.45065
33.6,1.13495,"9,645.70",0.00408,0.00094,498.72293
33.7,1.13847,"9,674.96",0.00409,0.00095,500.23593
33.8,1.14161,"9,700.44",0.0041,0.00094,501.55301
33.9,1.14489,"9,724.90",0.00412,0.00089,502.81796
34,1.14833,"9,754.04",0.00411,0.00089,504.32428
34.1,1.15162,"9,778.93",0.00412,0.00092,505.61154
34.2,1.15491,"9,804.77",0.00412,0.00093,506.94772
34.3,1.15835,"9,832.53",0.00416,0.0009,508.38297
34.4,1.16179,"9,858.56",0.00415,0.00104,509.72849
34.5,1.16485,"9,883.17",0.00417,0.00108,511.00119
34.6,1.16829,"9,910.35",0.0042,0.00113,512.40668
34.7,1.17173,"9,936.82",0.00423,0.00156,513.77484
34.8,1.17486,"9,963.34",0.00421,0.00152,515.14612
34.9,1.1783,"9,989.03",0.00422,0.00157,516.47473
35,1.18181,"10,015.84",0.00427,0.00153,517.86066
35.1,1.18503,"10,042.29",0.00433,0.00158,519.22809
35.2,1.18839,"10,067.57",0.00436,0.00147,520.53510
35.3,1.19168,"10,092.87",0.00441,0.00155,521.84332
35.4,1.19497,"10,118.51",0.00434,0.00149,523.16919
35.5,1.19826,"10,143.58",0.00432,0.00144,524.46564
35.6,1.20162,"10,171.09",0.00439,0.00148,525.88782
35.7,1.20513,"10,198.39",0.00445,0.00146,527.29950
35.8,1.20827,"10,222.67",0.00446,0.00136,528.55450
35.9,1.21171,"10,249.35",0.00437,0.00136,529.93408
36,1.21507,"10,276.13",0.00445,0.00133,531.31879
36.1,1.21821,"10,301.02",0.00452,0.00133,532.60553
36.2,1.22165,"10,326.19",0.00454,0.00132,533.90710
36.3,1.22501,"10,352.09",0.00453,0.0011,535.24603
36.4,1.2283,"10,379.12",0.00456,0.00113,536.64374
36.5,1.23174,"10,406.16",0.00457,0.00113,538.04181
36.6,1.23503,"10,431.67",0.00458,0.00113,539.36108
36.7,1.23832,"10,457.91",0.00453,0.00111,540.71759
36.8,1.24153,"10,481.19",0.00455,0.00107,541.92133
36.9,1.24497,"10,508.56",0.00459,0.00111,543.33649
37,1.24841,"10,536.31",0.00461,0.00111,544.77100
37.1,1.25154,"10,560.11",0.00463,0.00108,546.00159
37.2,1.25506,"10,586.13",0.00464,0.0011,547.34717
37.3,1.25849,"10,613.81",0.00463,0.00116,548.77814
37.4,1.26156,"10,639.00",0.00467,0.00122,550.08087
37.5,1.265,"10,663.37",0.00463,0.00121,551.34076
37.6,1.26836,"10,688.25",0.00464,0.00129,552.62683
37.7,1.27157,"10,713.91",0.0047,0.00164,553.95374
37.8,1.27501,"10,740.96",0.00474,0.00173,555.35254
37.9,1.27837,"10,766.52",0.00477,0.00167,556.67419
38,1.28174,"10,793.39",0.00475,0.00173,558.06317
38.1,1.28495,"10,816.99",0.00475,0.00164,559.28351
38.2,1.28824,"10,843.51",0.00479,0.00161,560.65448
38.3,1.29175,"10,871.71",0.00481,0.00164,562.11261
38.4,1.29482,"10,893.93",0.00483,0.00161,563.26184
38.5,1.29833,"10,920.28",0.00483,0.00157,564.62390
38.6,1.30177,"10,947.30",0.00483,0.00155,566.02118
38.7,1.30491,"10,971.09",0.00485,0.00147,567.25092
38.8,1.30842,"10,998.54",0.00485,0.00146,568.67023
38.9,1.31171,"11,022.82",0.00483,0.00142,569.92566
39,1.31485,"11,048.00",0.00483,0.00144,571.22766
39.1,1.31828,"11,074.46",0.00488,0.00142,572.59558
39.2,1.32172,"11,100.85",0.00489,0.00116,573.96021
39.3,1.32501,"11,127.10",0.00484,0.00115,575.31732
39.4,1.3283,"11,150.93",0.0048,0.00118,576.54956
39.5,1.33166,"11,177.00",0.00484,0.00123,577.89752
39.6,1.3351,"11,204.90",0.00487,0.00121,579.34003
39.7,1.33816,"11,227.64",0.00489,0.00122,580.51569
39.8,1.34168,"11,254.03",0.00485,0.00112,581.88007
39.9,1.34511,"11,281.01",0.00482,0.00116,583.27515
40,1.34818,"11,303.18",0.00489,0.00117,584.42139
40.1,1.35177,"11,332.59",0.00489,0.00116,585.94202
40.2,1.35513,"11,356.54",0.00488,0.00118,587.18024
40.3,1.35819,"11,379.88",0.00486,0.00123,588.38702
40.4,1.36163,"11,405.31",0.0049,0.00132,589.70209
40.5,1.36499,"11,431.33",0.00487,0.00157,591.04742
40.6,1.36821,"11,457.13",0.00489,0.00171,592.38141
40.7,1.37157,"11,480.55",0.0049,0.00172,593.59241
40.8,1.37508,"11,508.47",0.0049,0.00172,595.03589
40.9,1.37837,"11,534.84",0.00491,0.0017,596.39948
41,1.38151,"11,555.97",0.00491,0.00168,597.49194
41.1,1.38502,"11,584.34",0.00492,0.00169,598.95880
41.2,1.38831,"11,609.93",0.00494,0.00165,600.28186
41.3,1.39153,"11,633.38",0.00495,0.00166,601.49432
41.4,1.39511,"11,662.01",0.00496,0.00164,602.97437
41.5,1.39848,"11,687.36",0.00499,0.00159,604.28503
41.6,1.40162,"11,710.43",0.00498,0.00152,605.47815
41.7,1.40498,"11,735.65",0.005,0.0015,606.78223
41.8,1.40834,"11,760.72",0.00498,0.00153,608.07806
41.9,1.41156,"11,785.62",0.00501,0.00151,609.36572
42,1.41492,"11,809.57",0.00503,0.00148,610.60413
42.1,1.41843,"11,836.27",0.00504,0.00144,611.98474
42.2,1.42172,"11,862.64",0.00503,0.00135,613.34821
42.3,1.42501,"11,885.67",0.00505,0.00128,614.53870
42.4,1.42845,"11,912.47",0.00506,0.00119,615.92450
42.5,1.43166,"11,935.95",0.00507,0.00131,617.13843
42.6,1.43487,"11,959.48",0.00507,0.00119,618.35474
42.7,1.43839,"11,987.59",0.00509,0.00119,619.80817
42.8,1.44175,"12,013.06",0.00508,0.00118,621.12543
42.9,1.44496,"12,036.12",0.00512,0.00111,622.31781
43,1.4484,"12,061.79",0.00512,0.00118,623.64478
43.1,1.45176,"12,088.27",0.00512,0.00118,625.01416
43.2,1.4549,"12,111.58",0.00515,0.00126,626.21918
43.3,1.45834,"12,136.12",0.00513,0.00132,627.48816
43.4,1.46163,"12,160.56",0.00515,0.00132,628.75159
43.5,1.46492,"12,185.94",0.00516,0.00134,630.06378
43.6,1.46828,"12,210.69",0.00517,0.00134,631.34338
43.7,1.47179,"12,238.08",0.00517,0.00181,632.75995
43.8,1.47501,"12,261.94",0.0052,0.00176,633.99335
43.9,1.47822,"12,283.76",0.00521,0.00182,635.12177
44,1.48166,"12,312.44",0.00521,0.00172,636.60474
44.1,1.48502,"12,336.03",0.00522,0.00172,637.82397
44.2,1.48824,"12,360.18",0.00522,0.00172,639.07269
44.3,1.49167,"12,385.27",0.00525,0.00172,640.37006
44.4,1.49511,"12,411.45",0.00523,0.00171,641.72375
44.5,1.49825,"12,436.31",0.00526,0.00165,643.00885
44.6,1.50169,"12,461.16",0.00527,0.00162,644.29376
44.7,1.50498,"12,485.89",0.00529,0.00162,645.57275
44.8,1.50827,"12,510.46",0.00529,0.00155,646.84271
44.9,1.51163,"12,534.87",0.00531,0.00158,648.10516
45,1.51507,"12,561.50",0.00532,0.00152,649.48206
45.1,1.51835,"12,585.40",0.00531,0.00154,650.71753
45.2,1.52164,"12,608.10",0.00533,0.00142,651.89111
45.3,1.52501,"12,634.37",0.00541,0.00133,653.24939
45.4,1.52829,"12,659.53",0.00538,0.00128,654.55048
45.5,1.53158,"12,682.62",0.00543,0.00123,655.74426
45.6,1.53495,"12,709.24",0.00545,0.00131,657.12073
45.7,1.53846,"12,733.87",0.00546,0.00132,658.39429
45.8,1.5416,"12,758.08",0.00552,0.00132,659.64606
45.9,1.54504,"12,783.04",0.00555,0.00133,660.93640
46,1.54847,"12,808.64",0.00558,0.00129,662.26013
46.1,1.55154,"12,830.18",0.00558,0.00128,663.37378
46.2,1.55498,"12,855.47",0.00555,0.00142,664.68164
46.3,1.55841,"12,882.57",0.00555,0.00139,666.08252
46.4,1.56163,"12,906.47",0.00558,0.00146,667.31848
46.5,1.56507,"12,930.09",0.00561,0.0015,668.53973
46.6,1.56835,"12,954.80",0.00563,0.00193,669.81714
46.7,1.57172,"12,980.42",0.00564,0.00188,671.14178
46.8,1.57493,"13,003.43",0.00564,0.00185,672.33148
46.9,1.57822,"13,027.79",0.00565,0.00188,673.59100
47,1.58181,"13,053.59",0.00566,0.00193,674.92517
47.1,1.58487,"13,075.80",0.00567,0.00189,676.07355
47.2,1.58838,"13,101.50",0.00569,0.00185,677.40210
47.3,1.59182,"13,127.58",0.00571,0.00185,678.75049
47.4,1.59489,"13,148.81",0.00572,0.00179,679.84845
47.5,1.59832,"13,174.34",0.00574,0.00185,681.16846
47.6,1.60169,"13,199.54",0.00575,0.00177,682.47113
47.7,1.6049,"13,223.29",0.00574,0.00176,683.69940
47.8,1.60834,"13,247.33",0.00577,0.00173,684.94232
47.9,1.6117,"13,271.93",0.00578,0.00165,686.21399
48,1.61506,"13,297.93",0.0058,0.0017,687.55865
48.1,1.61828,"13,320.88",0.00579,0.00164,688.74493
48.2,1.62164,"13,345.56",0.0058,0.0016,690.02100
48.3,1.62508,"13,369.80",0.00582,0.00148,691.27423
48.4,1.62814,"13,391.30",0.00581,0.00148,692.38586
48.5,1.63173,"13,418.15",0.00585,0.00151,693.77448
48.6,1.63517,"13,443.45",0.00585,0.00144,695.08240
48.7,1.63823,"13,464.65",0.00585,0.00144,696.17859
48.8,1.64175,"13,489.20",0.00587,0.00146,697.44781
48.9,1.64511,"13,514.64",0.00587,0.00141,698.76312
49,1.64825,"13,538.97",0.00588,0.00147,700.02112
49.1,1.65169,"13,562.38",0.0059,0.00156,701.23175
49.2,1.65505,"13,587.13",0.0059,0.00159,702.51105
49.3,1.65841,"13,611.87",0.0059,0.0016,703.79065
49.4,1.66163,"13,634.44",0.00592,0.00156,704.95728
49.5,1.66506,"13,659.47",0.00589,0.00182,706.25146
49.6,1.66835,"13,685.28",0.00586,0.00197,707.58612
49.7,1.67149,"13,705.78",0.00588,0.002,708.64606
49.8,1.675,"13,731.91",0.00588,0.00196,709.99695
49.9,1.67837,"13,757.31",0.00598,0.00191,711.31024
50,1.68158,"13,779.48",0.00594,0.00188,712.45667
50.1,1.68509,"13,804.74",0.00597,0.00188,713.76282
50.2,1.68838,"13,828.46",0.00594,0.00183,714.98926
50.3,1.69159,"13,852.58",0.00592,0.00185,716.23602
50.4,1.69496,"13,875.88",0.00593,0.00185,717.44073
50.5,1.69832,"13,901.13",0.00596,0.00178,718.74609
50.6,1.70161,"13,924.78",0.00597,0.00176,719.96899
50.7,1.70497,"13,947.50",0.00594,0.0017,721.14368
50.8,1.70841,"13,974.18",0.00594,0.00172,722.52350
50.9,1.7117,"13,998.46",0.00597,0.00172,723.77881
51,1.71491,"14,018.42",0.00599,0.00162,724.81073
51.1,1.71835,"14,043.87",0.00599,0.00158,726.12677
51.2,1.72171,"14,068.85",0.00601,0.00155,727.41821
51.3,1.72485,"14,090.13",0.006,0.00144,728.51837
51.4,1.72844,"14,116.15",0.00602,0.00141,729.86383
51.5,1.73173,"14,139.50",0.006,0.00147,731.07123
51.6,1.73494,"14,162.53",0.00603,0.00145,732.26178
51.7,1.73838,"14,187.26",0.00602,0.00145,733.54047
51.8,1.74167,"14,211.37",0.00603,0.00138,734.78723
51.9,1.74488,"14,234.35",0.00605,0.00147,735.97510
52,1.74825,"14,256.47",0.00606,0.00149,737.11920
52.1,1.75176,"14,281.70",0.00606,0.00159,738.42346
52.2,1.75497,"14,307.16",0.00606,0.0016,739.73993
52.3,1.75826,"14,327.43",0.00606,0.00173,740.78802
52.4,1.7617,"14,352.86",0.00609,0.00181,742.10278
52.5,1.76506,"14,376.78",0.0061,0.00197,743.33942
52.6,1.7682,"14,398.94",0.0061,0.00203,744.48523
52.7,1.77171,"14,425.25",0.00611,0.00203,745.84540
52.8,1.77508,"14,448.36",0.00611,0.00203,747.04053
52.9,1.77829,"14,470.23",0.00615,0.00198,748.17139
53,1.78173,"14,495.42",0.00615,0.00195,749.47345
53.1,1.78509,"14,519.66",0.00614,0.00195,750.72681
53.2,1.78823,"14,542.55",0.00615,0.00197,751.91040
53.3,1.79159,"14,563.79",0.00616,0.00195,753.00873
53.4,1.79496,"14,588.81",0.0062,0.00188,754.30237
53.5,1.79824,"14,612.47",0.0062,0.00178,755.52551
53.6,1.80161,"14,635.04",0.00618,0.00185,756.69250
53.7,1.80505,"14,659.92",0.0062,0.00179,757.97882
53.8,1.80833,"14,683.88",0.00622,0.0018,759.21790
53.9,1.81162,"14,705.54",0.00622,0.00177,760.33771
54,1.81491,"14,729.92",0.00623,0.00174,761.59827
54.1,1.81827,"14,753.04",0.00623,0.00167,762.79364
54.2,1.82156,"14,775.29",0.00623,0.00163,763.94397
54.3,1.825,"14,799.98",0.00625,0.00151,765.22052
54.4,1.82851,"14,825.57",0.00626,0.00149,766.54364
54.5,1.83165,"14,847.69",0.00628,0.00148,767.68732
54.6,1.83502,"14,869.56",0.00629,0.00154,768.81812
54.7,1.83838,"14,893.79",0.0063,0.00148,770.07080
54.8,1.84159,"14,917.58",0.00631,0.00148,771.30096
54.9,1.84503,"14,939.59",0.00632,0.0015,772.43933
55,1.84839,"14,962.96",0.00633,0.00153,773.64746
55.1,1.85168,"14,986.22",0.00637,0.00165,774.85016
55.2,1.85504,"15,009.78",0.00634,0.00158,776.06812
55.3,1.85833,"15,034.01",0.00637,0.0016,777.32086
55.4,1.8617,"15,057.29",0.00639,0.00161,778.52460
55.5,1.86491,"15,078.53",0.00643,0.00202,779.62299
55.6,1.86827,"15,101.02",0.00644,0.00206,780.78546
55.7,1.87179,"15,126.31",0.00649,0.00209,782.09332
55.8,1.87492,"15,148.88",0.00646,0.00201,783.26001
55.9,1.87836,"15,171.47",0.00649,0.002,784.42834
56,1.8818,"15,194.93",0.00643,0.00204,785.64117
56.1,1.88486,"15,216.92",0.00646,0.00196,786.77838
56.2,1.8883,"15,239.98",0.00654,0.002,787.97070
56.3,1.89167,"15,264.37",0.00649,0.002,789.23169
56.4,1.89495,"15,286.78",0.00647,0.00198,790.39032
56.5,1.89839,"15,309.35",0.00649,0.00196,791.55713
56.6,1.90168,"15,332.86",0.00657,0.00199,792.77289
56.7,1.90512,"15,356.78",0.00655,0.0019,794.00934
56.8,1.90826,"15,377.14",0.00652,0.00185,795.06238
56.9,1.91162,"15,400.13",0.00651,0.00188,796.25098
57,1.91513,"15,425.34",0.00661,0.00185,797.55420
57.1,1.9182,"15,446.33",0.00667,0.00169,798.63989
57.2,1.92171,"15,469.80",0.00665,0.00163,799.85339
57.3,1.92515,"15,492.55",0.00667,0.00158,801.02948
57.4,1.92821,"15,513.83",0.0067,0.00158,802.12970
57.5,1.93172,"15,536.92",0.00672,0.00161,803.32349
57.6,1.93509,"15,560.59",0.00673,0.00162,804.54755
57.7,1.9383,"15,582.97",0.00673,0.00167,805.70465
57.8,1.94159,"15,603.26",0.00674,0.00163,806.75336
57.9,1.94503,"15,626.52",0.00674,0.00169,807.95630
58,1.94847,"15,651.94",0.00675,0.00164,809.27063
58.1,1.9516,"15,671.64",0.00676,0.00173,810.28906
58.2,1.95489,"15,693.20",0.00677,0.00172,811.40381
58.3,1.95833,"15,717.05",0.00678,0.00184,812.63721
58.4,1.96147,"15,737.91",0.00674,0.00206,813.71539
58.5,1.96506,"15,762.52",0.00679,0.00216,814.98785
58.6,1.96842,"15,785.10",0.00682,0.00221,816.15570
58.7,1.97156,"15,805.56",0.0068,0.00217,817.21344
58.8,1.97507,"15,828.88",0.00682,0.00218,818.41901
58.9,1.97836,"15,851.68",0.00683,0.00218,819.59796
59,1.98165,"15,873.03",0.00683,0.00215,820.70190
59.1,1.98494,"15,893.49",0.00685,0.00212,821.75958
59.2,1.98837,"15,916.14",0.00683,0.00211,822.93091
59.3,1.99166,"15,940.06",0.00686,0.00207,824.16736
59.4,1.99495,"15,960.45",0.00686,0.00204,825.22180
59.5,1.99839,"15,982.86",0.00688,0.002,826.38062
59.6,2.00175,"16,005.52",0.00688,0.002,827.55231
59.7,2.00482,"16,024.76",0.00689,0.00198,828.54712
59.8,2.0084,"16,049.38",0.00687,0.00192,829.82013
59.9,2.01177,"16,072.62",0.00691,0.00196,831.02130
60,2.01483,"16,091.50",0.00692,0.00197,831.99750
60.1,2.01849,"16,115.93",0.00694,0.00182,833.26068
60.2,2.02178,"16,137.77",0.00693,0.00171,834.39020
60.3,2.02492,"16,158.26",0.0069,0.00166,835.44965
60.4,2.02828,"16,180.29",0.00693,0.00175,836.58832
60.5,2.03157,"16,201.48",0.00694,0.00173,837.68427
60.6,2.03494,"16,224.59",0.00695,0.00173,838.87891
60.7,2.03822,"16,245.18",0.00693,0.00169,839.94360
60.8,2.04174,"16,268.60",0.00692,0.00174,841.15436
60.9,2.04503,"16,290.43",0.0069,0.00184,842.28320
61,2.04824,"16,308.81",0.00692,0.00184,843.23328
61.1,2.05168,"16,334.00",0.00694,0.00188,844.53583
61.2,2.05504,"16,356.25",0.00695,0.00199,845.68622
61.3,2.05825,"16,376.33",0.00694,0.00232,846.72461
61.4,2.06169,"16,399.70",0.00696,0.00229,847.93280
61.5,2.06506,"16,421.36",0.00696,0.00234,849.05286
61.6,2.06834,"16,442.03",0.00697,0.00228,850.12158
61.7,2.07178,"16,464.54",0.00699,0.0022,851.28510
61.8,2.07507,"16,485.62",0.00699,0.00214,852.37524
61.9,2.07828,"16,506.63",0.007,0.00213,853.46155
62,2.08165,"16,526.72",0.00698,0.00207,854.50049
62.1,2.08501,"16,550.05",0.00699,0.00216,855.70660
62.2,2.08837,"16,572.03",0.00702,0.00202,856.84302
62.3,2.09159,"16,591.59",0.00703,0.00212,857.85425
62.4,2.0951,"16,616.01",0.00704,0.00198,859.11700
62.5,2.09839,"16,637.85",0.00703,0.00196,860.24609
62.6,2.1016,"16,657.09",0.00704,0.00196,861.24091
62.7,2.10496,"16,679.19",0.00704,0.00192,862.38342
62.8,2.10833,"16,700.75",0.00706,0.00189,863.49841
62.9,2.11162,"16,722.24",0.00708,0.00186,864.60956
63,2.11498,"16,743.69",0.00707,0.00175,865.71844
63.1,2.11842,"16,764.88",0.00708,0.00177,866.81433
63.2,2.12163,"16,786.30",0.00706,0.00173,867.92194
63.3,2.12492,"16,806.01",0.0071,0.00173,868.94055
63.4,2.12836,"16,829.93",0.00711,0.0017,870.17755
63.5,2.13165,"16,851.23",0.00713,0.00171,871.27875
63.6,2.13493,"16,870.33",0.00712,0.00172,872.26642
63.7,2.13845,"16,894.45",0.00713,0.00179,873.51324
63.8,2.14174,"16,916.05",0.00714,0.00185,874.63013
63.9,2.14495,"16,935.83",0.00714,0.00188,875.65314
64,2.14831,"16,958.14",0.00716,0.00212,876.80640
64.1,2.15175,"16,980.00",0.00717,0.00233,877.93677
64.2,2.15489,"17,001.12",0.00718,0.00231,879.02856
64.3,2.15833,"17,021.84",0.00717,0.00235,880.10010
64.4,2.16176,"17,043.63",0.00717,0.00229,881.22650
64.5,2.1649,"17,063.55",0.00717,0.00226,882.25653
64.6,2.16834,"17,084.60",0.00719,0.00226,883.34515
64.7,2.1717,"17,107.30",0.0072,0.00224,884.51868
64.8,2.17492,"17,128.08",0.0072,0.00227,885.59308
64.9,2.17828,"17,147.14",0.00721,0.00221,886.57849
65,2.18172,"17,169.63",0.00723,0.00218,887.74170
65.1,2.18501,"17,192.22",0.00723,0.00218,888.90967
65.2,2.1883,"17,211.37",0.00724,0.00211,889.89966
65.3,2.19166,"17,232.91",0.00725,0.00208,891.01318
65.4,2.1951,"17,253.80",0.00725,0.0021,892.09344
65.5,2.19824,"17,274.14",0.00726,0.00205,893.14502
65.6,2.20167,"17,295.23",0.00729,0.00206,894.23572
65.7,2.20519,"17,317.93",0.00729,0.002,895.40918
65.8,2.20825,"17,336.59",0.0073,0.00193,896.37421
65.9,2.21169,"17,358.25",0.00731,0.0018,897.49408
66,2.21513,"17,380.14",0.0073,0.00176,898.62573
66.1,2.21827,"17,399.44",0.00732,0.00179,899.62366
66.2,2.22163,"17,419.43",0.00734,0.00172,900.65717
66.3,2.22499,"17,440.98",0.00734,0.00184,901.77142
66.4,2.22835,"17,462.35",0.00737,0.00182,902.87646
66.5,2.23164,"17,481.30",0.00741,0.00185,903.85626
66.6,2.23501,"17,504.23",0.0074,0.00185,905.04187
66.7,2.23844,"17,525.37",0.00746,0.00186,906.13446
66.8,2.24158,"17,543.22",0.00749,0.00186,907.05786
66.9,2.24495,"17,564.08",0.00745,0.00184,908.13605
67,2.24838,"17,586.77",0.0074,0.00189,909.30951
67.1,2.25152,"17,604.28",0.00744,0.00223,910.21454
67.2,2.25504,"17,626.11",0.00753,0.00239,911.34357
67.3,2.25847,"17,647.71",0.00752,0.00235,912.46014
67.4,2.26161,"17,666.85",0.00748,0.00232,913.45001
67.5,2.26505,"17,687.16",0.00752,0.00229,914.50000
67.6,2.26834,"17,707.20",0.00756,0.00221,915.53601
67.7,2.27163,"17,726.39",0.00756,0.0023,916.52820
67.8,2.27499,"17,746.86",0.00754,0.00216,917.58655
67.9,2.27835,"17,769.14",0.00757,0.00225,918.73865
68,2.28179,"17,789.52",0.00761,0.00221,919.79236
68.1,2.28493,"17,806.95",0.00762,0.00217,920.69342
68.2,2.28837,"17,828.15",0.00756,0.00219,921.78961
68.3,2.29173,"17,850.15",0.00761,0.00213,922.92731
68.4,2.29487,"17,867.71",0.00762,0.0021,923.83514
68.5,2.29838,"17,889.36",0.00764,0.00207,924.95465
68.6,2.30175,"17,909.86",0.00767,0.002,926.01440
68.7,2.30489,"17,928.25",0.00767,0.00201,926.96509
68.8,2.30847,"17,950.17",0.00768,0.00187,928.09845
68.9,2.31169,"17,969.24",0.00768,0.00184,929.08441
69,2.3149,"17,987.98",0.0077,0.00185,930.05359
69.1,2.31826,"18,007.69",0.0077,0.00187,931.07245
69.2,2.32163,"18,029.36",0.0077,0.00183,932.19305
69.3,2.32499,"18,049.15",0.00774,0.0019,933.21655
69.4,2.32828,"18,066.22",0.00773,0.00194,934.09894
69.5,2.33172,"18,088.70",0.00774,0.00198,935.26129
69.6,2.33508,"18,110.22",0.00773,0.00198,936.37390
69.7,2.33822,"18,126.70",0.00777,0.00196,937.22601
69.8,2.34166,"18,147.92",0.00776,0.00221,938.32330
69.9,2.34502,"18,167.25",0.00771,0.00251,939.32269
70,2.34823,"18,185.21",0.00778,0.0025,940.25104
70.1,2.35175,"18,207.46",0.00776,0.00244,941.40137
70.2,2.35511,"18,226.66",0.00778,0.00248,942.39410
70.3,2.35832,"18,245.03",0.00778,0.00238,943.34387
70.4,2.36169,"18,264.18",0.0078,0.00236,944.33423
70.5,2.36497,"18,283.93",0.00779,0.00237,945.35541
70.6,2.36834,"18,304.52",0.00773,0.00241,946.42010
70.7,2.37163,"18,321.86",0.00775,0.00231,947.31641
70.8,2.37506,"18,342.51",0.00779,0.00231,948.38416
70.9,2.37843,"18,363.42",0.0078,0.00223,949.46545
71,2.38164,"18,381.09",0.00783,0.00229,950.37921
71.1,2.385,"18,401.14",0.00783,0.0022,951.41589
71.2,2.38829,"18,419.56",0.00782,0.00213,952.36810
71.3,2.39151,"18,436.84",0.00784,0.00212,953.26141
71.4,2.39502,"18,459.40",0.00785,0.00216,954.42786
71.5,2.39838,"18,477.41",0.00786,0.00198,955.35925
71.6,2.40167,"18,496.13",0.00786,0.002,956.32690
71.7,2.40496,"18,515.36",0.00786,0.00192,957.32117
71.8,2.40832,"18,534.19",0.00788,0.00194,958.29468
71.9,2.41161,"18,554.13",0.00786,0.00195,959.32581
72,2.41497,"18,571.41",0.00782,0.00201,960.21936
72.1,2.41841,"18,592.60",0.00782,0.00209,961.31494
72.2,2.4217,"18,611.79",0.00787,0.0021,962.30737
72.3,2.42499,"18,628.98",0.00786,0.00214,963.19617
72.4,2.42843,"18,649.55",0.00784,0.00207,964.25934
72.5,2.43171,"18,667.84",0.00786,0.00244,965.20526
72.6,2.43485,"18,683.44",0.00789,0.00262,966.01160
72.7,2.43829,"18,704.07",0.00785,0.0026,967.07843
72.8,2.44165,"18,722.44",0.00784,0.00258,968.02808
72.9,2.44494,"18,740.87",0.00784,0.00257,968.98108
73,2.44831,"18,758.82",0.00785,0.00253,969.90930
73.1,2.45174,"18,777.27",0.00787,0.00245,970.86292
73.2,2.45496,"18,796.70",0.00786,0.00242,971.86792
73.3,2.45825,"18,813.11",0.00791,0.00238,972.71600
73.4,2.46168,"18,831.89",0.0079,0.00246,973.68744
73.5,2.4649,"18,849.94",0.0079,0.00233,974.62036
73.6,2.46826,"18,867.20",0.0079,0.00218,975.51263
73.7,2.47177,"18,888.46",0.00792,0.00224,976.61230
73.8,2.47506,"18,906.72",0.00794,0.00227,977.55621
73.9,2.47828,"18,921.36",0.00793,0.0022,978.31335
74,2.48164,"18,942.04",0.00796,0.00223,979.38232
74.1,2.48508,"18,959.72",0.00795,0.00208,980.29651
74.2,2.48822,"18,977.23",0.00796,0.002,981.20197
74.3,2.49165,"18,995.35",0.00798,0.00198,982.13885
74.4,2.49509,"19,012.87",0.00801,0.00196,983.04474
74.5,2.4983,"19,031.22",0.00798,0.00194,983.99353
74.6,2.50167,"19,047.80",0.00802,0.00195,984.85065
74.7,2.50511,"19,066.38",0.00801,0.0021,985.81146
74.8,2.50824,"19,082.51",0.00803,0.00205,986.64545
74.9,2.51161,"19,098.69",0.00803,0.0021,987.48175
75,2.51505,"19,119.96",0.00801,0.0021,988.58142
75.1,2.51841,"19,137.03",0.00804,0.00216,989.46429
75.2,2.52162,"19,152.09",0.00806,0.00251,990.24298
75.3,2.52506,"19,170.29",0.00806,0.00257,991.18396
75.4,2.52842,"19,189.23",0.00807,0.00252,992.16321
75.5,2.53149,"19,204.73",0.00807,0.00254,992.96484
75.6,2.535,"19,222.71",0.00806,0.00248,993.89429
75.7,2.53844,"19,240.71",0.00804,0.00249,994.82507
75.8,2.54158,"19,256.33",0.00808,0.00247,995.63257
75.9,2.54509,"19,274.84",0.00809,0.00242,996.58966
76,2.54845,"19,292.78",0.00808,0.00239,997.51715
76.1,2.55159,"19,308.16",0.00809,0.00237,998.31250
76.2,2.55496,"19,323.80",0.00808,0.00235,999.12115
76.3,2.55832,"19,341.96",0.0081,0.00236,1000.05981
76.4,2.56161,"19,358.69",0.00811,0.00222,1000.92499
76.5,2.56497,"19,374.05",0.00812,0.00224,1001.71918
76.6,2.56833,"19,391.10",0.00813,0.00224,1002.60052
76.7,2.57177,"19,408.89",0.00814,0.00221,1003.52039
76.8,2.57491,"19,424.53",0.00812,0.00208,1004.32898
76.9,2.57835,"19,441.84",0.00814,0.00202,1005.22400
77,2.58171,"19,458.34",0.00816,0.00202,1006.07721
77.1,2.58485,"19,472.55",0.00816,0.002,1006.81219
77.2,2.58836,"19,490.50",0.00816,0.00206,1007.74030
77.3,2.5918,"19,508.85",0.00818,0.00213,1008.68896
77.4,2.59494,"19,523.08",0.0082,0.00207,1009.42487
77.5,2.59838,"19,537.84",0.00819,0.00214,1010.18799
77.6,2.60167,"19,554.89",0.0082,0.00214,1011.06915
77.7,2.60495,"19,571.22",0.00821,0.00241,1011.91364
77.8,2.60832,"19,586.32",0.0082,0.00268,1012.69421
77.9,2.61168,"19,602.65",0.00822,0.00263,1013.53864
78,2.61504,"19,619.81",0.00823,0.00256,1014.42609
78.1,2.61826,"19,632.81",0.00824,0.00253,1015.09796
78.2,2.6217,"19,649.46",0.00824,0.00254,1015.95905
78.3,2.62506,"19,665.59",0.00822,0.00251,1016.79309
78.4,2.62812,"19,676.26",0.00826,0.00245,1017.34448
78.5,2.63171,"19,694.28",0.00824,0.0024,1018.27625
78.6,2.63507,"19,709.80",0.00828,0.00244,1019.07886
78.7,2.63829,"19,723.31",0.00827,0.00245,1019.77759
78.8,2.64172,"19,738.13",0.00827,0.00239,1020.54358
78.9,2.64509,"19,751.51",0.00826,0.00234,1021.23529
79,2.6483,"19,763.39",0.00829,0.00228,1021.84961
79.1,2.65166,"19,775.34",0.00827,0.00232,1022.46735
79.2,2.65495,"19,786.93",0.00835,0.00222,1023.06659
79.3,2.65832,"19,799.95",0.00833,0.0022,1023.73975
79.4,2.6616,"19,810.07",0.00831,0.00206,1024.26331
79.5,2.66504,"19,823.43",0.00829,0.00204,1024.95374
79.6,2.66841,"19,834.75",0.00831,0.00207,1025.53943
79.7,2.67154,"19,841.73",0.00836,0.00206,1025.90002
79.8,2.67498,"19,854.34",0.00837,0.00216,1026.55200
79.9,2.67835,"19,863.73",0.00832,0.00218,1027.03748
80,2.68156,"19,871.60",0.00833,0.00212,1027.44458
80.1,2.68507,"19,882.90",0.00834,0.00224,1028.02881
80.2,2.68836,"19,889.90",0.00837,0.00249,1028.39062
80.3,2.69165,"19,893.60",0.00836,0.0026,1028.58179
80.4,2.69501,"19,899.50",0.00835,0.00254,1028.88708
80.5,2.6983,"19,906.64",0.00836,0.00249,1029.25635
80.6,2.70166,"19,913.86",0.00835,0.00254,1029.62952
80.7,2.70488,"19,918.98",0.00835,0.00249,1029.89429
80.8,2.70839,"19,927.88",0.00838,0.00249,1030.35449
80.9,2.71175,"19,935.27",0.00841,0.00253,1030.73645
81,2.71497,"19,938.69",0.00838,0.0024,1030.91357
81.1,2.71841,"19,946.42",0.00839,0.00235,1031.31287
81.2,2.72177,"19,952.58",0.00835,0.00233,1031.63184
81.3,2.72491,"19,956.88",0.00839,0.00226,1031.85400
81.4,2.72834,"19,963.35",0.00838,0.00217,1032.18835
81.5,2.73171,"19,968.01",0.00841,0.00206,1032.42932
81.6,2.735,"19,971.92",0.0084,0.00201,1032.63147
81.7,2.73836,"19,976.26",0.00839,0.00206,1032.85571
81.8,2.74172,"19,980.91",0.00846,0.00212,1033.09644
81.9,2.74494,"19,985.47",0.00848,0.00211,1033.33191
82,2.74822,"19,984.59",0.00846,0.00212,1033.28674
82.1,2.75166,"19,991.06",0.00845,0.00217,1033.62109
82.2,2.75503,"19,993.37",0.00845,0.00261,1033.74048
82.3,2.75831,"19,994.00",0.00846,0.00255,1033.77332
82.4,2.76175,"19,998.05",0.00852,0.00259,1033.98267
82.5,2.76504,"19,999.37",0.00849,0.00256,1034.05066
82.6,2.76825,"19,998.67",0.00848,0.00251,1034.01477
82.7,2.77162,"19,999.77",0.00849,0.00246,1034.07141
82.8,2.77498,"19,999.42",0.00848,0.00243,1034.05334
82.9,2.77819,"19,997.90",0.00848,0.00239,1033.97461
83,2.78171,"19,997.25",0.00848,0.00239,1033.94104
83.1,2.78514,"19,997.35",0.00845,0.00226,1033.94653
83.2,2.78836,"19,995.27",0.0084,0.0022,1033.83875
83.3,2.79165,"19,991.09",0.00843,0.00204,1033.62280
83.4,2.79509,"19,988.47",0.00849,0.00203,1033.48730
83.5,2.7983,"19,985.54",0.0085,0.00216,1033.33582
83.6,2.80166,"19,981.57",0.0085,0.00215,1033.13074
83.7,2.8051,"19,978.78",0.00846,0.00217,1032.98621
83.8,2.80839,"19,974.34",0.00841,0.0024,1032.75659
83.9,2.8116,"19,969.80",0.00843,0.00269,1032.52197
84,2.81504,"19,966.04",0.00849,0.00266,1032.32739
84.1,2.8184,"19,962.39",0.0085,0.00255,1032.13879
84.2,2.82154,"19,955.29",0.00845,0.00255,1031.77185
84.3,2.82498,"19,949.50",0.00836,0.0025,1031.47253
84.4,2.82849,"19,945.64",0.00841,0.00247,1031.27258
84.5,2.83156,"19,938.83",0.00846,0.00248,1030.92041
84.6,2.83499,"19,931.90",0.00846,0.00238,1030.56226
84.7,2.83843,"19,924.61",0.00847,0.0023,1030.18518
84.8,2.84157,"19,915.29",0.00845,0.00215,1029.70349
84.9,2.84493,"19,906.36",0.00845,0.00209,1029.24182
85,2.84837,"19,898.10",0.00844,0.00209,1028.81494
85.1,2.85174,"19,887.54",0.00847,0.00217,1028.26904
85.2,2.85495,"19,875.31",0.00839,0.00212,1027.63647
85.3,2.85839,"19,866.47",0.00842,0.00221,1027.17944
85.4,2.86175,"19,855.53",0.00844,0.00253,1026.61365
85.5,2.86489,"19,839.73",0.00842,0.00265,1025.79663
85.6,2.86833,"19,827.32",0.00842,0.00261,1025.15515
85.7,2.87176,"19,815.46",0.00842,0.0025,1024.54211
85.8,2.8749,"19,798.14",0.00837,0.00246,1023.64624
85.9,2.87842,"19,782.26",0.00837,0.00247,1022.82550
86,2.88178,"19,765.55",0.0084,0.00234,1021.96130
86.1,2.88492,"19,745.17",0.0084,0.0023,1020.90784
86.2,2.88836,"19,725.98",0.0084,0.0021,1019.91547
86.3,2.89164,"19,705.77",0.00837,0.00202,1018.87067
86.4,2.89493,"19,683.51",0.00839,0.00206,1017.71942
86.5,2.8983,"19,657.37",0.00839,0.00214,1016.36804
86.6,2.90166,"19,632.07",0.00838,0.00214,1015.05981
86.7,2.9051,"19,605.69",0.00834,0.00255,1013.69586
86.8,2.90824,"19,572.32",0.00828,0.00259,1011.97076
86.9,2.91167,"19,539.79",0.00828,0.00253,1010.28888
87,2.91511,"19,505.89",0.00828,0.0024,1008.53577
87.1,2.91818,"19,468.13",0.00826,0.0024,1006.58356
87.2,2.92176,"19,429.12",0.00826,0.00223,1004.56659
87.3,2.92513,"19,387.98",0.00819,0.00209,1002.43933
87.4,2.92827,"19,341.56",0.00822,0.00203,1000.03931
87.5,2.93178,"19,296.08",0.00815,0.00211,997.68781
87.6,2.93507,"19,246.60",0.00812,0.00208,995.12964
87.7,2.93828,"19,194.48",0.00808,0.00232,992.43475
87.8,2.94164,"19,137.78",0.00805,0.00248,989.50311
87.9,2.94501,"19,082.27",0.00802,0.00244,986.63300
88,2.94837,"19,025.30",0.00798,0.00235,983.68750
88.1,2.95158,"18,964.49",0.008,0.00222,980.54309
88.2,2.9551,"18,906.24",0.00796,0.00214,977.53137
88.3,2.95846,"18,847.35",0.00799,0.00202,974.48676
88.4,2.9616,"18,788.55",0.00791,0.00206,971.44641
88.5,2.96504,"18,733.09",0.00789,0.00237,968.57904
88.6,2.9684,"18,678.41",0.00785,0.00257,965.75146
88.7,2.97161,"18,625.52",0.00782,0.00241,963.01703
88.8,2.97505,"18,578.55",0.00782,0.00237,960.58862
88.9,2.97841,"18,534.35",0.00778,0.00233,958.30304
89,2.9817,"18,494.37",0.00778,0.00221,956.23608
89.1,2.98499,"18,456.81",0.00776,0.00213,954.29388
89.2,2.98828,"18,422.82",0.00776,0.00191,952.53644
89.3,2.99172,"18,394.65",0.00773,0.00193,951.08002
89.4,2.99493,"18,365.81",0.00772,0.00209,949.58887
89.5,2.99844,"18,342.36",0.00771,0.00202,948.37659
89.6,3.00181,"18,320.26",0.00771,0.00253,947.23370
89.7,3.00495,"18,299.26",0.00769,0.00241,946.14795
89.8,3.00838,"18,283.18",0.00768,0.00239,945.31665
89.9,3.01175,"18,269.10",0.00768,0.00237,944.58862
90,3.01489,"18,254.08",0.00767,0.00232,943.81195
90.1,3.0184,"18,244.04",0.00766,0.00224,943.29321
90.2,3.02176,"18,234.92",0.00767,0.00218,942.82147
90.3,3.02505,"18,227.40",0.00766,0.00214,942.43262
90.4,3.02834,"18,219.72",0.00766,0.00195,942.03534
90.5,3.0317,"18,213.80",0.00767,0.0019,941.72961
90.6,3.03499,"18,210.80",0.00766,0.00195,941.57422
90.7,3.0382,"18,205.74",0.00768,0.00206,941.31250
90.8,3.04172,"18,205.06",0.00767,0.00205,941.27771
90.9,3.04508,"18,204.68",0.00765,0.0025,941.25806
91,3.04822,"18,200.80",0.00766,0.00247,941.05731
91.1,3.05173,"18,204.74",0.00766,0.00247,941.26105
91.2,3.05509,"18,206.21",0.00765,0.00243,941.33710
91.3,3.05823,"18,205.71",0.00765,0.0024,941.31097
91.4,3.06167,"18,208.36",0.00766,0.00233,941.44788
91.5,3.06503,"18,210.58",0.00764,0.00236,941.56281
91.6,3.06825,"18,214.69",0.00766,0.00226,941.77551
91.7,3.07169,"18,218.73",0.00765,0.0022,941.98456
91.8,3.07512,"18,222.48",0.00765,0.00218,942.17822
91.9,3.07834,"18,225.12",0.00765,0.0021,942.31464
92,3.08163,"18,227.25",0.00767,0.00199,942.42480
92.1,3.08506,"18,234.63",0.00768,0.00198,942.80615
92.2,3.08835,"18,239.06",0.00767,0.00197,943.03558
92.3,3.09157,"18,240.19",0.00767,0.00206,943.09387
92.4,3.09508,"18,248.15",0.00767,0.00217,943.50525
92.5,3.09844,"18,253.58",0.00767,0.00221,943.78607
92.6,3.10158,"18,256.13",0.00769,0.00248,943.91827
92.7,3.10494,"18,261.40",0.00769,0.00248,944.19061
92.8,3.10831,"18,266.18",0.00769,0.00246,944.43787
92.9,3.11152,"18,270.72",0.00768,0.00239,944.67224
93,3.11496,"18,275.92",0.00768,0.00234,944.94135
93.1,3.11847,"18,282.08",0.00767,0.00235,945.25977
93.2,3.12161,"18,285.36",0.00767,0.00231,945.42950
93.3,3.12497,"18,289.46",0.00768,0.00232,945.64136
93.4,3.12834,"18,294.63",0.00769,0.00224,945.90887
93.5,3.13163,"18,299.25",0.00769,0.0022,946.14771
93.6,3.13499,"18,300.64",0.0077,0.00207,946.21924
93.7,3.13843,"18,307.55",0.00771,0.00198,946.57672
93.8,3.14171,"18,311.27",0.0077,0.00193,946.76917
93.9,3.145,"18,313.78",0.0077,0.00193,946.89856
94,3.14844,"18,318.37",0.0077,0.0021,947.13629
94.1,3.1518,"18,322.47",0.00773,0.00207,947.34802
94.2,3.15487,"18,324.34",0.0077,0.00248,947.44489
94.3,3.15831,"18,326.95",0.00771,0.00253,947.57947
94.4,3.16174,"18,330.74",0.00771,0.00252,947.77551
94.5,3.16488,"18,332.19",0.00772,0.00243,947.85065
94.6,3.16832,"18,333.14",0.00771,0.00243,947.89990
94.7,3.17176,"18,337.47",0.00771,0.00236,948.12378
94.8,3.1749,"18,337.55",0.00772,0.00234,948.12805
94.9,3.17826,"18,337.31",0.00771,0.00234,948.11530
95,3.18162,"18,339.06",0.00771,0.00228,948.20581
95.1,3.18491,"18,339.32",0.00771,0.00224,948.21942
95.2,3.18828,"18,339.32",0.00772,0.00213,948.21924
95.3,3.19171,"18,340.84",0.00771,0.00201,948.29767
95.4,3.19515,"18,340.77",0.00771,0.00196,948.29407
95.5,3.19829,"18,337.68",0.00772,0.00194,948.13440
95.6,3.20165,"18,337.93",0.00772,0.00204,948.14764
95.7,3.20509,"18,336.61",0.00771,0.00208,948.07935
95.8,3.20823,"18,333.50",0.00773,0.00251,947.91840
95.9,3.21167,"18,330.82",0.0077,0.00252,947.78003
96,3.21511,"18,330.09",0.00771,0.00245,947.74225
96.1,3.21825,"18,325.67",0.00769,0.00244,947.51373
96.2,3.22168,"18,322.33",0.0077,0.00245,947.34064
96.3,3.22497,"18,319.89",0.00771,0.00237,947.21484
96.4,3.22833,"18,316.54",0.0077,0.00229,947.04132
96.5,3.23162,"18,312.28",0.00768,0.0023,946.82098
96.6,3.23499,"18,309.64",0.00768,0.0022,946.68494
96.7,3.23842,"18,306.90",0.00768,0.00213,946.54327
96.8,3.24156,"18,300.18",0.0077,0.002,946.19562
96.9,3.245,"18,297.45",0.0077,0.00195,946.05450
97,3.24844,"18,294.03",0.00769,0.00191,945.87781
97.1,3.2515,"18,286.97",0.0077,0.00201,945.51276
97.2,3.25502,"18,283.65",0.00771,0.00205,945.34076
97.3,3.25838,"18,279.68",0.0077,0.00222,945.13568
97.4,3.26159,"18,273.22",0.00769,0.00249,944.80188
97.5,3.26511,"18,269.29",0.00767,0.00241,944.59863
97.6,3.26832,"18,263.27",0.0077,0.00243,944.28717
97.7,3.27168,"18,257.49",0.00769,0.00237,943.98846
97.8,3.2749,"18,252.33",0.00767,0.0023,943.72156
97.9,3.27826,"18,247.04",0.00768,0.00227,943.44800
98,3.28177,"18,243.19",0.00767,0.00218,943.24878
98.1,3.28491,"18,235.20",0.00767,0.00208,942.83575
98.2,3.28842,"18,231.45",0.00769,0.00205,942.64197
98.3,3.29179,"18,226.96",0.00766,0.00192,942.40997
98.4,3.29485,"18,218.45",0.00769,0.00192,941.96960
98.5,3.29836,"18,213.44",0.00768,0.00193,941.71057
98.6,3.30173,"18,207.57",0.00765,0.00205,941.40741
98.7,3.30494,"18,202.31",0.00767,0.00212,941.13556
98.8,3.30838,"18,196.98",0.00768,0.00249,940.85968
98.9,3.31174,"18,191.73",0.00766,0.00245,940.58832
99,3.31503,"18,186.02",0.00765,0.0024,940.29321
99.1,3.31832,"18,179.28",0.00764,0.00237,939.94446
99.2,3.32161,"18,172.82",0.00764,0.00234,939.61060
99.3,3.32504,"18,168.80",0.00765,0.00227,939.40265
99.4,3.32818,"18,160.71",0.00764,0.00218,938.98419
99.5,3.3317,"18,155.45",0.00764,0.00214,938.71222
99.6,3.33513,"18,151.57",0.00765,0.00211,938.51208
99.7,3.3382,"18,143.27",0.00764,0.00189,938.08258
99.8,3.34171,"18,137.70",0.00764,0.00185,937.79486
99.9,3.345,"18,131.17",0.00764,0.00192,937.45691
100,3.34821,"18,125.08",0.00763,0.00195,937.14233
100.1,3.35173,"18,120.63",0.00762,0.00199,936.91217
100.2,3.35509,"18,115.40",0.00763,0.00211,936.64172
100.3,3.35838,"18,110.56",0.00763,0.00247,936.39130
100.4,3.36167,"18,102.70",0.00762,0.00249,935.98505
100.5,3.36503,"18,099.15",0.00761,0.00241,935.80176
100.6,3.36832,"18,094.97",0.00762,0.00238,935.58533
100.7,3.37153,"18,088.19",0.00761,0.00227,935.23480
100.8,3.37504,"18,084.46",0.00762,0.00225,935.04193
100.9,3.37841,"18,081.43",0.00763,0.00221,934.88550
101,3.38155,"18,074.36",0.00763,0.00215,934.51953
101.1,3.38506,"18,072.47",0.00761,0.00208,934.42200
101.2,3.38842,"18,068.33",0.00761,0.00194,934.20782
101.3,3.39156,"18,061.20",0.00763,0.00193,933.83929
101.4,3.395,"18,058.28",0.00762,0.00187,933.68835
101.5,3.39836,"18,055.72",0.00761,0.00198,933.55597
101.6,3.40165,"18,051.62",0.0076,0.00203,933.34399
101.7,3.40494,"18,046.88",0.00761,0.00234,933.09888
101.8,3.40838,"18,045.09",0.00763,0.00243,933.00616
101.9,3.41166,"18,042.72",0.00762,0.00246,932.88379
102,3.41488,"18,038.28",0.0076,0.00237,932.65448
102.1,3.41839,"18,037.38",0.0076,0.00231,932.60779
102.2,3.42168,"18,035.21",0.0076,0.00226,932.49579
102.3,3.42489,"18,031.91",0.0076,0.00224,932.32483
102.4,3.42841,"18,033.39",0.00759,0.00217,932.40167
102.5,3.43177,"18,031.72",0.0076,0.00213,932.31494
102.6,3.43498,"18,028.54",0.00759,0.00212,932.15082
102.7,3.43835,"18,027.55",0.0076,0.00201,932.09973
102.8,3.44178,"18,027.81",0.00762,0.00186,932.11285
102.9,3.44492,"18,026.10",0.0076,0.00183,932.02460
103,3.44829,"18,024.38",0.0076,0.00199,931.93573
103.1,3.4518,"18,024.17",0.00759,0.00196,931.92456
103.2,3.45501,"18,023.90",0.00761,0.00202,931.91089
103.3,3.4583,"18,021.95",0.00762,0.00245,931.81000
103.4,3.46174,"18,022.55",0.00761,0.00243,931.84113
103.5,3.46495,"18,020.53",0.00759,0.0024,931.73633
103.6,3.46824,"18,018.07",0.00761,0.00238,931.60944
103.7,3.47175,"18,020.04",0.00761,0.00231,931.71106
103.8,3.47504,"18,019.66",0.00761,0.00222,931.69147
103.9,3.47825,"18,016.46",0.00759,0.00218,931.52625
104,3.48169,"18,016.63",0.0076,0.00212,931.53473
104.1,3.48506,"18,017.38",0.00761,0.00211,931.57379
104.2,3.4882,"18,015.71",0.00761,0.00203,931.48755
104.3,3.49163,"18,014.82",0.00762,0.00186,931.44110
104.4,3.49507,"18,014.10",0.00761,0.00189,931.40417
104.5,3.49828,"18,013.65",0.0076,0.00192,931.38062
104.6,3.50165,"18,012.42",0.00761,0.00199,931.31744
104.7,3.50509,"18,012.77",0.00761,0.00203,931.33521
104.8,3.5083,"18,010.94",0.00761,0.00223,931.24084
104.9,3.51159,"18,009.46",0.00762,0.00246,931.16412
105,3.51503,"18,009.76",0.0076,0.00243,931.17975
105.1,3.51839,"18,008.70",0.00761,0.00231,931.12494
105.2,3.52168,"18,006.06",0.00759,0.0023,930.98822
105.3,3.52504,"18,003.93",0.00759,0.00228,930.87836
105.4,3.52848,"18,003.54",0.00759,0.00224,930.85834
105.5,3.53154,"18,000.37",0.00759,0.00217,930.69421
105.6,3.53498,"18,000.07",0.00758,0.00213,930.67877
105.7,3.53842,"17,997.64",0.0076,0.00207,930.55286
105.8,3.54156,"17,995.54",0.00759,0.0019,930.44452
105.9,3.545,"17,994.62",0.00761,0.00189,930.39685
106,3.54843,"17,994.18",0.00761,0.00184,930.37433
106.1,3.55165,"17,992.61",0.00762,0.00198,930.29315
106.2,3.55501,"17,989.30",0.0076,0.00198,930.12183
106.3,3.5583,"17,987.79",0.00759,0.00212,930.04358
106.4,3.56159,"17,985.84",0.0076,0.00244,929.94299
106.5,3.56487,"17,983.15",0.00762,0.00243,929.80365
106.6,3.56831,"17,981.52",0.00759,0.00239,929.71942
106.7,3.57175,"17,980.64",0.00759,0.00235,929.67419
106.8,3.57489,"17,977.68",0.00759,0.00225,929.52112
106.9,3.57833,"17,976.42",0.00759,0.00223,929.45587
107,3.58177,"17,975.12",0.00758,0.0022,929.38861
107.1,3.58483,"17,970.22",0.00759,0.00212,929.13556
107.2,3.58834,"17,968.91",0.00757,0.00206,929.06757
107.3,3.59178,"17,967.58",0.00759,0.00192,928.99890
107.4,3.59499,"17,964.95",0.00761,0.00182,928.86285
107.5,3.59836,"17,961.05",0.0076,0.00185,928.66132
107.6,3.60172,"17,957.91",0.00759,0.00193,928.49902
107.7,3.60508,"17,955.97",0.0076,0.00195,928.39874
107.8,3.6083,"17,951.58",0.00759,0.0021,928.17133
107.9,3.61159,"17,947.96",0.00759,0.00244,927.98450
108,3.6151,"17,947.16",0.00759,0.00244,927.94312
108.1,3.61824,"17,941.31",0.0076,0.00242,927.64069
108.2,3.62168,"17,939.79",0.00759,0.00235,927.56219
108.3,3.62511,"17,937.73",0.00756,0.00228,927.45526
108.4,3.62818,"17,931.84",0.00755,0.00228,927.15100
108.5,3.63169,"17,929.66",0.00758,0.00215,927.03827
108.6,3.63505,"17,927.88",0.00755,0.00211,926.94629
108.7,3.63827,"17,924.09",0.00756,0.00208,926.75000
108.8,3.6417,"17,921.95",0.00756,0.00201,926.63971
108.9,3.64499,"17,918.06",0.00756,0.00188,926.43854
109,3.64843,"17,915.72",0.00757,0.00189,926.31726
109.1,3.65164,"17,911.41",0.00756,0.0019,926.09448
109.2,3.65501,"17,908.70",0.00756,0.00198,925.95441
109.3,3.65837,"17,906.54",0.00756,0.00207,925.84265
109.4,3.66151,"17,899.40",0.00756,0.00242,925.47351
109.5,3.66502,"17,898.40",0.00757,0.00238,925.42181
109.6,3.66846,"17,896.49",0.00757,0.00243,925.32336
109.7,3.6716,"17,889.31",0.00755,0.0024,924.95184
109.8,3.67504,"17,886.16",0.00755,0.00235,924.78894
109.9,3.6784,"17,882.28",0.00753,0.00232,924.58820
110,3.68161,"17,878.70",0.00754,0.00226,924.40338
110.1,3.68498,"17,873.55",0.00753,0.00218,924.13708
110.2,3.68842,"17,870.54",0.00753,0.0021,923.98120
110.3,3.6917,"17,865.97",0.00753,0.00193,923.74530
110.4,3.69499,"17,861.74",0.00753,0.00192,923.52637
110.5,3.69836,"17,858.77",0.00755,0.00187,923.37262
110.6,3.70164,"17,855.81",0.00754,0.00199,923.21967
110.7,3.70486,"17,847.45",0.00754,0.002,922.78741
110.8,3.70837,"17,846.51",0.00753,0.00214,922.73920
110.9,3.71173,"17,843.42",0.00754,0.00252,922.57910
111,3.71495,"17,837.50",0.00752,0.00247,922.27313
111.1,3.71838,"17,835.66",0.00754,0.00245,922.17822
111.2,3.72175,"17,831.14",0.00752,0.00235,921.94434
111.3,3.72489,"17,826.29",0.00751,0.00231,921.69348
111.4,3.72832,"17,822.87",0.00753,0.00228,921.51642
111.5,3.73169,"17,818.65",0.00752,0.00217,921.29871
111.6,3.73498,"17,815.13",0.00751,0.0021,921.11633
111.7,3.73834,"17,810.87",0.00752,0.00206,920.89600
111.8,3.74178,"17,809.43",0.0075,0.00194,920.82178
111.9,3.74499,"17,804.69",0.0075,0.00188,920.57690
112,3.74828,"17,798.11",0.00751,0.00185,920.23639
112.1,3.75172,"17,796.95",0.00753,0.002,920.17645
112.2,3.75501,"17,794.15",0.00751,0.00199,920.03186
112.3,3.75822,"17,788.59",0.0075,0.00214,919.74408
112.4,3.76173,"17,786.65",0.00751,0.00246,919.64386
112.5,3.76509,"17,783.54",0.0075,0.00237,919.48334
112.6,3.76831,"17,778.12",0.0075,0.0023,919.20276
112.7,3.77167,"17,775.82",0.00751,0.00229,919.08411
112.8,3.77504,"17,772.03",0.00748,0.0023,918.88782
112.9,3.77817,"17,767.30",0.00749,0.00219,918.64362
113,3.78161,"17,764.10",0.00749,0.00213,918.47809
113.1,3.78512,"17,763.50",0.00751,0.00208,918.44684
113.2,3.78834,"17,761.14",0.00749,0.00203,918.32483
113.3,3.7917,"17,755.72",0.00749,0.00188,918.04492
113.4,3.79506,"17,754.46",0.0075,0.00189,917.97974
113.5,3.79835,"17,751.54",0.00749,0.00183,917.82861
113.6,3.80164,"17,747.08",0.00751,0.00195,917.59827
113.7,3.80508,"17,747.76",0.00751,0.00198,917.63306
113.8,3.80837,"17,743.03",0.0075,0.00218,917.38849
113.9,3.81166,"17,739.47",0.00751,0.0024,917.20441
114,3.81502,"17,739.58",0.0075,0.00238,917.21014
114.1,3.81846,"17,737.88",0.00748,0.00233,917.12231
114.2,3.8216,"17,734.09",0.00751,0.00226,916.92651
114.3,3.82496,"17,732.54",0.0075,0.00216,916.84631
114.4,3.8284,"17,732.29",0.0075,0.00218,916.83337
114.5,3.83154,"17,730.57",0.00749,0.00217,916.74420
114.6,3.83497,"17,728.05",0.00748,0.00211,916.61401
114.7,3.83841,"17,728.73",0.00751,0.002,916.64929
114.8,3.84163,"17,728.52",0.00752,0.00198,916.63849
114.9,3.84499,"17,726.13",0.0075,0.00185,916.51489
115,3.84828,"17,727.22",0.00749,0.00185,916.57123
115.1,3.85164,"17,727.53",0.0075,0.00193,916.58740
115.2,3.85493,"17,726.62",0.00749,0.00197,916.54010
115.3,3.85829,"17,728.39",0.0075,0.002,916.63171
115.4,3.8618,"17,729.55",0.0075,0.00237,916.69171
115.5,3.86494,"17,728.11",0.00749,0.00242,916.61694
115.6,3.86831,"17,728.83",0.0075,0.00239,916.65436
115.7,3.87174,"17,730.86",0.00749,0.00236,916.75958
115.8,3.87488,"17,730.98",0.00748,0.00232,916.76562
115.9,3.87832,"17,731.44",0.00749,0.00223,916.78943
116,3.88176,"17,733.60",0.00749,0.00217,916.90094
116.1,3.88497,"17,734.37",0.00749,0.00212,916.94092
116.2,3.88834,"17,735.30",0.0075,0.00213,916.98901
116.3,3.89162,"17,737.35",0.0075,0.00207,917.09473
116.4,3.89506,"17,739.78",0.00751,0.00187,917.22064
116.5,3.8982,"17,738.88",0.00751,0.00189,917.17407
116.6,3.90164,"17,742.22",0.00751,0.00185,917.34698
116.7,3.90508,"17,745.63",0.00752,0.00188,917.52313
116.8,3.90822,"17,746.65",0.00752,0.00199,917.57581
116.9,3.91173,"17,749.24",0.00752,0.00204,917.70984
117,3.91509,"17,752.58",0.00754,0.00217,917.88263
117.1,3.91823,"17,753.32",0.00752,0.00241,917.92090
117.2,3.92167,"17,755.76",0.00753,0.00243,918.04681
117.3,3.92503,"17,759.14",0.0075,0.00244,918.22174
117.4,3.92825,"17,761.48",0.0075,0.00234,918.34277
117.5,3.93168,"17,762.95",0.00752,0.00226,918.41852
117.6,3.93505,"17,766.83",0.00748,0.00227,918.61908
117.7,3.93841,"17,770.15",0.00752,0.0022,918.79077
117.8,3.94155,"17,770.78",0.00752,0.00215,918.82330
117.9,3.94499,"17,773.86",0.00753,0.00207,918.98273
118,3.94842,"17,778.26",0.00754,0.002,919.21014
118.1,3.95156,"17,778.84",0.00752,0.00187,919.24023
118.2,3.95508,"17,783.56",0.0075,0.0019,919.48401
118.3,3.95844,"17,786.85",0.00753,0.00191,919.65430
118.4,3.96158,"17,787.13",0.00755,0.00197,919.66852
118.5,3.96502,"17,792.10",0.00756,0.00202,919.92596
118.6,3.96838,"17,795.21",0.00753,0.00219,920.08643
118.7,3.97159,"17,798.00",0.00751,0.00245,920.23102
118.8,3.97503,"17,800.47",0.00753,0.0025,920.35858
118.9,3.97839,"17,805.05",0.00754,0.00245,920.59528
119,3.98168,"17,809.37",0.00754,0.00243,920.81842
119.1,3.98497,"17,810.71",0.00752,0.00236,920.88794
119.2,3.98826,"17,813.56",0.00753,0.00229,921.03546
119.3,3.9917,"17,818.11",0.00753,0.00231,921.27045
119.4,3.99484,"17,819.85",0.00753,0.00225,921.36053
119.5,3.99842,"17,826.20",0.00754,0.00215,921.68903
119.6,4.00179,"17,830.15",0.00755,0.00207,921.89301
119.7,4.00493,"17,830.82",0.00755,0.00191,921.92786
119.8,4.00844,"17,836.74",0.00756,0.00188,922.23395
119.9,4.01173,"17,840.27",0.00756,0.00188,922.41620
120,4.01494,"17,842.52",0.00758,0.002,922.53278
120.1,4.0183,"17,844.44",0.00757,0.00205,922.63190
120.2,4.02174,"17,848.88",0.00757,0.00209,922.86133
120.3,4.02495,"17,852.33",0.00757,0.00251,923.03992
120.4,4.02832,"17,855.32",0.00757,0.0024,923.19458
120.5,4.03176,"17,859.74",0.00758,0.00244,923.42322
120.6,4.03497,"17,863.43",0.00757,0.0024,923.61371
120.7,4.03826,"17,863.78",0.00757,0.00231,923.63165
120.8,4.0417,"17,868.84",0.00757,0.00228,923.89362
120.9,4.04506,"17,872.64",0.00756,0.00223,924.08984
121,4.0482,"17,871.90",0.00758,0.00218,924.05188
121.1,4.05179,"17,877.40",0.00756,0.00213,924.33594
121.2,4.05507,"17,880.01",0.00757,0.0021,924.47107
121.3,4.05829,"17,881.29",0.00758,0.00197,924.53729
121.4,4.06165,"17,882.45",0.00759,0.00192,924.59711
121.5,4.06494,"17,883.79",0.00764,0.00188,924.66638
121.6,4.06823,"17,887.21",0.00763,0.0019,924.84351
121.7,4.07167,"17,889.06",0.00758,0.00197,924.93890
121.8,4.0751,"17,892.42",0.0076,0.00204,925.11273
121.9,4.07832,"17,893.92",0.00758,0.00246,925.19025
122,4.08161,"17,893.68",0.00758,0.00248,925.17767
122.1,4.08504,"17,897.60",0.00759,0.00245,925.38074
122.2,4.08833,"17,899.49",0.00758,0.00246,925.47839
122.3,4.09162,"17,898.34",0.00758,0.00244,925.41882
122.4,4.09506,"17,901.91",0.00759,0.00233,925.60327
122.5,4.09842,"17,902.93",0.00759,0.00224,925.65601
122.6,4.10164,"17,901.73",0.00759,0.00226,925.59399
122.7,4.105,"17,902.44",0.00758,0.00217,925.63055
122.8,4.10836,"17,902.32",0.00758,0.00214,925.62482
122.9,4.11158,"17,902.85",0.0076,0.00199,925.65216
123,4.11494,"17,903.44",0.00758,0.00193,925.68237
123.1,4.11838,"17,904.38",0.00758,0.00191,925.73102
123.2,4.12167,"17,904.30",0.00759,0.00198,925.72693
123.3,4.12503,"17,902.83",0.00758,0.00201,925.65076
123.4,4.12839,"17,904.85",0.00761,0.00207,925.75549
123.5,4.13168,"17,903.81",0.00761,0.00251,925.70178
123.6,4.13497,"17,902.55",0.00759,0.0025,925.63660
123.7,4.13826,"17,902.31",0.00757,0.00244,925.62421
123.8,4.14162,"17,901.32",0.00758,0.0024,925.57288
123.9,4.14491,"17,900.74",0.00757,0.00234,925.54291
124,4.14835,"17,901.99",0.00758,0.00226,925.60767
124.1,4.15178,"17,901.82",0.0076,0.00222,925.59894
124.2,4.15492,"17,899.07",0.00759,0.00219,925.45679
124.3,4.15829,"17,898.68",0.00758,0.00215,925.43616
124.4,4.1618,"17,900.14",0.0076,0.00205,925.51208
124.5,4.16494,"17,897.89",0.0076,0.00181,925.39569
124.6,4.1683,"17,895.71",0.00763,0.00195,925.28296
124.7,4.17174,"17,896.76",0.00761,0.0019,925.33722
124.8,4.17503,"17,896.76",0.0076,0.002,925.33691
124.9,4.17832,"17,894.33",0.00759,0.00207,925.21155
125,4.1816,"17,892.52",0.0076,0.00221,925.11786
125.1,4.18504,"17,891.81",0.00759,0.00247,925.08099
125.2,4.18826,"17,890.29",0.00759,0.00245,925.00262
125.3,4.19162,"17,889.39",0.00756,0.00242,924.95605
125.4,4.19521,"17,889.04",0.00757,0.00243,924.93823
125.5,4.19827,"17,884.46",0.00757,0.0023,924.70087
125.6,4.20163,"17,882.30",0.00757,0.00222,924.58954
125.7,4.20507,"17,882.69",0.00757,0.00222,924.60980
125.8,4.20821,"17,879.80",0.00758,0.00217,924.46002
125.9,4.21165,"17,876.87",0.00755,0.00215,924.30847
126,4.21509,"17,875.41",0.00758,0.00194,924.23322
126.1,4.21837,"17,874.79",0.00759,0.00194,924.20142
126.2,4.22174,"17,872.64",0.00756,0.00193,924.08984
126.3,4.22503,"17,870.57",0.00759,0.00202,923.98297
126.4,4.22839,"17,868.60",0.00759,0.00208,923.88123
126.5,4.23153,"17,865.83",0.00759,0.00204,923.73810
126.6,4.23497,"17,864.35",0.00759,0.00237,923.66156
126.7,4.23848,"17,864.77",0.00758,0.00247,923.68329
126.8,4.24154,"17,859.90",0.00758,0.00248,923.43109
126.9,4.24506,"17,858.19",0.00758,0.00237,923.34283
127,4.24849,"17,858.23",0.00756,0.00232,923.34485
127.1,4.25148,"17,853.63",0.00755,0.00229,923.10706
127.2,4.255,"17,851.98",0.00754,0.0022,923.02173
127.3,4.25836,"17,850.43",0.00757,0.00213,922.94165
127.4,4.26165,"17,849.41",0.00755,0.0021,922.88892
127.5,4.26501,"17,846.37",0.00758,0.00193,922.73181
127.6,4.26845,"17,846.50",0.00758,0.00187,922.73846
127.7,4.27174,"17,844.63",0.00757,0.0019,922.64191
127.8,4.27488,"17,841.35",0.00757,0.00192,922.47217
127.9,4.27831,"17,841.75",0.00758,0.00199,922.49304
128,4.28175,"17,841.75",0.00758,0.00199,922.49274
128.10001,4.28482,"17,837.87",0.00757,0.00223,922.29230
128.2,4.2884,"17,836.80",0.00757,0.00249,922.23700
128.3,4.29177,"17,838.53",0.00756,0.00247,922.32611
128.39999,4.2949,"17,834.97",0.00757,0.00243,922.14258
128.5,4.29842,"17,835.25",0.00757,0.00229,922.15668
128.60001,4.30171,"17,833.92",0.00757,0.00227,922.08813
128.7,4.30492,"17,832.99",0.00757,0.00221,922.03973
128.8,4.30836,"17,832.85",0.00757,0.00219,922.03259
128.89999,4.31172,"17,832.72",0.00757,0.00214,922.02612
129,4.31501,"17,831.52",0.00759,0.00204,921.96368
129.10001,4.3183,"17,828.26",0.00757,0.00194,921.79535
129.2,4.32174,"17,830.62",0.00756,0.00197,921.91718
129.3,4.32502,"17,831.19",0.0076,0.00201,921.94672
129.39999,4.32824,"17,827.84",0.00761,0.002,921.77374
129.5,4.33168,"17,828.30",0.00759,0.00202,921.79767
129.60001,4.33511,"17,829.06",0.0076,0.00221,921.83655
129.7,4.33825,"17,827.05",0.00758,0.00243,921.73267
129.8,4.34176,"17,828.47",0.00757,0.00249,921.80615
129.89999,4.34505,"17,827.68",0.00758,0.00245,921.76544
130,4.34819,"17,826.20",0.00758,0.00245,921.68872
130.10001,4.35163,"17,825.69",0.00757,0.00232,921.66266
130.2,4.35499,"17,827.29",0.00757,0.00226,921.74530
130.3,4.35828,"17,826.83",0.00758,0.00227,921.72156
130.39999,4.36164,"17,825.12",0.00758,0.00216,921.63306
130.5,4.36508,"17,826.34",0.0076,0.00215,921.69617
130.60001,4.36837,"17,826.44",0.00762,0.00198,921.70148
130.7,4.37151,"17,824.15",0.0076,0.00187,921.58307
130.8,4.37495,"17,824.91",0.0076,0.00184,921.62238
130.89999,4.37831,"17,824.63",0.00758,0.00188,921.60785
131,4.3816,"17,823.68",0.00762,0.00199,921.55847
131.10001,4.38504,"17,825.91",0.00763,0.00203,921.67377
131.2,4.38848,"17,825.32",0.00759,0.0024,921.64355
131.3,4.39161,"17,822.36",0.00758,0.00244,921.49048
131.39999,4.39498,"17,823.09",0.00758,0.00249,921.52808
131.5,4.39834,"17,822.66",0.00758,0.00245,921.50592
131.60001,4.40163,"17,822.95",0.00753,0.00237,921.52081
131.7,4.40499,"17,821.47",0.00758,0.00237,921.44434
131.8,4.40836,"17,822.41",0.00756,0.00228,921.49292
131.89999,4.41172,"17,822.20",0.00758,0.00223,921.48199
132,4.41501,"17,821.70",0.00756,0.00225,921.45618
132.10001,4.41837,"17,822.84",0.00757,0.00205,921.51495
132.2,4.42166,"17,821.03",0.00762,0.00189,921.42169
132.3,4.42487,"17,820.66",0.00761,0.00198,921.40240
132.39999,4.42831,"17,822.89",0.00763,0.00194,921.51788
132.5,4.43167,"17,822.31",0.0076,0.00194,921.48798
132.60001,4.43496,"17,822.33",0.0076,0.00211,921.48877
132.7,4.43832,"17,823.70",0.00757,0.00207,921.55975
132.8,4.44176,"17,823.52",0.0076,0.00248,921.55017
132.89999,4.4449,"17,823.22",0.00759,0.00251,921.53491
133,4.44827,"17,822.22",0.00757,0.00244,921.48322
133.10001,4.4517,"17,822.29",0.00757,0.00237,921.48676
133.2,4.45499,"17,823.67",0.00757,0.00237,921.55823
133.3,4.45835,"17,822.48",0.00756,0.00232,921.49664
133.39999,4.46179,"17,824.34",0.00755,0.00221,921.59247
133.5,4.46501,"17,823.53",0.00758,0.0021,921.55090
133.60001,4.46822,"17,821.64",0.00756,0.00211,921.45312
133.7,4.47166,"17,823.56",0.00755,0.00198,921.55261
133.8,4.47502,"17,823.84",0.00761,0.00202,921.56665
133.89999,4.47831,"17,822.52",0.00758,0.00196,921.49860
134,4.48167,"17,822.70",0.00762,0.00194,921.50763
134.10001,4.48519,"17,823.79",0.00758,0.00196,921.56451
134.2,4.48825,"17,822.45",0.00758,0.002,921.49506
134.3,4.49161,"17,821.43",0.00759,0.00233,921.44214
134.39999,4.49505,"17,821.51",0.00759,0.00254,921.44635
134.5,4.49819,"17,820.95",0.00758,0.00254,921.41736
134.60001,4.50163,"17,818.83",0.00757,0.00251,921.30768
134.7,4.50507,"17,819.78",0.00754,0.00244,921.35669
134.8,4.50835,"17,818.68",0.00757,0.00237,921.29993
134.89999,4.51164,"17,814.65",0.00756,0.00236,921.09167
135,4.51501,"17,815.29",0.00753,0.00232,921.12482
135.10001,4.51837,"17,813.99",0.00763,0.00223,921.05750
135.2,4.52158,"17,810.63",0.00758,0.00213,920.88367
135.3,4.52495,"17,809.92",0.00762,0.00194,920.84705
135.39999,4.52846,"17,809.43",0.0076,0.00191,920.82196
135.5,4.5316,"17,806.73",0.00763,0.00194,920.68219
135.60001,4.53503,"17,806.51",0.00761,0.00192,920.67078
135.7,4.53847,"17,805.59",0.00761,0.00199,920.62341
135.8,4.54154,"17,801.75",0.00758,0.00215,920.42493
135.89999,4.54497,"17,800.68",0.00758,0.0025,920.36914
136,4.54834,"17,800.70",0.00757,0.0025,920.37054
136.10001,4.55163,"17,798.17",0.00757,0.0025,920.23950
136.2,4.55499,"17,796.24",0.00756,0.00242,920.13983
136.3,4.55843,"17,796.00",0.00757,0.00238,920.12738
136.39999,4.56179,"17,795.35",0.00755,0.00233,920.09399
136.5,4.56493,"17,792.34",0.00756,0.0023,919.93823
136.60001,4.56829,"17,791.44",0.00756,0.00223,919.89160
136.7,4.57173,"17,790.94",0.00758,0.00219,919.86584
136.8,4.57487,"17,787.54",0.00757,0.00206,919.69006
136.89999,4.57838,"17,787.20",0.00759,0.00195,919.67218
137,4.58182,"17,787.45",0.00759,0.00202,919.68536
137.10001,4.58488,"17,783.35",0.00755,0.00196,919.47321
137.2,4.58832,"17,782.07",0.0076,0.00204,919.40729
137.3,4.59169,"17,781.62",0.00758,0.00214,919.38385
137.39999,4.59497,"17,779.52",0.00758,0.00224,919.27527
137.5,4.59834,"17,777.80",0.00753,0.00255,919.18634
137.60001,4.60177,"17,776.35",0.00758,0.00256,919.11151
137.7,4.60506,"17,775.18",0.00753,0.00248,919.05072
137.8,4.60828,"17,771.00",0.00757,0.00243,918.83459
137.89999,4.61164,"17,769.86",0.00752,0.00237,918.77600
138,4.61508,"17,767.70",0.00756,0.00233,918.66425
138.10001,4.61822,"17,763.35",0.00754,0.00227,918.43945
138.2,4.62173,"17,763.81",0.00755,0.00221,918.46289
138.3,4.62509,"17,762.94",0.00762,0.00217,918.41821
138.39999,4.62823,"17,757.96",0.0076,0.00201,918.16052
138.5,4.63174,"17,756.84",0.00763,0.00201,918.10266
138.60001,4.63503,"17,754.01",0.00763,0.00199,917.95642
138.7,4.63825,"17,751.70",0.0076,0.002,917.83698
138.8,4.64168,"17,749.24",0.00755,0.00199,917.70984
138.89999,4.64497,"17,748.24",0.00757,0.00215,917.65820
139,4.64834,"17,747.15",0.00756,0.00252,917.60156
139.10001,4.65162,"17,745.28",0.00755,0.00254,917.50494
139.2,4.65506,"17,745.04",0.00755,0.00251,917.49261
139.3,4.65835,"17,744.55",0.00753,0.00246,917.46716
139.39999,4.66149,"17,739.19",0.00753,0.00242,917.18988
139.5,4.665,"17,739.60",0.00754,0.00229,917.21106
139.60001,4.66844,"17,739.96",0.00757,0.00233,917.22974
139.7,4.67158,"17,735.76",0.00759,0.00223,917.01294
139.8,4.67509,"17,735.41",0.0076,0.00218,916.99475
139.89999,4.67845,"17,733.88",0.0076,0.00204,916.91547
140,4.68167,"17,733.23",0.00761,0.00195,916.88214
140.10001,4.68503,"17,731.16",0.00758,0.00194,916.77472
140.2,4.68832,"17,728.70",0.00758,0.00195,916.64746
140.3,4.69161,"17,726.31",0.00763,0.00206,916.52417
140.39999,4.69497,"17,725.00",0.00756,0.00207,916.45648
140.5,4.69841,"17,724.68",0.00757,0.00216,916.44006
140.60001,4.7017,"17,723.39",0.00754,0.00244,916.37329
140.7,4.70491,"17,719.29",0.00752,0.00251,916.16144
140.8,4.70827,"17,718.42",0.00751,0.00242,916.11627
140.89999,4.71164,"17,717.27",0.00751,0.00245,916.05670
141,4.71485,"17,714.43",0.00753,0.00238,915.90967
141.10001,4.71836,"17,714.48",0.00753,0.00224,915.91272
141.2,4.72173,"17,711.61",0.00755,0.0022,915.76398
141.3,4.72502,"17,710.47",0.00756,0.00222,915.70520
141.39999,4.72838,"17,709.22",0.00759,0.00214,915.64062
141.5,4.73167,"17,708.73",0.00761,0.00204,915.61542
141.60001,4.73496,"17,706.44",0.00762,0.00204,915.49677
141.7,4.73824,"17,702.64",0.00761,0.00201,915.30042
141.8,4.74176,"17,704.29",0.00757,0.00205,915.38538
141.89999,4.74505,"17,704.15",0.00756,0.00208,915.37848
142,4.74833,"17,700.57",0.00757,0.00225,915.19318
142.10001,4.7517,"17,700.99",0.00756,0.00258,915.21503
142.2,4.75506,"17,700.80",0.00753,0.00259,915.20532
142.3,4.75827,"17,699.51",0.00756,0.00248,915.13855
142.39999,4.76171,"17,699.64",0.00751,0.00248,915.14514
142.5,4.76507,"17,699.18",0.00759,0.00236,915.12146
142.60001,4.76829,"17,698.98",0.00752,0.00236,915.11108
142.7,4.77173,"17,699.16",0.00754,0.00226,915.12036
142.8,4.77516,"17,700.20",0.00758,0.00219,915.17432
142.89999,4.7783,"17,699.82",0.0076,0.00216,915.15442
143,4.78159,"17,697.46",0.00762,0.00209,915.03271
143.10001,4.78503,"17,700.83",0.00761,0.00197,915.20654
143.2,4.78832,"17,701.38",0.0076,0.00196,915.23529
143.3,4.79161,"17,700.35",0.00759,0.00197,915.18188
143.39999,4.79504,"17,701.92",0.00758,0.00206,915.26306
143.5,4.79841,"17,703.49",0.00757,0.00212,915.34424
143.60001,4.80162,"17,703.70",0.00758,0.0025,915.35486
143.7,4.80498,"17,705.19",0.00754,0.00254,915.43201
143.8,4.80835,"17,705.48",0.00756,0.00252,915.44739
143.89999,4.81156,"17,705.31",0.0075,0.00244,915.43860
144,4.815,"17,707.53",0.00753,0.00244,915.55328
144.10001,4.81851,"17,709.63",0.00748,0.00239,915.66168
144.2,4.82165,"17,709.68",0.0075,0.00233,915.66449
144.3,4.82494,"17,708.40",0.0076,0.00221,915.59796
144.39999,4.82838,"17,711.46",0.00757,0.00222,915.75616
144.5,4.83159,"17,712.45",0.00758,0.0022,915.80756
144.60001,4.83495,"17,711.71",0.00764,0.00204,915.76910
144.7,4.83839,"17,714.60",0.0076,0.00196,915.91864
144.8,4.84168,"17,714.61",0.00761,0.00197,915.91925
144.89999,4.84497,"17,714.31",0.00757,0.00193,915.90393
145,4.84833,"17,716.95",0.00756,0.00211,916.04034
145.10001,4.85169,"17,718.23",0.0076,0.00215,916.10620
145.2,4.85483,"17,716.80",0.00753,0.00246,916.03235
145.3,4.85835,"17,719.04",0.00755,0.00252,916.14838
145.39999,4.86186,"17,721.90",0.00752,0.00245,916.29596
145.5,4.86485,"17,721.21",0.00754,0.00248,916.26050
145.60001,4.86836,"17,721.52",0.00751,0.00244,916.27625
145.7,4.87172,"17,722.78",0.00748,0.00238,916.34180
145.8,4.87486,"17,723.32",0.00755,0.00227,916.36932
145.89999,4.8783,"17,725.01",0.00757,0.00229,916.45691
146,4.88174,"17,725.62",0.00762,0.00216,916.48840
146.10001,4.88503,"17,725.62",0.00758,0.00212,916.48834
146.2,4.88832,"17,727.31",0.00762,0.00193,916.57599
146.3,4.89175,"17,729.06",0.00763,0.00199,916.66614
146.39999,4.89504,"17,730.45",0.00759,0.00199,916.73828
146.5,4.89818,"17,728.21",0.00759,0.00198,916.62244
146.60001,4.90162,"17,729.35",0.0076,0.00207,916.68121
146.7,4.90506,"17,733.26",0.00759,0.0021,916.88348
146.8,4.9082,"17,731.87",0.00754,0.0025,916.81146
146.89999,4.91178,"17,733.46",0.00753,0.00252,916.89386
147,4.91515,"17,734.13",0.00753,0.0025,916.92841
147.10001,4.91821,"17,732.84",0.00752,0.00243,916.86194
147.2,4.92172,"17,733.88",0.00753,0.00246,916.91577
147.3,4.92501,"17,734.88",0.00754,0.00238,916.96710
147.39999,4.92822,"17,734.68",0.00756,0.00233,916.95667
147.5,4.93159,"17,733.93",0.00753,0.00224,916.91803
147.60001,4.93503,"17,736.01",0.00756,0.00222,917.02545
147.7,4.93839,"17,737.94",0.00759,0.00214,917.12531
147.8,4.9416,"17,736.03",0.0076,0.00196,917.02667
147.89999,4.94497,"17,736.87",0.0076,0.00194,917.07007
148,4.9484,"17,739.01",0.00761,0.00196,917.18097
148.10001,4.95147,"17,737.61",0.00759,0.00203,917.10815
148.2,4.95506,"17,739.39",0.00759,0.00204,917.20056
148.3,4.95842,"17,739.45",0.00758,0.00209,917.20331
148.39999,4.96163,"17,737.50",0.00755,0.00256,917.10260
148.5,4.96515,"17,739.43",0.00748,0.00253,917.20270
148.60001,4.96836,"17,739.25",0.00751,0.00247,917.19299
148.7,4.97165,"17,738.59",0.00752,0.00248,917.15918
148.8,4.97494,"17,736.94",0.00754,0.00242,917.07373
148.89999,4.9783,"17,738.10",0.00751,0.00235,917.13361
149,4.98166,"17,738.92",0.00755,0.00224,917.17615
149.10001,4.98495,"17,737.32",0.00756,0.00224,917.09332
149.2,4.98839,"17,737.22",0.00754,0.00217,917.08826
149.3,4.99175,"17,737.22",0.0076,0.00214,917.08838
149.39999,4.99489,"17,735.95",0.0076,0.00191,917.02240
149.5,4.99833,"17,737.08",0.0076,0.00196,917.08087
149.60001,5.00177,"17,737.38",0.00761,0.00194,917.09644
149.7,5.00491,"17,735.48",0.0076,0.00203,916.99829
149.8,5.00842,"17,737.36",0.00756,0.00204,917.09564
149.89999,5.01171,"17,736.51",0.00755,0.00219,917.05133
150,5.015,"17,736.94",0.00755,0.00255,917.07373
150.10001,5.01828,"17,734.93",0.0076,0.00253,916.96979
150.2,5.02165,"17,734.53",0.00761,0.00243,916.94891
150.3,5.02501,"17,734.55",0.00757,0.00236,916.95013
150.39999,5.02822,"17,732.51",0.00759,0.00234,916.84491
150.5,5.03174,"17,732.50",0.00759,0.00231,916.84418
150.60001,5.0351,"17,732.25",0.00755,0.00228,916.83105
150.7,5.03824,"17,728.45",0.00759,0.00222,916.63483
150.8,5.04175,"17,729.24",0.0076,0.00213,916.67542
150.89999,5.04504,"17,728.81",0.0076,0.00208,916.65332
151,5.04825,"17,725.01",0.0076,0.00194,916.45679
151.10001,5.05169,"17,725.10",0.00758,0.00192,916.46155
151.2,5.05505,"17,723.93",0.00759,0.00194,916.40118
151.3,5.05834,"17,722.57",0.0076,0.0021,916.33099
151.39999,5.06171,"17,720.86",0.00755,0.00208,916.24249
151.5,5.06507,"17,718.84",0.00755,0.00214,916.13800
151.60001,5.06828,"17,717.84",0.00754,0.00254,916.08600
151.7,5.07157,"17,714.36",0.00747,0.00254,915.90631
151.8,5.07501,"17,715.08",0.00749,0.00245,915.94360
151.89999,5.07837,"17,713.36",0.00751,0.00242,915.85455
152,5.08158,"17,709.67",0.0075,0.00232,915.66357
152.10001,5.08502,"17,710.25",0.00753,0.00225,915.69385
152.2,5.08839,"17,709.39",0.00758,0.00226,915.64923
152.3,5.0916,"17,705.29",0.00762,0.00216,915.43744
152.39999,5.09496,"17,704.08",0.00759,0.002,915.37457
152.5,5.0984,"17,703.37",0.00759,0.00196,915.33820
152.60001,5.10161,"17,701.68",0.00755,0.00193,915.25055
152.7,5.10505,"17,701.25",0.00758,0.00196,915.22852
152.8,5.10849,"17,699.75",0.00754,0.00197,915.15076
152.89999,5.11163,"17,698.83",0.00755,0.00197,915.10321
153,5.11492,"17,697.17",0.00753,0.00213,915.01740
153.10001,5.11843,"17,696.65",0.00751,0.00257,914.99054
153.2,5.12164,"17,695.43",0.0076,0.0025,914.92761
153.3,5.12493,"17,692.56",0.00744,0.00251,914.77917
153.39999,5.12845,"17,694.20",0.0075,0.00246,914.86365
153.5,5.13173,"17,693.95",0.00752,0.00239,914.85077
153.60001,5.13495,"17,690.97",0.00749,0.00228,914.69714
153.7,5.13831,"17,690.69",0.00748,0.00229,914.68219
153.8,5.14167,"17,689.92",0.00761,0.00222,914.64264
153.89999,5.14489,"17,687.77",0.00761,0.00213,914.53156
154,5.14833,"17,688.41",0.00756,0.00199,914.56476
154.10001,5.15184,"17,688.98",0.00753,0.00199,914.59424
154.2,5.1549,"17,686.23",0.00754,0.00196,914.45178
154.3,5.15834,"17,685.37",0.0076,0.00189,914.40741
154.39999,5.16178,"17,686.24",0.00761,0.00199,914.45227
154.5,5.16492,"17,684.75",0.00751,0.00209,914.37549
154.60001,5.16828,"17,682.82",0.0075,0.00229,914.27576
154.7,5.17172,"17,682.75",0.00759,0.0026,914.27197
154.8,5.17501,"17,682.82",0.00758,0.00246,914.27576
154.89999,5.1783,"17,680.98",0.0075,0.00241,914.18030
155,5.18173,"17,681.06",0.00751,0.00237,914.18445
155.10001,5.1851,"17,680.49",0.00759,0.00232,914.15527
155.2,5.18824,"17,678.54",0.00758,0.0022,914.05408
155.3,5.19167,"17,680.26",0.00756,0.00214,914.14294
155.39999,5.19519,"17,681.07",0.00754,0.00215,914.18488
155.5,5.19817,"17,677.82",0.00759,0.002,914.01709
155.60001,5.20169,"17,677.83",0.00752,0.00188,914.01764
155.7,5.20512,"17,677.98",0.00753,0.00187,914.02509
155.8,5.20819,"17,676.60",0.00753,0.00197,913.95410
155.89999,5.2117,"17,675.80",0.00757,0.00203,913.91241
156,5.21499,"17,675.95",0.00754,0.00203,913.92017
156.10001,5.21835,"17,674.63",0.00753,0.00215,913.85229
156.2,5.22164,"17,673.45",0.00753,0.00259,913.79089
156.3,5.22501,"17,673.41",0.00754,0.00253,913.78882
156.39999,5.22844,"17,672.72",0.00749,0.00241,913.75342
156.5,5.23151,"17,670.30",0.00751,0.00247,913.62830
156.60001,5.23495,"17,670.61",0.00753,0.00239,913.64417
156.7,5.23838,"17,670.76",0.00752,0.00232,913.65173
156.8,5.24152,"17,667.67",0.00757,0.00222,913.49200
156.89999,5.24503,"17,668.57",0.00759,0.00222,913.53876
157,5.24847,"17,669.24",0.0076,0.00217,913.57318
157.10001,5.25161,"17,667.50",0.00756,0.00198,913.48322
157.2,5.25505,"17,668.46",0.00759,0.00197,913.53308
157.3,5.25834,"17,666.24",0.00756,0.00195,913.41840
157.39999,5.26163,"17,666.48",0.00756,0.0019,913.43079
157.5,5.26499,"17,665.33",0.00755,0.00211,913.37109
157.60001,5.26835,"17,666.73",0.0075,0.0021,913.44360
157.7,5.27172,"17,666.70",0.00752,0.00256,913.44214
157.8,5.27493,"17,664.24",0.00753,0.00264,913.31470
157.89999,5.27837,"17,665.68",0.00756,0.00252,913.38922
158,5.28173,"17,667.26",0.00749,0.00246,913.47076
158.10001,5.28487,"17,664.04",0.00756,0.00238,913.30444
158.2,5.28831,"17,664.28",0.00755,0.00237,913.31708
158.3,5.29175,"17,664.53",0.00756,0.00228,913.32971
158.39999,5.29496,"17,663.83",0.00756,0.00226,913.29358
158.5,5.2984,"17,664.46",0.00753,0.00213,913.32617
158.60001,5.30168,"17,664.05",0.00758,0.00209,913.30499
158.7,5.30497,"17,663.72",0.00759,0.00198,913.28802
158.8,5.30826,"17,663.41",0.00758,0.00193,913.27173
158.89999,5.31163,"17,663.59",0.00759,0.00193,913.28125
159,5.31499,"17,664.88",0.00757,0.00202,913.34790
159.10001,5.3182,"17,662.04",0.00754,0.00207,913.20135
159.2,5.32171,"17,663.39",0.0075,0.00213,913.27106
159.3,5.32508,"17,663.63",0.00754,0.00263,913.28345
159.39999,5.32822,"17,660.46",0.00757,0.00257,913.11957
159.5,5.33165,"17,661.58",0.00755,0.00251,913.17712
159.60001,5.33502,"17,660.55",0.0075,0.00248,913.12402
159.7,5.33823,"17,659.72",0.00752,0.00246,913.08099
159.8,5.34174,"17,660.42",0.00755,0.00234,913.11713
159.89999,5.34511,"17,659.42",0.00757,0.00236,913.06543
160,5.34832,"17,658.34",0.00757,0.00222,913.00970
160.10001,5.35161,"17,656.89",0.00759,0.00218,912.93488
160.2,5.35497,"17,656.02",0.00755,0.00198,912.88983
160.3,5.35834,"17,656.88",0.00758,0.00204,912.93439
160.39999,5.36155,"17,653.59",0.00757,0.00198,912.76398
160.5,5.36506,"17,654.93",0.00757,0.00195,912.83337
160.60001,5.36843,"17,655.43",0.00756,0.00203,912.85925
160.7,5.37156,"17,652.37",0.00757,0.0021,912.70117
160.8,5.37508,"17,653.39",0.00755,0.00229,912.75378
160.89999,5.37837,"17,651.83",0.00754,0.00255,912.67310
161,5.38158,"17,650.38",0.00757,0.00249,912.59821
161.10001,5.38502,"17,651.28",0.00752,0.00245,912.64496
161.2,5.38846,"17,650.98",0.00758,0.00241,912.62927
161.3,5.39167,"17,649.65",0.00758,0.00237,912.56049
161.39999,5.39503,"17,648.64",0.00758,0.00231,912.50848
161.5,5.39847,"17,649.81",0.00758,0.00222,912.56879
161.60001,5.40161,"17,649.11",0.00755,0.0022,912.53247
161.7,5.40497,"17,647.46",0.00757,0.00197,912.44708
161.8,5.40841,"17,646.53",0.00755,0.00199,912.39917
161.89999,5.4117,"17,647.13",0.00757,0.00195,912.43036
162,5.41499,"17,644.84",0.00758,0.00193,912.31158
162.10001,5.41843,"17,644.97",0.00754,0.00205,912.31866
162.2,5.42171,"17,645.06",0.00753,0.00204,912.32312
162.3,5.42485,"17,641.08",0.00751,0.00204,912.11737
162.39999,5.42829,"17,641.91",0.00748,0.00263,912.16022
162.5,5.43173,"17,640.91",0.00753,0.00253,912.10858
162.60001,5.43494,"17,638.95",0.00757,0.00247,912.00714
162.7,5.4383,"17,637.40",0.00747,0.00245,911.92706
162.8,5.44174,"17,637.54",0.00754,0.00243,911.93439
162.89999,5.44496,"17,636.75",0.00755,0.0023,911.89349
163,5.44832,"17,635.89",0.00759,0.00229,911.84906
163.10001,5.45176,"17,636.24",0.00756,0.00223,911.86737
163.2,5.45497,"17,635.16",0.00755,0.0022,911.81128
163.3,5.45833,"17,634.22",0.00757,0.00202,911.76282
163.39999,5.46177,"17,635.59",0.00756,0.002,911.83350
163.46001,5.46379,"17,635.63",0.00755,0.00192,911.83533
